Joints,0,1,2,3,4,5,6,7,8,9,Min,Max,Step
left_shoulder,19,23,26,13,16,23,39,1,3,5,4.914526414069566,132.08406959209813,12.716954317802855
right_shoulder,29,26,24,15,15,26,29,1,2,1,0.0,173.68295446182975,17.368295446182977
left_elbow,13,8,20,9,10,9,58,19,8,14,0.0,179.8305783857117,17.98305783857117
right_elbow,19,22,13,11,14,19,23,10,15,22,0.0,180.0,18.0
left_hip,2,4,2,34,40,55,20,4,4,3,23.24158955583707,178.25465099160488,15.50130614357678
right_hip,4,2,7,2,14,83,51,1,3,1,14.941733254282957,165.13203764895232,15.019030439466936
left_knee,3,3,4,5,5,4,5,9,24,106,58.23104802891957,179.99997490428254,12.176892687536302
right_knee,1,1,0,3,4,8,6,16,37,92,14.355931540310197,179.87671310422928,16.552078156391907
