Joints,0,1,2,3,4,5,6,7,8,9,Min,Max,Step
left_shoulder,165,0,0,0,0,0,0,0,0,2,0.008694187165443954,20.72464280726519,2.0715948620099747
right_shoulder,163,2,0,0,0,0,0,0,0,2,0.010800960136824005,19.24170283740063,1.9230901877263809
left_elbow,150,2,4,4,2,0,0,1,1,3,0.026925884394183187,54.003796880537564,5.3976870996143385
right_elbow,163,2,0,0,0,0,0,0,0,2,0.013270614661665864,41.981918223979065,4.19686476093174
left_hip,30,37,46,16,19,11,5,0,1,2,0.04339410345830027,2.333758170658743,0.22903640672004424
right_hip,26,24,32,20,30,15,10,6,2,2,0.03351465453341213,1.9892202729239816,0.19557056183905694
left_knee,161,4,0,0,0,0,0,0,0,2,0.0425678647654276,24.679599910975924,2.4637032046210496
right_knee,164,1,0,0,0,0,0,0,0,2,0.0444821973527001,23.237497989211906,2.319301579185921
