Joints,0,1,2,3,4,5,6,7,8,9,Min,Max,Step
left_shoulder,3,1,0,3,20,58,8,5,0,3,-176.9246306318205,159.90481072895582,33.68294413607762
right_shoulder,2,3,1,11,29,38,11,1,1,4,-150.26284769362894,148.448110639526,29.871095833315493
left_elbow,6,3,4,10,18,35,11,5,5,4,-166.4660340680147,162.2954411283862,32.876147519640085
right_elbow,7,8,4,11,35,12,6,10,2,6,-156.6825729995112,176.8102696682943,33.34928426678054
left_hip,1,1,8,2,20,43,12,7,5,2,-139.55141235340818,115.20669545521092,25.475810780861906
right_hip,1,1,10,4,23,39,8,9,3,3,-110.72244460167843,99.29136724011197,21.00138118417904
left_knee,4,6,6,9,20,30,11,7,3,5,-177.45202079025032,176.44318344392826,35.38952042341785
right_knee,3,5,8,11,20,29,5,13,4,3,-171.8829684750472,170.5252972339606,34.24082657090079
