Joints,0,1,2,3,4,5,6,7,8,9,Min,Max,Step
left_shoulder,47,29,12,3,3,2,0,3,0,2,0.0,176.15369761673387,17.615369761673385
right_shoulder,26,35,11,10,6,2,3,4,3,1,0.0,121.11811336170656,12.111811336170657
left_elbow,8,7,6,4,9,8,4,9,23,23,0.6306486345064873,179.11737852317722,17.848672988867072
right_elbow,5,10,7,5,4,5,15,12,13,25,0.0,178.6704578529451,17.86704578529451
left_hip,6,5,1,5,21,28,16,9,7,3,3.675040462485036,180.0,17.632495953751494
right_hip,6,1,6,5,10,31,11,10,10,11,0.0,173.37808719599198,17.3378087195992
left_knee,6,9,4,7,10,7,5,5,18,30,0.0,179.50791866544304,17.950791866544304
right_knee,11,8,5,6,8,10,6,15,5,27,0.0,180.0,18.0
