Joints,0,1,2,3,4,5,6,7,8,9,Min,Max,Step
left_shoulder,31,39,17,5,3,1,0,1,0,4,0.0,174.9077086968148,17.49077086968148
right_shoulder,51,27,13,1,3,1,2,0,0,3,0.0,179.02723226531182,17.902723226531183
left_elbow,9,7,11,8,6,3,11,11,16,19,0.0,178.78014608154916,17.878014608154917
right_elbow,12,5,6,7,7,8,10,14,14,18,0.0,179.17733348918392,17.917733348918393
left_hip,11,6,6,10,19,26,12,2,4,5,0.0,180.0,18.0
right_hip,5,5,5,6,18,23,8,17,5,9,0.0,180.0,18.0
left_knee,15,3,9,3,15,9,5,8,5,29,0.0,180.0,18.0
right_knee,16,7,7,7,8,6,4,8,16,22,0.0,179.87658895475445,17.987658895475445
