Joints,0,1,2,3,4,5,6,7,8,9,Min,Max,Step
left_shoulder,44,32,11,5,3,3,1,1,0,1,0.0,180.0,18.0
right_shoulder,43,24,15,5,5,4,2,1,0,2,0.0,150.3000792684609,15.03000792684609
left_elbow,8,9,5,3,6,10,6,10,17,27,0.0,176.43033572258278,17.64303357225828
right_elbow,14,4,8,5,3,3,11,13,16,24,0.0,179.9999711985816,17.999997119858158
left_hip,8,5,2,2,14,28,22,8,6,6,0.0,180.0,18.0
right_hip,5,6,5,12,11,23,14,9,10,6,0.05307529719465191,180.0,17.994692470280533
left_knee,13,9,6,3,15,6,6,5,14,24,0.0,180.0,18.0
right_knee,13,7,7,10,8,12,4,4,14,22,0.0,178.7256198021356,17.87256198021356
