Joints,0,1,2,3,4,5,6,7,8,9,Min,Max,Step
left_shoulder,50,11,19,6,2,1,2,3,0,6,0.0,230.8561401410587,23.085614014105868
right_shoulder,51,4,10,19,6,1,1,1,4,3,0.0,167.5434549091852,16.754345490918517
left_elbow,54,11,9,11,1,0,4,4,1,5,0.0,233.8263675859936,23.38263675859936
right_elbow,37,16,11,9,10,7,1,3,5,1,0.0,167.31716051742367,16.731716051742367
left_hip,48,22,10,4,2,0,1,4,4,5,0.0,233.51295176492062,23.351295176492062
right_hip,36,21,10,7,7,9,2,4,0,4,0.0,130.70126895340584,13.070126895340584
left_knee,43,17,13,7,4,2,0,5,5,4,0.0,226.6855690044462,22.66855690044462
right_knee,34,12,13,13,14,6,7,0,0,1,0.0,181.57889183482925,18.157889183482926
