Joints,0,1,2,3,4,5,6,7,8,9,Min,Max,Step
left_shoulder,59,14,17,0,0,0,1,1,6,2,0.0,234.71792453933543,23.471792453933542
right_shoulder,61,8,6,14,1,0,2,4,3,1,0.0,172.66832299884976,17.266832299884975
left_elbow,57,7,16,9,1,0,0,1,6,3,0.0,208.86425120261475,20.886425120261475
right_elbow,51,9,5,16,6,6,0,2,3,2,0.0,154.34412437741818,15.434412437741818
left_hip,61,14,9,3,3,0,0,3,6,1,0.0,235.85409867748203,23.585409867748204
right_hip,52,12,14,3,3,7,5,3,0,1,0.0,140.89176510308002,14.089176510308002
left_knee,52,15,13,5,5,0,0,0,4,6,0.0,230.3358227921701,23.033582279217008
right_knee,35,16,9,10,5,10,3,5,3,4,0.0,128.33838126221443,12.833838126221442
