Joints,0,1,2,3,4,5,6,7,8,9,Min,Max,Step
left_shoulder,3,2,13,27,108,68,18,9,6,1,-98.7363200313903,104.01272947040005,20.274904950179035
right_shoulder,2,1,8,15,80,123,14,8,2,2,-165.15081440528468,159.89726571951962,32.504808012480424
left_elbow,7,5,14,27,39,95,37,15,7,9,-168.49071083774444,157.98216460575117,32.64728754434955
right_elbow,7,7,16,22,54,88,23,18,8,12,-166.19146250747033,157.0947323061049,32.32861948135752
left_hip,2,2,6,12,179,43,7,2,1,1,-111.7668383032922,126.73115879707925,23.849799710037146
right_hip,1,1,12,19,117,82,12,8,0,3,-90.97596663072237,95.99300698392149,18.696897361464394
left_knee,2,2,4,18,66,139,14,4,3,3,-130.7981907288787,126.07613437699499,25.68743251058737
right_knee,1,2,0,2,16,126,92,10,4,2,-157.70712611077897,109.45472597575848,26.71618520865374
