Joints,0,1,2,3,4,5,6,7,8,9,Min,Max,Step
left_shoulder,5,5,23,58,115,27,15,4,2,1,-102.65110856381723,138.99338238356628,24.164449094738345
right_shoulder,2,0,6,13,44,140,30,11,6,3,-165.20912806705087,140.20390770985983,30.54130357769108
left_elbow,7,12,17,30,50,78,26,18,8,9,-156.93096688883156,155.38086183360588,31.23118287224375
right_elbow,10,6,20,25,77,63,23,13,10,8,-157.24207036892162,161.82039534124831,31.906246571016993
left_hip,1,0,4,6,19,154,56,8,3,4,-127.7261814438591,94.30642542502632,22.20326068688854
right_hip,2,2,12,24,114,76,12,10,0,3,-100.03150656965313,107.32606054640513,20.735756711605816
left_knee,3,3,5,17,71,125,16,7,6,2,-128.37112668037233,123.48505178554005,25.185617846591242
right_knee,1,0,1,4,9,43,167,19,8,3,-165.659086967741,98.12308069935757,26.37821676670987
