Joints,0,1,2,3,4,5,6,7,8,9,Min,Max,Step
left_shoulder,2,4,19,80,112,26,9,1,1,1,-113.76375855126976,158.8080490701174,27.257180762138717
right_shoulder,2,1,5,16,37,150,29,7,6,2,-167.84602198023285,146.68975901924668,31.453578099947947
left_elbow,10,16,14,32,79,53,19,13,10,9,-154.3897804938556,169.52017072364148,32.39099512174971
right_elbow,8,16,12,32,68,61,22,20,9,7,-148.36201357115826,154.6096692763434,30.29716828475017
left_hip,1,3,6,4,47,139,37,12,3,3,-87.26808133818578,73.64605751758886,16.091413885577467
right_hip,3,4,9,14,70,113,26,7,5,4,-74.87211312777431,70.14888756257179,14.502100069034611
left_knee,2,0,6,15,44,152,22,7,5,2,-138.94043146241526,126.65720076099596,26.559763222341118
right_knee,1,3,4,22,132,75,13,3,1,1,-137.3160929478835,145.5932472080973,28.290934015598083
