Joints,0,1,2,3,4,5,6,7,8,9,Min,Max,Step
left_shoulder,61,80,42,33,29,3,4,0,1,2,0.0,178.782523316409,17.8782523316409
right_shoulder,69,68,43,27,20,13,3,6,5,1,1.909095910416423e-06,170.14644780563808,17.014644589654218
left_elbow,19,21,16,16,19,23,23,23,38,57,1.3575698857503462,180.0,17.864243011424968
right_elbow,14,21,14,23,26,29,25,25,34,44,0.0,179.62980822166432,17.962980822166433
left_hip,1,1,5,21,70,102,36,6,7,6,0.0,177.75004338322103,17.775004338322102
right_hip,4,0,0,8,34,63,58,51,26,11,0.0,143.86523401523337,14.386523401523338
left_knee,3,1,11,2,4,20,15,49,62,88,41.16895936424999,180.0,13.883104063574997
right_knee,2,2,2,1,3,7,29,50,69,90,0.0,179.63797516916136,17.963797516916138
