Joints,0,1,2,3,4,5,6,7,8,9,Min,Max,Step
left_shoulder,48,72,44,25,32,25,5,3,0,1,0.0,147.24143531638813,14.724143531638813
right_shoulder,65,76,43,30,25,7,3,2,2,2,0.5427003255215782,179.29084470659262,17.874814438107105
left_elbow,15,17,21,17,21,27,20,24,37,56,0.0,179.9999991462264,17.99999991462264
right_elbow,12,15,13,29,18,38,22,25,33,50,0.6860694707043395,180.0,17.931393052929565
left_hip,2,6,26,69,91,35,10,4,6,6,30.959226285200483,177.13382735338266,14.617460106818218
right_hip,1,2,13,45,67,71,37,14,4,1,16.212230109747935,168.38809306001775,15.217586295026983
left_knee,3,2,5,5,3,14,21,50,69,83,32.07312351048584,180.0,14.792687648951414
right_knee,2,4,0,1,4,19,43,40,70,72,28.657435864225718,180.0,15.134256413577432
