Joints,0,1,2,3,4,5,6,7,8,9,Min,Max,Step
left_shoulder,39,54,42,31,25,31,25,3,3,2,0.2078579530152331,121.42085048907194,12.12129925360567
right_shoulder,72,62,48,32,20,10,4,3,3,1,0.6203070878800941,170.15996555656324,16.953965846868314
left_elbow,18,17,19,13,26,23,17,28,41,53,0.0,180.0,18.0
right_elbow,15,14,12,24,25,38,20,21,33,53,0.0,179.6326037998576,17.963260379985762
left_hip,11,27,40,94,40,21,5,5,8,4,48.01444535013083,176.97349521892983,12.895904986879899
right_hip,2,1,15,59,68,74,24,11,0,1,12.029263304684171,180.0,16.79707366953158
left_knee,5,2,8,6,3,10,15,44,70,92,32.461075422062414,180.0,14.75389245779376
right_knee,2,4,3,1,2,7,27,46,71,92,0.0,179.99999532368915,17.999999532368914
