Joints,0,1,2,3,4,5,6,7,8,9,Min,Max,Step
left_shoulder,60,74,44,36,30,5,4,1,0,1,0.0,169.14302025555332,16.914302025555333
right_shoulder,75,68,47,21,21,11,2,2,7,1,0.6456319959139483,170.15486987867675,16.950923788276278
left_elbow,16,18,19,16,24,21,17,29,38,57,0.0,179.99998176838398,17.999998176838396
right_elbow,12,20,12,22,17,29,29,23,33,58,1.5186386294138188,179.63064890065232,17.81120102712385
left_hip,6,5,28,52,100,32,14,6,2,10,35.18467998011528,168.68846767193966,13.350378769182441
right_hip,2,1,11,41,63,65,49,17,4,2,11.004752331608213,168.3827835093315,15.737803117772327
left_knee,3,1,8,1,3,22,21,53,59,84,42.84964283450806,180.0,13.715035716549195
right_knee,2,1,2,3,2,5,30,52,69,89,0.0,179.7524196184617,17.97524196184617
