Joints,0,1,2,3,4,5,6,7,8,9,Min,Max,Step
left_shoulder,58,79,44,25,37,6,2,2,1,1,0.15414992692811805,169.15225302870002,16.89981031017719
right_shoulder,68,70,50,21,19,13,3,3,5,3,0.9989213071715176,170.1466897630284,16.91477684558569
left_elbow,17,19,23,13,23,22,18,23,36,61,1.888216316716265,179.99998290319604,17.811176658647977
right_elbow,18,14,11,21,26,32,25,30,34,44,2.7729518876773924,179.88332904450127,17.711037715682387
left_hip,1,0,4,21,69,107,31,8,7,7,0.0,177.74969994785675,17.774969994785675
right_hip,3,1,1,25,74,60,61,24,5,1,0.0,168.39658485534574,16.839658485534574
left_knee,1,3,2,8,2,15,19,42,69,94,25.12802809587912,180.0,15.487197190412086
right_knee,2,2,2,3,2,10,29,45,77,83,0.0,180.0,18.0
