Joints,0,1,2,3,4,5,6,7,8,9,Min,Max,Step
left_shoulder,45,56,45,34,22,29,19,3,0,2,0.20816003298338,126.64588959386923,12.643772956088585
right_shoulder,67,70,43,34,19,14,2,1,4,1,0.2276275872969351,170.15511760849319,16.992749002119627
left_elbow,14,20,16,15,22,28,24,19,40,57,2.145315903103904,179.99999692167538,17.78546810185715
right_elbow,6,24,18,20,25,31,25,22,35,49,0.0,179.8837360867326,17.98837360867326
left_hip,3,6,22,60,100,33,14,6,5,6,30.507909755996447,173.9915745659605,14.348366480996408
right_hip,3,0,0,10,35,62,59,47,25,14,4.1834257317151735,141.89692941421572,13.771350368250056
left_knee,4,1,10,1,4,18,20,52,60,85,40.0215973736899,180.0,13.997840262631009
right_knee,3,3,2,0,1,10,31,47,70,88,0.0,180.0,18.0
