Joints,0,1,2,3,4,5,6,7,8,9,Min,Max,Step
left_shoulder,164,18,12,8,22,26,0,1,0,3,0.10988620148096596,177.52502929799428,17.74151430965133
right_shoulder,164,11,9,10,25,32,0,0,2,1,0.31806234423614743,188.48873121721425,18.81706688729781
left_elbow,154,25,20,25,18,8,0,1,0,3,0.2958574339418548,190.42997539115024,19.013411795720838
right_elbow,135,20,14,17,20,15,13,10,8,2,0.15039272121108002,150.22744961290311,15.007705689169203
left_hip,169,11,16,8,16,28,2,1,0,3,0.2362081074194217,184.2091108970212,18.397290278960178
right_hip,164,13,10,7,19,37,1,0,2,1,0.03924465919884455,179.1335717740951,17.90943271148962
left_knee,170,18,6,20,23,11,1,2,0,3,0.12029389843912068,198.6234036824576,19.850310978401847
right_knee,161,11,12,22,31,10,4,0,0,3,0.1679470039862233,193.45469110463745,19.328674410065123
