Joints,0,1,2,3,4,5,6,7,8,9,Min,Max,Step
left_shoulder,168,20,6,11,7,16,23,1,1,1,0.34722743559543684,151.8118522802166,15.146462484462116
right_shoulder,171,9,7,5,7,20,24,8,2,1,0.18694264366305036,148.41918073866898,14.823223809500593
left_elbow,157,20,12,23,17,18,5,0,1,1,0.5312518559035148,170.59728595910912,17.006603410320558
right_elbow,139,19,19,10,12,17,18,12,6,2,0.11470062821145548,139.35800066458154,13.924330003637007
left_hip,176,12,2,12,14,10,26,0,1,1,0.4040904347328952,158.32432135987247,15.79202309251396
right_hip,172,12,5,6,6,16,28,7,1,1,0.07531957955456843,146.9373645791243,14.686204499956975
left_knee,170,24,5,16,11,20,4,2,1,1,0.3111604426245081,175.23675545794305,17.492559501531854
right_knee,171,11,7,18,21,20,2,0,1,3,0.4216666107062748,173.1101809796583,17.268851436895204
