Joints,0,1,2,3,4,5,6,7,8,9,Min,Max,Step
left_shoulder,170,21,10,8,15,24,2,1,1,2,0.19123550628340272,167.51001655430397,16.731878104802057
right_shoulder,170,12,9,7,19,28,7,0,0,2,0.35770936904995937,171.83600135158193,17.1478291982532
left_elbow,155,27,16,27,16,7,2,3,0,1,0.2791358497739934,174.78402576760303,17.450488991782905
right_elbow,144,18,17,20,24,17,8,4,1,1,0.3805733306529884,167.33702021575903,16.695644688510605
left_hip,172,18,8,9,14,15,13,1,1,3,0.2514790536745089,162.4510595846999,16.219958053102538
right_hip,173,14,7,7,18,27,4,2,0,2,0.4353868295757219,174.2668470730965,17.38314602435208
left_knee,168,28,9,11,16,15,3,0,0,4,0.38690896072097947,176.77521524129153,17.638830628057057
right_knee,171,13,17,21,20,8,1,1,0,2,0.07380844723125934,204.4626716149173,20.438886316768603
