Joints,0,1,2,3,4,5,6,7,8,9,Min,Max,Step
left_shoulder,195,4,12,10,3,4,4,2,8,12,0.21883356904072085,98.23490742819638,9.801607385915565
right_shoulder,195,3,9,7,4,6,6,2,8,14,0.1600627919057314,107.65300841623699,10.749294562433125
left_elbow,169,28,14,2,9,9,10,8,4,1,0.09237571623778823,111.71445508997986,11.162207937374209
right_elbow,176,19,7,5,10,7,9,11,5,5,0.4044165310383177,125.30400405248665,12.489958752144833
left_hip,196,9,10,1,7,5,3,5,4,14,0.2366552773169732,101.90415535528234,10.166750007796537
right_hip,197,6,9,1,8,4,3,7,7,12,0.15095683164147794,106.38755448279608,10.623659765115459
left_knee,192,18,10,6,2,4,6,8,5,3,0.15422286619503425,113.86353685608564,11.370931398989061
right_knee,188,14,6,3,5,6,10,5,10,7,0.15543157094622964,100.83557982908981,10.068014825814357
