Joints,0,1,2,3,4,5,6,7,8,9,Min,Max,Step
left_shoulder,162,20,8,14,37,10,1,0,0,2,0.12100377436568595,189.4406909756707,18.931968720130502
right_shoulder,152,16,7,9,13,21,32,2,0,2,0.4745991729912384,155.5281004850941,15.505350131210283
left_elbow,152,17,26,33,20,4,0,0,0,2,0.6620385250669836,201.295972491299,20.063393396623205
right_elbow,131,17,18,9,15,19,17,14,10,4,0.34093656886654994,137.99907916306208,13.765814259419553
left_hip,167,11,11,7,20,34,2,0,0,2,0.10806151278682197,178.8352487698666,17.872718725707976
right_hip,163,12,10,5,20,36,6,0,0,2,0.3375211888861095,173.41027082608113,17.3072749637195
left_knee,164,19,8,22,25,13,1,0,0,2,0.33902882182672445,196.37031013948697,19.603128131766024
right_knee,159,14,9,21,33,14,2,0,0,2,0.009824672640142182,187.0921317601506,18.708230708751046
