Joints,0,1,2,3,4,5,6,7,8,9,Min,Max,Step
left_shoulder,168,18,10,9,4,12,27,1,0,5,0.20070314544144552,139.7907285658011,13.959002542035964
right_shoulder,175,11,8,6,18,29,5,0,0,2,0.3096085230180368,176.493862959643,17.618425443662495
left_elbow,154,28,8,16,14,14,10,5,1,4,0.3800765267008464,143.33255697495346,14.295248044825263
right_elbow,154,17,11,15,10,20,14,9,2,2,0.3581412169311499,160.78322889460242,16.042508767767124
left_hip,176,15,2,12,6,10,22,7,0,4,0.3462924574402107,145.2541345689464,14.49078421115062
right_hip,174,15,6,6,14,17,18,2,0,2,0.2873561518903903,161.8353985867881,16.15480424348977
left_knee,172,23,7,10,17,15,6,0,0,4,0.05093761644924199,172.30268853967038,17.225175092322115
right_knee,175,13,15,19,26,2,0,2,0,2,0.3825266318700594,207.50085619364162,20.711832956177155
