Joints,0,1,2,3,4,5,6,7,8,9,Min,Max,Step
left_shoulder,174,7,13,5,7,2,9,13,21,3,0.1530180247231713,115.31434993078327,11.51613319060601
right_shoulder,175,11,9,7,17,32,1,1,0,1,0.401323587887358,183.6235729998447,18.322224941195735
left_elbow,149,26,10,8,11,15,20,8,5,2,0.3190537738692625,125.76248538305363,12.544343160918437
right_elbow,152,27,20,15,24,14,1,0,0,1,0.6904274646731345,210.0416598483657,20.935123238369258
left_hip,175,11,7,6,9,6,9,23,5,3,0.1456039364428392,126.8432779850785,12.669767404863567
right_hip,174,15,7,4,14,21,17,0,0,2,0.1753533302251699,164.19465653227462,16.401930320204947
left_knee,168,21,12,4,12,14,18,3,0,2,0.1693369003082082,148.42522860663962,14.825589170633142
right_knee,179,8,18,29,17,1,0,0,1,1,0.13893273576431894,215.50361413069572,21.53646813949314
