Joints,0,1,2,3,4,5,6,7,8,9,Min,Max,Step
left_shoulder,3,8,6,13,87,27,9,7,6,2,-127.8789321652166,141.69000658985746,26.956893875507404
right_shoulder,2,0,0,8,55,90,9,2,1,1,-157.197565886521,151.5829905815422,30.878055646806317
left_elbow,8,11,7,14,62,29,8,10,9,10,-161.6427445318115,166.80362351284631,32.84463680446578
right_elbow,5,4,15,7,28,70,18,9,6,6,-175.4218036266575,165.24535921699416,34.06671628436516
left_hip,1,2,3,7,28,102,14,8,1,2,-100.55997432289055,86.87006120004412,18.74300355229346
right_hip,1,3,5,18,105,27,5,2,1,1,-81.21264774752389,98.24684991085884,17.94594976583827
left_knee,2,1,1,1,23,129,7,1,1,2,-157.71151902145164,145.4235953452343,30.31351143666859
right_knee,2,0,2,2,38,112,7,1,3,1,-102.92366420390957,95.1991943258477,19.81228585297572
