Joints,0,1,2,3,4,5,6,7,8,9,Min,Max,Step
left_shoulder,2,7,12,26,83,23,3,8,2,2,-109.0064406953821,135.71556029491254,24.472200099029465
right_shoulder,1,2,2,9,25,94,25,4,3,3,-123.03220144451241,104.01616664580278,22.70483680903152
left_elbow,6,7,15,11,58,32,11,12,10,6,-165.3432497101309,168.84390684874091,33.41871565588718
right_elbow,5,4,12,10,36,66,18,9,3,5,-175.10093195320468,171.8781479772122,34.697907993041696
left_hip,1,0,3,4,9,93,46,6,4,2,-126.55402369626177,90.95066025029499,21.750468394655684
right_hip,2,1,2,7,6,58,75,6,5,6,-93.36835528656336,62.27660292072434,15.564495820728766
left_knee,1,1,1,3,15,134,7,3,1,2,-146.2292801977759,126.8482369088798,27.30775171066557
right_knee,1,2,0,4,5,110,36,6,3,1,-146.32871557586324,104.95680432269647,25.128551989855964
