Joints,0,1,2,3,4,5,6,7,8,9,Min,Max,Step
left_shoulder,4,6,15,25,81,17,10,5,3,2,-89.06931536350656,114.97752012733558,20.40468354908421
right_shoulder,1,1,2,8,33,96,20,4,1,2,-117.05800573583448,104.55487286420026,22.161287860003483
left_elbow,9,4,15,12,69,22,10,11,9,7,-158.15623677888917,167.47320890169232,32.56294456805816
right_elbow,4,5,11,8,33,72,14,11,5,5,-175.10164071769265,165.58867966719254,34.0690320384885
left_hip,1,2,2,5,20,117,10,6,4,1,-111.96182538503963,96.52295732248643,20.848478270752608
right_hip,4,4,6,30,110,6,4,0,3,1,-82.37938073710725,112.785820249584,19.516520098669126
left_knee,1,0,3,4,27,122,6,3,0,2,-149.48305181000737,138.32322327212466,28.7806275082132
right_knee,1,4,0,2,10,130,14,2,2,3,-129.08662688095603,106.83255731047994,23.591918419143596
