Joints,0,1,2,3,4,5,6,7,8,9,Min,Max,Step
left_shoulder,1,4,5,9,26,97,11,9,3,3,-163.6266149435052,148.99364564624602,31.262026058975124
right_shoulder,1,0,2,9,36,97,17,4,1,1,-114.52890873497849,103.74071237230585,21.82696211072843
left_elbow,12,7,9,16,61,24,14,8,6,11,-155.57453140534255,165.77604570671932,32.13505771120619
right_elbow,6,7,8,9,35,66,19,9,4,5,-176.2805917287224,172.3048864249405,34.85854781536631
left_hip,1,2,1,4,51,96,5,6,1,1,-89.00753543112316,82.6618236395848,17.166935907070794
right_hip,1,3,3,12,96,44,3,4,1,1,-90.0,100.1692708277528,19.016927082775283
left_knee,1,2,1,4,86,65,6,1,1,1,-108.95497725188095,109.36590034842597,21.83208776003069
right_knee,1,2,3,1,42,105,8,4,0,2,-101.56252411391098,94.65702976564761,19.62195538795585
