Joints,0,1,2,3,4,5,6,7,8,9,Min,Max,Step
left_shoulder,2,5,4,14,68,54,9,7,4,1,-144.07282177460038,147.79381285201686,29.186663462661727
right_shoulder,2,1,1,8,42,92,15,2,3,2,-141.1679369124271,130.90582588070234,27.20737627931294
left_elbow,4,5,10,19,66,29,15,12,3,5,-158.02743413410224,168.4028276811065,32.64302618152087
right_elbow,5,5,12,7,33,68,15,11,5,7,-174.15518518286237,163.97784554500456,33.81330307278668
left_hip,2,1,2,4,15,100,29,10,3,2,-88.86411017184824,68.71530406827844,15.757941424012671
right_hip,3,4,10,91,50,5,3,1,0,1,-90.0,142.8280062834493,23.28280062834493
left_knee,2,0,3,6,116,34,3,1,1,2,-130.91003974770157,139.31358821512964,27.02236279628312
right_knee,1,6,3,12,127,12,2,2,0,3,-84.21573950860613,103.93693088116804,18.815267038977424
