Joints,0,1,2,3,4,5,6,7,8,9,Min,Max,Step
left_shoulder,20,33,35,29,18,7,8,9,4,5,0.0,171.1983330747305,17.11983330747305
right_shoulder,23,57,29,12,7,5,15,16,3,1,0.9437194818973026,159.45509822103185,15.851137873913457
left_elbow,14,25,14,13,11,19,14,24,12,22,0.0,179.25121819570282,17.925121819570283
right_elbow,31,7,14,22,19,23,9,9,15,19,1.2074182697257331e-06,179.29208014072927,17.9292078933311
left_hip,4,7,15,30,76,16,13,3,2,2,33.32058932790687,175.5807195714402,14.226013024353335
right_hip,4,8,31,45,44,21,8,2,0,5,44.438008597830105,172.37938073710723,12.794137213927712
left_knee,2,1,1,2,0,5,5,19,41,92,0.0,179.78005633637108,17.978005633637107
right_knee,1,2,3,2,0,4,15,18,38,85,48.517298897013035,180.0,13.148270110298697
