Joints,0,1,2,3,4,5,6,7,8,9,Min,Max,Step
left_shoulder,22,34,28,26,24,13,7,5,3,6,0.0,179.52871489465718,17.952871489465718
right_shoulder,25,54,29,13,8,6,8,20,2,3,1.2667979863295329,155.98307857235628,15.471628058602676
left_elbow,17,13,9,15,17,20,23,19,15,20,2.694943872588813,179.99992195556143,17.73049780829726
right_elbow,26,9,14,15,23,24,8,13,15,21,7.244509618354405e-06,178.34654121850483,17.83465339739952
left_hip,2,9,11,9,53,49,17,10,3,5,38.391550012480494,150.18460073487753,11.1793050722397
right_hip,1,0,2,16,53,69,19,4,3,1,2.6060140373187606,180.0,17.739398596268124
left_knee,2,1,2,0,2,2,8,23,39,89,23.913343984989567,179.6316253027341,15.571828131774453
right_knee,1,0,2,0,1,3,15,17,38,91,43.67129242210702,180.0,13.632870757789298
