Joints,0,1,2,3,4,5,6,7,8,9,Min,Max,Step
left_shoulder,27,31,33,27,21,10,7,3,4,5,3.4088250200365504,173.97788155604198,17.056905653600545
right_shoulder,28,51,28,13,7,6,10,18,5,2,1.8431270107927669,156.02342874332183,15.418030173252909
left_elbow,19,17,13,16,13,11,15,24,20,20,2.9995783627244714,179.19946476784764,17.619988640512318
right_elbow,26,6,14,19,25,30,4,11,18,15,4.0326685686829574e-05,179.99992305135586,17.999988272467018
left_hip,5,16,12,69,44,14,5,2,0,1,41.24268942089449,180.0,13.87573105791055
right_hip,2,7,21,48,54,26,6,2,1,1,36.05377664030973,176.44605854004595,14.03922818997362
left_knee,1,1,1,2,0,3,4,21,43,92,7.955205681257397,180.0,17.20447943187426
right_knee,1,0,0,0,2,1,9,22,32,101,6.975405779142744,179.89524281507653,17.29198370359338
