Joints,0,1,2,3,4,5,6,7,8,9,Min,Max,Step
left_shoulder,25,38,25,26,20,12,8,6,4,4,4.591881464680885,177.4310612965803,17.283917983189944
right_shoulder,33,54,25,11,5,7,22,8,2,1,1.7606180590922045,170.17390927974182,16.841329122064963
left_elbow,16,16,14,15,14,14,20,23,19,17,1.2541596728650015,179.75376448039955,17.849960480753456
right_elbow,23,10,11,17,20,23,12,11,20,21,9.734517300533534e-06,179.46000100946858,17.945999127495128
left_hip,1,11,17,35,77,16,9,1,0,1,33.18641297166702,180.0,14.6813587028333
right_hip,2,7,35,49,49,18,5,2,0,1,40.21762438964878,180.0,13.978237561035122
left_knee,1,1,1,2,2,1,8,27,36,89,23.02268483695136,180.0,15.697731516304867
right_knee,1,0,1,1,0,0,12,18,36,99,27.60733509363977,180.0,15.23926649063602
