Joints,0,1,2,3,4,5,6,7,8,9,Min,Max,Step
left_shoulder,28,33,27,24,22,13,8,4,5,4,3.0783935635431194,178.0596580135469,17.498126445000377
right_shoulder,26,54,26,11,11,6,9,21,2,2,3.294032451999534,155.8062332491355,15.251220079713594
left_elbow,15,17,11,22,13,11,17,27,16,19,2.6224743071388343,177.2010167010875,17.457854239394866
right_elbow,25,10,14,19,22,22,6,13,18,19,2.937775443794112e-05,179.83301728579482,17.98329879080404
left_hip,3,11,17,30,75,21,6,3,0,2,34.48362599024976,177.27411685397055,14.279049086372076
right_hip,3,7,31,48,50,20,6,2,0,1,39.438080931730624,176.42175234334223,13.698367141161164
left_knee,2,1,0,0,2,1,7,23,43,89,20.37189548689345,179.94264619715236,15.95707507102589
right_knee,2,0,0,2,0,1,4,22,34,103,4.341072578963322,180.0,17.56589274210367
