Joints,0,1,2,3,4,5,6,7,8,9,Min,Max,Step
left_shoulder,22,34,33,26,18,15,5,7,4,4,0.0,174.1854867124946,17.41854867124946
right_shoulder,29,52,26,11,5,9,5,18,10,3,0.92920349453643,148.88149549789262,14.795229200335617
left_elbow,21,9,16,15,15,16,14,25,14,23,0.4977311602651616,178.7690165634842,17.8271285403219
right_elbow,25,9,17,7,28,21,11,15,16,19,2.936534567099348e-05,179.99998491935062,17.999995555400496
left_hip,3,12,11,61,57,13,6,2,0,3,37.096027282736245,180.0,14.290397271726377
right_hip,11,21,39,55,28,6,4,1,2,1,55.749435586407614,180.0,12.425056441359246
left_knee,2,2,0,3,0,5,17,22,31,86,51.253429581135464,179.75099755708118,12.849756797594566
right_knee,1,0,2,1,0,3,18,20,34,89,45.25299723615882,180.0,13.47470027638412
