Joints,0,1,2,3,4,5,6,7,8,9,Min,Max,Step
left_shoulder,26,28,34,25,17,9,14,6,2,7,3.3019466429597784,171.96933386616615,16.866738722320637
right_shoulder,34,54,24,9,9,9,23,3,2,1,2.003657551805464,177.091295488249,17.508763793644352
left_elbow,18,13,16,16,11,15,18,20,20,21,3.2799123110986943,179.7352865290337,17.6455374217935
right_elbow,21,11,19,13,28,17,6,12,19,22,1.2605816820395112e-05,179.7371327032573,17.973712009744048
left_hip,7,14,16,57,49,14,7,2,1,1,42.304332019553144,171.86921980399487,12.956488778444175
right_hip,1,0,5,10,29,37,48,26,8,4,27.006754329217557,138.56647145572063,11.155971712650306
left_knee,1,2,1,0,2,1,4,19,44,94,2.342859075413139,180.0,17.765714092458687
right_knee,2,0,0,1,2,8,18,21,33,83,63.823791184620504,180.0,11.617620881537945
