Joints,0,1,2,3,4,5,6,7,8,9,Min,Max,Step
left_shoulder,130,16,4,3,4,0,0,1,5,4,0.22039050826783246,208.8542351942524,20.863384468598458
right_shoulder,127,15,9,2,3,1,4,2,1,3,0.4779888769931944,219.5384302799356,21.906044140294238
left_elbow,115,19,12,5,4,2,0,0,5,5,0.4545235388947071,216.36436421529166,21.590984067639695
right_elbow,123,16,8,4,4,2,5,2,0,3,0.17103147301384033,224.04680299444084,22.3875771521427
left_hip,131,11,10,1,4,0,0,2,6,2,0.2341888184950622,210.31025454013303,21.007606572163798
right_hip,129,12,10,2,4,0,4,2,2,2,0.1299122672992989,214.82583133875562,21.469591907145634
left_knee,134,12,7,1,3,0,0,6,0,4,0.15266027640964666,214.71937815553784,21.456671787912818
right_knee,130,14,7,2,4,4,0,2,1,3,0.1868814314587512,224.07045637431355,22.38835749428548
