Joints,0,1,2,3,4,5,6,7,8,9,Min,Max,Step
left_shoulder,148,9,0,2,2,0,0,0,3,3,0.2638030681683122,228.3866085701417,22.81228055019734
right_shoulder,142,8,5,2,2,2,0,0,0,6,0.14490540264961432,188.19812402546097,18.805321862281136
left_elbow,138,14,5,2,2,0,0,2,1,3,0.3337707140223989,257.8530061694584,25.751923545543598
right_elbow,134,15,8,1,3,0,0,1,1,4,0.24522260485455685,234.08588357510396,23.38406609702494
left_hip,145,4,8,2,2,0,0,0,1,5,0.2389221642114468,204.79196775615037,20.45530455919389
right_hip,143,0,11,3,2,2,0,0,0,6,0.07781059060760635,179.53224904910388,17.945443845849628
left_knee,149,6,4,0,2,0,0,0,2,4,0.1031475586131776,225.4243264319553,22.532117887334213
right_knee,144,6,7,2,2,0,0,0,2,4,0.08501371301100548,217.7672618201897,21.76822481071787
