Joints,0,1,2,3,4,5,6,7,8,9,Min,Max,Step
left_shoulder,138,16,1,4,0,0,3,3,1,1,0.11671869687006722,264.74397566168733,26.462725696481726
right_shoulder,130,20,5,4,0,2,2,0,3,1,0.15826573869452742,266.2983638002686,26.614009806157405
left_elbow,126,20,8,2,2,1,1,4,2,1,0.4155200239409788,273.66610110327406,27.32505810793331
right_elbow,126,17,11,3,2,3,0,2,2,1,0.10813306961824133,266.3128628315779,26.620472976195963
left_hip,137,17,1,4,0,0,4,3,0,1,0.16109809284687993,268.7292060604433,26.85681079675964
right_hip,133,16,8,2,0,2,2,2,1,1,0.05376338565428861,265.99162214675874,26.593785876110445
left_knee,130,25,0,4,0,0,3,2,2,1,0.16724316729184055,264.6540043145497,26.44867611472579
right_knee,129,22,6,2,2,0,1,4,0,1,0.027125174689389617,269.9821493660738,26.995502419138443
