Joints,0,1,2,3,4,5,6,7,8,9,Min,Max,Step
left_shoulder,141,14,5,3,0,0,1,2,0,1,0.0,267.7390433828814,26.77390433828814
right_shoulder,133,17,9,4,0,1,0,1,1,1,0.0,267.90434135947896,26.790434135947898
left_elbow,125,21,12,2,2,1,1,2,0,1,0.0,275.87351098216516,27.587351098216516
right_elbow,128,18,11,5,1,1,0,0,2,1,0.0,267.0190145339497,26.70190145339497
left_hip,142,14,4,3,0,0,2,1,0,1,0.0,269.70690064567884,26.970690064567883
right_hip,139,13,9,2,0,0,2,0,1,1,0.0,266.8204180489144,26.68204180489144
left_knee,141,18,1,3,0,0,1,1,1,1,0.0,266.63872066236456,26.663872066236458
right_knee,137,18,8,0,0,1,0,2,0,1,0.0,271.9948007380363,27.19948007380363
