Joints,0,1,2,3,4,5,6,7,8,9,Min,Max,Step
left_shoulder,146,9,3,3,0,0,4,1,0,1,0.31934130560959284,269.35237847555203,26.90330371699424
right_shoulder,142,10,2,7,0,2,3,0,0,1,0.35598459894549866,267.3072040626058,26.695121946366033
left_elbow,131,18,9,2,0,1,3,2,0,1,0.198079215769164,276.52818324268776,27.63301040269186
right_elbow,131,16,6,3,5,3,1,0,1,1,0.3450214240879004,266.3003894740006,26.59553680499127
left_hip,145,10,3,3,0,0,5,0,0,1,0.3888737478354279,270.2479146332467,26.985904088541126
right_hip,143,9,3,6,0,2,3,0,0,1,0.1216045738390973,267.22393738956936,26.71023328157303
left_knee,144,14,0,3,0,1,3,1,0,1,0.03892198861399194,275.3589547156384,27.53200327270244
right_knee,141,10,5,4,3,1,1,0,1,1,0.0505348241906728,273.01978948315355,27.296925465896287
