Joints,0,1,2,3,4,5,6,7,8,9,Min,Max,Step
left_shoulder,136,16,1,4,1,1,4,3,0,1,0.2392460623417631,266.7024167840251,26.646317072168337
right_shoulder,129,18,4,4,2,5,3,1,0,1,0.21934972877578887,267.9162833790613,26.76969336502855
left_elbow,121,23,8,3,4,0,5,2,0,1,0.2654486849607709,275.82478739019973,27.555933870523898
right_elbow,122,19,12,2,4,3,2,1,1,1,0.09149470461133,267.01157470250854,26.692007999789723
left_hip,136,17,1,3,2,0,5,2,0,1,0.08697530177577645,270.6697954226146,27.05828201208388
right_hip,134,15,4,4,2,2,2,3,0,1,0.1864448283103492,266.8013340846921,26.661488925638174
left_knee,136,18,0,3,2,0,4,3,0,1,0.08192412159105851,266.518192923261,26.643626880166995
right_knee,136,14,6,1,4,0,2,2,1,1,0.15982816181658854,271.72086825362305,27.15610400918065
