Joints,0,1,2,3,4,5,6,7,8,9,Min,Max,Step
left_shoulder,1,15,63,51,5,1,1,2,0,3,29.32245451853151,170.80034902468532,14.147789450615381
right_shoulder,2,2,24,24,14,42,19,9,3,3,1.2154462105927326,179.56833683334918,17.835289062275642
left_elbow,4,1,3,1,1,3,20,27,48,34,1.4507070661233252,178.92175002528373,17.74710429591604
right_elbow,12,12,30,27,4,4,5,25,17,6,3.0133017804600293,179.99997959856108,17.698667781810105
left_hip,1,0,0,1,22,110,6,1,0,1,13.746148454756355,159.45952508708422,14.571337663232786
right_hip,1,0,1,1,0,7,58,73,0,1,13.337774146252494,133.82686841935043,12.048909427309793
left_knee,27,9,0,1,5,22,2,0,3,73,0.0,180.0,18.0
right_knee,23,8,0,1,1,23,2,0,4,80,0.0,180.0,18.0
