Joints,0,1,2,3,4,5,6,7,8,9,Min,Max,Step
left_shoulder,35,72,31,1,0,1,0,0,1,1,51.87967949152184,166.33681556710616,11.445713607558432
right_shoulder,3,17,12,17,14,49,15,7,1,7,14.157596450889807,178.3319246656824,16.41743282147926
left_elbow,3,1,0,1,0,1,15,29,41,51,6.651696310894122,174.2027389244404,16.755104261354624
right_elbow,7,14,29,28,14,3,4,15,19,9,2.4175718160151134,179.4548456437899,17.70372738277748
left_hip,1,0,0,1,0,1,0,103,33,3,12.783144044140274,110.31494654921968,9.753180250507944
right_hip,2,24,113,0,1,0,0,0,0,2,79.63147927258838,165.94174855780017,8.63102692852118
left_knee,30,8,0,2,2,20,3,0,0,77,0.0,180.0,18.0
right_knee,11,7,0,2,3,35,0,0,4,80,0.0,179.92795470195682,17.99279547019568
