Joints,0,1,2,3,4,5,6,7,8,9,Min,Max,Step
left_shoulder,3,2,6,38,60,24,4,1,3,1,0.20947861214428232,155.16585015744508,15.495637154530078
right_shoulder,9,14,15,19,16,30,26,8,3,2,0.9807190268274696,174.5141752056627,17.353345617883523
left_elbow,7,1,3,3,5,4,17,18,37,47,3.637493384031663,180.0,17.636250661596833
right_elbow,9,15,17,30,11,5,8,16,22,9,1.113062345831147,178.12338311637123,17.70103207705401
left_hip,1,1,0,0,6,0,1,84,40,9,9.35380771270704,111.56236332012935,10.220855560742232
right_hip,1,0,0,6,27,105,1,0,1,1,12.392580851167804,177.0598806111703,16.466729976000252
left_knee,26,15,0,1,7,18,3,0,2,70,0.0,180.0,18.0
right_knee,15,8,2,3,2,24,1,0,9,78,0.0,179.86346461590955,17.986346461590955
