Joints,0,1,2,3,4,5,6,7,8,9,Min,Max,Step
left_shoulder,12,47,70,11,1,0,0,0,0,1,46.492795833565815,155.66991323257784,10.9177117399012
right_shoulder,1,4,14,24,8,57,15,12,2,5,0.4526535782533561,179.106936915394,17.865428333714064
left_elbow,1,0,0,0,0,1,19,27,44,50,4.141337954520778,175.85330522044174,17.171196726592097
right_elbow,11,17,39,14,6,4,3,24,10,14,10.427727944718397,179.4082419458469,16.89805140011285
left_hip,1,0,1,1,0,1,2,1,125,10,8.293785947334722,102.56607417948419,9.427228823214946
right_hip,3,0,38,98,0,0,1,0,0,2,61.23784016490676,180.0,11.876215983509326
left_knee,33,8,1,4,1,27,1,0,2,65,0.0,180.0,18.0
right_knee,13,4,1,1,3,48,0,0,0,72,0.0,179.99995778350467,17.999995778350467
