Joints,0,1,2,3,4,5,6,7,8,9,Min,Max,Step
left_shoulder,121,15,1,0,0,0,0,1,2,1,0.10726580580248464,38.68475107678551,3.8577485270983027
right_shoulder,120,15,2,0,0,0,0,2,1,1,0.10061850124843663,34.397072913223234,3.42964544119748
left_elbow,109,24,4,0,1,1,1,0,0,1,0.1081805251203352,71.23498931767764,7.1126808792557314
right_elbow,101,11,5,6,3,5,4,1,3,2,0.12436430586830345,74.84345974812392,7.4719095442255625
left_hip,105,26,1,1,0,0,2,3,1,2,0.05323261202867634,33.912727214601546,3.3859494602572866
right_hip,95,28,4,0,0,1,5,4,2,2,0.21541291240302388,33.548455941152106,3.3333043028749083
left_knee,97,21,3,0,0,0,6,9,3,2,0.3135325539279599,43.60330732127957,4.328977476735161
right_knee,90,22,9,0,0,0,2,5,11,2,0.1460802322603672,39.50832056253884,3.936224033027847
