Joints,0,1,2,3,4,5,6,7,8,9,Min,Max,Step
left_shoulder,73,30,6,3,2,8,14,3,1,1,0.29281651048107804,49.179097216866865,4.888628070638579
right_shoulder,68,41,7,2,1,3,7,10,0,2,0.1105464505635663,41.46014657440628,4.134960012384271
left_elbow,61,33,20,11,5,2,3,0,2,4,0.3217144066673513,89.44097145024202,8.911925704357467
right_elbow,39,27,16,15,12,10,7,7,4,4,0.4328478608965236,83.30820524652951,8.2875357385633
left_hip,71,28,8,1,5,17,7,2,0,2,0.2987376813276605,41.215698903324366,4.091696122199671
right_hip,63,36,8,3,4,19,5,1,1,1,0.2845898847486333,41.46680567402982,4.118221578928119
left_knee,88,14,27,10,0,0,0,0,0,2,0.3590573592861705,111.51305872177127,11.11540013624851
right_knee,93,10,33,3,0,0,0,0,0,2,0.1492227719798475,117.89198444341568,11.774276167143583
