Joints,0,1,2,3,4,5,6,7,8,9,Min,Max,Step
left_shoulder,98,26,7,0,2,0,1,2,1,4,0.20205749375655288,37.891621437716665,3.768956394396011
right_shoulder,107,24,2,0,1,0,1,3,2,1,0.17367447953479484,37.54100310649139,3.7367328626956593
left_elbow,104,26,3,1,2,1,1,1,0,2,0.2803460950744853,102.34331336003126,10.206296726495676
right_elbow,96,12,6,13,4,4,1,1,2,2,0.351293015841684,84.64822606427339,8.42969330484317
left_hip,65,49,11,4,0,0,0,2,4,6,0.08545136585262841,26.043944055449657,2.595849268959703
right_hip,82,40,2,1,0,2,4,8,0,2,0.30855673706836306,34.55412052730234,3.4245563790233975
left_knee,64,33,22,6,0,0,0,0,5,11,0.07104349462642044,33.772746515163476,3.3701703020537055
right_knee,77,28,17,2,1,0,0,5,9,2,0.2688055228180085,37.63769163935295,3.736888611653495
