Joints,0,1,2,3,4,5,6,7,8,9,Min,Max,Step
left_shoulder,57,29,7,8,0,6,10,12,7,5,0.4034230829259629,48.66483403105115,4.8261410948125185
right_shoulder,42,39,16,5,3,4,12,6,7,7,0.7074043431988152,37.31817475935542,3.6610770416156604
left_elbow,53,32,18,4,6,11,6,4,4,3,0.507034511153412,110.96357410564718,11.045653959449378
right_elbow,42,22,17,9,18,10,6,9,4,4,0.4936606674006693,102.29164565579303,10.179798498839236
left_hip,34,36,19,4,5,12,12,10,5,4,0.5623202972325719,37.646433100558,3.7084112803325424
right_hip,33,29,20,8,8,9,17,9,6,2,0.258653996417014,39.145652127056415,3.888699813063939
left_knee,47,19,8,3,6,30,12,12,2,2,0.5820379722850263,53.3986171100759,5.281657913779087
right_knee,45,26,7,4,2,3,27,21,4,2,0.8654499057633201,45.207334133498364,4.434188422773504
