Joints,0,1,2,3,4,5,6,7,8,9,Min,Max,Step
left_shoulder,91,30,3,2,1,2,3,6,2,1,0.5641775029592514,43.28277106916428,4.271859356620503
right_shoulder,96,23,8,1,0,1,2,4,4,2,0.2913742732659527,35.34336616574581,3.5051991892479863
left_elbow,95,22,5,2,4,3,3,3,1,3,0.22541581484986375,101.1229510792698,10.089753526441992
right_elbow,71,21,4,8,6,5,15,5,4,2,0.6109760694359728,80.08000539004922,7.946902932061326
left_hip,66,40,8,1,2,6,13,3,0,2,0.4098809036113911,38.023013607070155,3.7613132703458767
right_hip,61,40,8,4,1,6,8,10,2,1,0.4583181682440761,36.87881854192371,3.6420500373679627
left_knee,108,5,22,4,0,0,0,0,0,2,0.4471223182019581,113.62473865263296,11.3177616334431
right_knee,106,5,24,4,0,0,0,0,0,2,0.2786413036800662,116.38867567437094,11.611003437069089
