Joints,0,1,2,3,4,5,6,7,8,9,Min,Max,Step
left_shoulder,5,1,6,12,51,8,7,1,1,2,-38.665747842470545,48.10478788061975,8.677053572309028
right_shoulder,2,0,2,5,63,15,4,2,0,1,-106.9926911764249,118.04036311351477,22.50330542899397
left_elbow,2,1,2,3,10,62,7,2,2,3,-160.94834070834906,139.1496021404653,30.009794284881423
right_elbow,4,3,4,6,57,5,8,3,1,3,-128.62546509078757,152.0177388145967,28.064320390538427
left_hip,1,8,2,16,39,19,1,5,1,2,-68.29320242753553,83.02890101003959,15.132210343757514
right_hip,1,1,0,0,3,25,52,5,4,3,-117.81429585212709,71.38884681599463,18.92031426681217
left_knee,2,0,3,4,24,46,8,5,0,2,-132.43903184111704,125.97400521205105,25.841303705316804
right_knee,5,0,7,51,19,5,1,5,0,1,-83.60233763662677,126.81674028346964,21.04190779200964
