Joints,0,1,2,3,4,5,6,7,8,9,Min,Max,Step
left_shoulder,5,1,7,11,55,4,3,3,2,3,-40.2184565509622,49.65065128688983,8.986910783785202
right_shoulder,2,1,1,6,59,20,3,0,0,2,-108.98545128681505,121.44402683322123,23.042947812003632
left_elbow,2,4,5,4,18,44,5,5,5,2,-161.05785080193402,153.8952565741887,31.49531073761227
right_elbow,2,2,3,2,5,53,12,8,4,3,-170.16603686499369,129.7521934723805,29.991823033737433
left_hip,1,1,1,3,15,64,4,2,1,2,-130.73716527249573,111.93472106889574,24.267188634139146
right_hip,1,1,2,1,30,53,2,2,0,2,-143.61644374194816,137.22408911918794,28.084053286113615
left_knee,1,1,0,6,44,34,6,0,1,1,-160.5173848036351,160.86563795608674,32.138302275972165
right_knee,2,2,3,16,60,6,1,2,1,1,-90.89315981569875,125.60739698887741,21.650055680457612
