Joints,0,1,2,3,4,5,6,7,8,9,Min,Max,Step
left_shoulder,1,0,0,8,47,31,6,0,0,1,-129.79709326821742,131.6903254571267,26.148741872534416
right_shoulder,1,0,0,3,7,6,54,13,6,4,-70.98773386983284,38.06902981995979,10.905676368979265
left_elbow,3,3,1,6,8,50,7,6,5,5,-171.60948492473437,136.7572760254031,30.836676095013758
right_elbow,4,1,2,7,58,12,4,3,1,2,-140.48119706105686,158.28923921177676,29.87704362728337
left_hip,3,2,5,11,34,29,4,2,2,2,-85.42676438653987,95.68358055665381,18.11103449431937
right_hip,1,0,1,1,3,38,42,4,2,2,-167.27694588579962,109.58429884283736,27.686124472863696
left_knee,2,0,2,1,15,61,6,4,1,2,-168.9114832393407,147.27122851853184,31.618271175787243
right_knee,1,0,4,2,49,27,5,4,1,1,-155.20379360506112,156.0314509320601,31.123524453712122
