Joints,0,1,2,3,4,5,6,7,8,9,Min,Max,Step
left_shoulder,9,24,21,11,7,6,8,4,2,2,0.40446225854852097,62.124986363406045,6.172052410485753
right_shoulder,45,29,14,2,1,1,0,0,0,2,0.15465947767134902,150.32936862042533,15.017470914275398
left_elbow,2,3,3,1,5,5,2,4,12,57,6.9579402086187505,180.0,17.304205979138125
right_elbow,1,4,2,1,5,3,8,14,25,31,0.0,179.54183918173328,17.954183918173328
left_hip,6,5,7,4,40,15,2,6,4,5,19.75722093553905,175.88668521960116,15.612946428406214
right_hip,8,5,5,5,25,31,8,5,1,1,1.3099497627831624,167.46608750554051,16.615613774275737
left_knee,4,7,2,5,3,7,6,10,3,47,11.580955694233936,180.0,16.84190443057661
right_knee,6,7,4,3,5,9,3,5,7,45,14.601895499338868,180.0,16.539810450066113
