Joints,0,1,2,3,4,5,6,7,8,9,Min,Max,Step
left_shoulder,52,26,13,2,0,0,0,0,0,1,0.4044857137078253,177.28697657911223,17.68824908654044
right_shoulder,46,21,17,5,1,1,0,2,0,1,0.1546669143272674,150.32837708485025,15.017371017052298
left_elbow,3,4,0,1,3,5,3,5,20,50,19.151781051385807,180.0,16.084821894861424
right_elbow,2,4,0,3,6,1,9,14,24,31,0.0,179.5418533475136,17.95418533475136
left_hip,5,4,6,15,40,9,1,6,3,5,28.34474651047686,175.88805065298774,14.754330414251093
right_hip,8,3,3,4,10,19,34,6,5,2,1.3094909480497432,140.53078248501922,13.922129153696947
left_knee,1,6,5,4,3,4,7,9,2,53,2.3164796065375084,180.0,17.768352039346247
right_knee,10,1,6,3,3,9,4,4,12,42,28.13174726238153,179.76916295207462,15.163741568969307
