Joints,0,1,2,3,4,5,6,7,8,9,Min,Max,Step
left_shoulder,9,22,20,15,6,4,8,4,4,2,0.40456348802503134,60.324415392118475,5.991985190409344
right_shoulder,40,21,19,9,0,1,1,1,1,1,0.15466894564861652,123.49773118237935,12.334306223673073
left_elbow,4,2,1,2,6,4,4,4,15,52,14.812848552775336,180.0,16.518715144722467
right_elbow,2,1,4,2,1,5,7,14,23,35,0.0,179.5417539207955,17.95417539207955
left_hip,2,2,4,7,17,41,6,4,6,5,1.157529359496361,175.88677221937968,17.472924285988334
right_hip,9,6,4,8,39,19,6,1,1,1,1.309885320904255,178.5138261565186,17.720394083561438
left_knee,4,8,2,2,2,5,5,11,3,52,15.792162355246267,180.0,16.420783764475374
right_knee,4,6,3,5,4,10,3,5,5,49,15.005802679067806,179.76654968175038,16.476074700268256
