Joints,0,1,2,3,4,5,6,7,8,9,Min,Max,Step
left_shoulder,34,32,12,12,3,0,0,0,0,1,0.4049199911742461,134.46153717393494,13.40566171827607
right_shoulder,36,15,17,8,11,3,0,0,2,2,0.15463612477080493,84.56302081273564,8.440838468796484
left_elbow,4,0,3,2,4,3,3,10,13,52,10.945849702444756,180.0,16.905415029755524
right_elbow,3,4,1,1,2,2,6,17,19,39,0.0,179.54190954902916,17.954190954902916
left_hip,1,5,8,14,15,33,4,4,4,6,10.5705217354292,175.88895444221473,16.531843270678554
right_hip,7,5,6,5,27,25,11,6,1,1,1.3092433665588163,171.90933406689902,17.06000907003402
left_knee,5,6,2,4,2,7,6,9,5,48,10.860585211338263,180.0,16.91394147886617
right_knee,10,1,5,3,4,9,5,3,9,45,23.633736746150745,180.0,15.636626325384924
