Joints,0,1,2,3,4,5,6,7,8,9,Min,Max,Step
left_shoulder,34,31,13,8,4,2,0,1,0,1,0.40463729645237256,120.25585486433384,11.985121756788146
right_shoulder,29,19,8,15,10,9,2,0,1,1,0.15466451664703335,73.02977458693755,7.287511007029051
left_elbow,3,1,3,1,3,7,2,5,15,54,6.297294910487268,180.0,17.370270508951272
right_elbow,1,3,1,4,3,3,8,15,23,33,9.040409278508925,180.0,17.095959072149107
left_hip,4,6,6,8,42,12,2,6,3,5,25.015948350139475,176.44782620226482,15.14318778521254
right_hip,7,4,5,3,13,40,15,5,1,1,0.7944770992269734,154.9840519699306,15.418957487070362
left_knee,4,6,2,4,2,5,5,10,5,51,5.690753821767134,180.0,17.430924617823287
right_knee,1,7,5,5,4,5,8,5,6,48,0.0,179.99994534514803,17.999994534514805
