Joints,0,1,2,3,4,5,6,7,8,9,Min,Max,Step
left_shoulder,9,25,13,18,4,5,9,5,2,4,0.4046876070492689,61.18196676876511,6.077727916171584
right_shoulder,40,10,23,15,2,1,1,0,0,2,0.15464364970918182,109.00452486994223,10.884988122023305
left_elbow,2,2,3,0,5,5,2,6,14,55,3.379835593684549,180.0,17.662016440631543
right_elbow,3,2,2,2,7,0,8,12,25,33,0.0,179.54181963967133,17.954181963967134
left_hip,2,3,4,10,12,43,6,4,5,5,0.0,175.88723385782464,17.588723385782465
right_hip,9,3,5,3,14,37,13,8,1,1,0.0,155.1194621522429,15.51194621522429
left_knee,4,6,4,3,2,4,7,12,6,46,0.0,180.0,18.0
right_knee,11,1,7,3,3,10,4,3,8,44,28.13208271623516,179.83324995392658,15.17011672376914
