Joints,0,1,2,3,4,5,6,7,8,9,Min,Max,Step
left_shoulder,9,24,13,14,6,9,3,10,1,5,0.4044999865630352,52.86820786414491,5.246370787758186
right_shoulder,47,22,17,3,2,1,0,1,0,1,0.15467206871388794,143.81316386251362,14.365849179379973
left_elbow,3,2,0,1,3,3,2,6,20,54,19.051659291650946,180.0,16.09483407083491
right_elbow,1,5,2,1,1,2,7,16,21,38,0.0,179.99999159130473,17.999999159130475
left_hip,2,0,8,9,19,36,6,4,5,5,0.9017602321079334,175.88806724439135,17.498630701228343
right_hip,8,5,4,8,44,12,9,2,0,2,1.3094876730436908,178.31133973632984,17.700185206328616
left_knee,1,8,6,3,4,3,11,7,7,44,3.137925467113619,180.0,17.686207453288638
right_knee,4,6,3,3,7,12,4,5,3,47,15.832086201376898,180.0,16.41679137986231
