Joints,0,1,2,3,4,5,6,7,8,9,Min,Max,Step
left_shoulder,68,5,4,5,2,3,0,0,0,6,0.042349410408944944,197.25617048143368,19.721382107102475
right_shoulder,64,9,2,4,4,1,3,0,0,6,0.060238291330964686,178.30007439777202,17.823983610644106
left_elbow,61,11,4,6,1,4,0,2,0,4,0.03680895937475192,187.4130043382121,18.737619537883734
right_elbow,63,11,2,5,2,2,2,0,0,6,0.048493058216807515,189.74825194214162,18.96997588839248
left_hip,70,4,3,5,2,2,1,0,0,6,0.018217238464618733,209.6941782126511,20.96759609741865
right_hip,69,5,2,4,3,3,1,0,0,6,0.017990372763472012,199.07516797197803,19.905717759921455
left_knee,69,6,2,2,1,5,2,0,0,6,0.01313799460332525,204.6828109505928,20.46696729559895
right_knee,69,5,2,4,2,4,1,0,0,6,0.027577601894207483,207.01775251207349,20.69901749101793
