Joints,0,1,2,3,4,5,6,7,8,9,Min,Max,Step
left_shoulder,69,3,3,4,2,4,0,1,1,6,0.021770864643336024,201.3407643797208,20.131899351507748
right_shoulder,66,7,0,7,2,2,2,0,3,4,0.0488601817758875,193.57566506112653,19.352680487935064
left_elbow,65,7,2,6,0,2,3,4,2,2,0.01999754396088076,190.55079676639718,19.053079922243633
right_elbow,64,7,2,6,2,4,0,1,0,7,0.03353515618890263,187.4141037896773,18.73805686334884
left_hip,69,4,2,5,2,3,0,1,1,6,0.018482179513757368,215.34831416889784,21.532983198938407
right_hip,68,3,3,6,3,1,1,1,0,7,0.018794746698988073,205.30620194819585,20.528740720149685
left_knee,66,5,2,5,2,3,2,0,1,7,0.0365239603596761,204.09428793620748,20.40577639758478
right_knee,67,4,2,6,5,1,0,0,2,6,0.03815074749389434,212.45626893665488,21.241811818916098
