Joints,0,1,2,3,4,5,6,7,8,9,Min,Max,Step
left_shoulder,54,6,3,4,6,2,2,4,3,9,0.022229955779575192,200.3008527682452,20.027862281246563
right_shoulder,50,9,2,6,2,6,0,0,9,9,0.009064927967985196,177.00334753680735,17.699428260883938
left_elbow,49,10,4,5,5,2,2,8,5,3,0.01283626981375875,213.60721590328885,21.35943796334751
right_elbow,52,6,2,9,3,3,0,3,4,11,0.022732232632338083,187.4104814816069,18.738774924897456
left_hip,54,7,2,5,6,1,2,3,4,9,0.03422026949822718,214.39586736889495,21.43616470993967
right_hip,53,7,3,4,6,2,1,8,0,9,0.038389809348276266,204.4439879648708,20.440559815552252
left_knee,54,7,2,3,6,3,2,2,4,10,0.033445606225331666,204.86464965403567,20.483120404781033
right_knee,54,6,1,6,7,1,2,3,4,9,0.02297233877885343,209.72677834963181,20.970380601085296
