Joints,0,1,2,3,4,5,6,7,8,9,Min,Max,Step
left_shoulder,67,5,2,3,2,1,3,2,2,6,0.023401497219316458,201.62626519177115,20.160286369455186
right_shoulder,65,5,2,4,1,4,0,0,6,6,0.0033275794698110505,185.33139798312004,18.53280704036502
left_elbow,61,8,3,5,2,2,2,1,7,2,0.009315062691917295,185.25385040051427,18.524453533782236
right_elbow,63,9,1,3,3,2,0,0,4,8,0.012741673621732863,191.55286708920312,19.15401254155814
left_hip,68,4,1,4,3,1,2,3,1,6,0.02970451632757332,213.7958675404206,21.376616302409303
right_hip,67,5,0,4,3,2,0,4,1,7,0.02991072965074564,204.7471958508686,20.471728512121786
left_knee,68,5,1,1,4,3,0,1,4,6,0.021115331790608673,213.34279203570725,21.332167670391662
right_knee,68,4,1,4,1,2,1,2,4,6,0.047932714138986435,209.09493403800832,20.90470013238693
