Joints,0,1,2,3,4,5,6,7,8,9,Min,Max,Step
left_shoulder,54,6,6,3,4,5,0,8,4,3,0.03308519991983712,200.99491967668382,20.0961834476764
right_shoulder,56,5,5,4,5,3,3,1,6,5,0.06425965960146536,205.67637860191897,20.56121189423175
left_elbow,49,7,6,4,4,1,6,1,10,5,0.021974801912448355,169.49650839337662,16.947453359146415
right_elbow,56,5,2,5,4,4,3,3,5,6,0.04326101360650532,201.81984859765186,20.177658758404537
left_hip,56,6,4,4,4,2,1,7,5,4,0.03252620184703425,209.09574494430763,20.906321874246057
right_hip,58,3,5,3,4,3,3,3,2,9,0.03364992352205247,204.48156485907955,20.444791493555748
left_knee,57,6,3,4,2,4,0,4,5,8,0.0057097238746208045,205.20424072551117,20.519853100163655
right_knee,58,4,4,4,3,3,0,2,7,8,0.044767142428440716,210.39898050621062,21.035421336378217
