Joints,0,1,2,3,4,5,6,7,8,9,Min,Max,Step
left_shoulder,69,6,2,2,0,3,1,1,3,6,0.02154055208327762,200.1917588607816,20.01702183086983
right_shoulder,66,9,2,2,1,1,2,0,1,9,0.03255692485726675,175.46256778776058,17.54300108629033
left_elbow,64,11,2,2,1,2,1,6,2,2,0.003495894804680429,202.4204369025502,20.241694100774552
right_elbow,65,11,1,2,3,0,1,2,1,7,0.025707908007073912,188.8475888918404,18.88218809838333
left_hip,70,6,2,1,0,3,1,2,3,5,0.01906163114234604,213.7397401475777,21.372067851643536
right_hip,69,7,0,3,0,3,1,1,3,6,0.009847323094641048,203.6719930645513,20.366214574145665
left_knee,70,6,1,2,0,2,1,1,4,6,0.020131682352095,201.67021807807262,20.165008639572054
right_knee,70,7,1,1,1,2,1,2,1,7,0.03788180927704336,208.95005017641697,20.89121683671399
