Joints,0,1,2,3,4,5,6,7,8,9,Min,Max,Step
left_shoulder,62,8,6,4,2,3,0,2,0,6,0.030338655486596,200.77521084650243,20.074487219101584
right_shoulder,60,7,6,3,4,5,0,0,0,8,0.021632313733259474,180.65659183457785,18.06349595208446
left_elbow,57,13,7,3,4,1,4,0,0,4,0.01500257339916099,213.1806840083869,21.316568143498774
right_elbow,59,8,5,5,4,4,0,0,0,8,0.028571559967437106,186.64140483869426,18.66128332787268
left_hip,64,7,3,5,2,3,1,1,3,4,0.037784175687741735,207.9453838478373,20.790759967214957
right_hip,63,7,2,5,2,3,0,3,0,8,0.03300833010408765,191.3234505345979,19.12904422044938
left_knee,61,11,3,3,1,2,2,2,0,8,0.037364347296111836,205.73547873409169,20.569811438679558
right_knee,62,7,4,3,4,1,2,2,0,8,0.02601407061657254,213.01431517610317,21.298830110548657
