Joints,0,1,2,3,4,5,6,7,8,9,Min,Max,Step
left_shoulder,62,4,5,4,1,6,0,3,2,6,0.024403364698749857,196.7030278112117,19.6678624446513
right_shoulder,62,6,0,5,6,3,1,5,2,3,0.05974987397482383,193.47740152940997,19.341765165543514
left_elbow,55,7,6,3,4,1,6,0,5,6,0.008381020983789365,168.79628527030047,16.87879042493167
right_elbow,60,8,0,5,5,3,1,5,4,2,0.052349376754128624,189.6762334032777,18.96238840265236
left_hip,64,3,2,6,2,4,1,0,8,3,0.029581377341552282,203.77342192546934,20.37438405481278
right_hip,64,3,1,5,3,5,1,1,4,6,0.07491558858057208,192.5235252173928,19.244860962881223
left_knee,63,5,2,3,4,4,1,2,4,5,0.078064574775371,212.92684320217649,21.28487786274011
right_knee,62,4,2,4,4,4,0,4,3,6,0.07967817927527487,205.4746553452252,20.53949771659499
