Joints,0,1,2,3,4,5,6,7,8,9,Min,Max,Step
left_shoulder,77,3,4,3,1,0,0,1,2,2,0.013749300799856092,229.4349244216399,22.942117512084003
right_shoulder,79,1,5,3,0,1,2,0,0,2,0.012337945844083755,264.2191692565747,26.42068313107306
left_elbow,67,9,7,2,0,2,1,2,1,2,0.02416476281332491,198.63687952900486,19.861271476619155
right_elbow,77,3,5,2,1,1,1,1,0,2,0.02188102504019185,253.41884704583055,25.339696602079037
left_hip,76,4,5,0,0,2,1,1,2,2,0.02394794718397476,227.4742994697726,22.74503515225886
right_hip,78,3,4,0,0,3,2,1,0,2,0.03268719531948843,256.90178504625715,25.686909785093764
left_knee,77,3,5,0,0,3,0,2,1,2,0.032682463292764245,250.7673599199013,25.073467745660857
right_knee,80,2,3,0,0,3,1,2,0,2,0.03236889474515635,264.34218849140245,26.43098195966573
