Joints,0,1,2,3,4,5,6,7,8,9,Min,Max,Step
left_shoulder,56,64,99,14,2,5,1,4,0,1,0.11751058256017,167.9500215674722,16.783251098491203
right_shoulder,20,37,144,36,0,0,0,1,0,8,0.4208576774875255,166.83624488143332,16.64153872039458
left_elbow,5,8,3,33,108,24,29,26,8,2,0.0,163.31467968090058,16.33146796809006
right_elbow,14,14,17,22,50,42,12,21,33,21,9.779087473266923,171.4481849646005,16.16690974913336
left_hip,4,1,14,23,0,10,64,114,13,3,3.264607848790802,172.26525316717868,16.900064531838787
right_hip,12,22,31,24,29,34,25,8,4,57,0.0,180.0,18.0
left_knee,15,80,108,26,8,4,1,2,1,1,0.0,163.76782118255497,16.3767821182555
right_knee,75,48,45,21,23,10,13,3,5,3,0.0,180.0,18.0
