Joints,0,1,2,3,4,5,6,7,8,9,Min,Max,Step
left_shoulder,134,79,16,3,5,2,2,2,0,2,0.0,18.480188861932106,1.8480188861932105
right_shoulder,34,73,54,48,18,10,4,2,0,2,0.0,5.682639792129894,0.5682639792129894
left_elbow,166,32,10,7,19,5,4,1,0,1,0.0,87.24017427606447,8.724017427606446
right_elbow,129,60,24,8,4,5,7,5,2,1,0.0,29.284972052627253,2.928497205262725
left_hip,200,24,4,2,2,6,1,0,5,1,0.0,93.55599687385215,9.355599687385215
right_hip,189,17,2,5,7,6,9,4,3,3,0.0,135.01845321072167,13.501845321072167
left_knee,197,14,11,1,12,7,1,0,0,2,0.0,182.03415835395316,18.203415835395315
right_knee,155,13,8,32,15,13,2,2,1,4,0.0,199.43179724687317,19.94317972468732
