Joints,0,1,2,3,4,5,6,7,8,9,Min,Max,Step
left_shoulder,1,0,3,6,58,214,13,4,0,1,-99.89514389164765,92.35829254843377,19.22534364400815
right_shoulder,1,0,0,2,258,36,2,0,0,1,-112.0410120422089,119.3562359943914,23.13972480366003
left_elbow,7,10,15,27,149,55,16,12,6,3,-120.17712568662172,136.34008278023867,25.651720846686047
right_elbow,3,1,5,6,154,116,4,7,2,2,-145.01215927506485,146.84110195303285,29.18532612280977
left_hip,15,4,2,3,120,133,3,1,1,18,-97.72990723930498,97.72990723930498,19.545981447860996
right_hip,1,10,3,12,100,150,8,1,14,1,-134.90505112533506,133.42361770311356,26.832866882844854
left_knee,11,2,1,2,112,155,1,4,3,9,-180.0,180.0,36.0
right_knee,11,4,5,3,159,90,7,10,4,7,-160.3947055595774,161.17510863748637,32.15698141970637
