Joints,0,1,2,3,4,5,6,7,8,9,Min,Max,Step
left_shoulder,1,1,2,16,214,58,6,1,0,1,-48.700786579563314,55.00378108168329,10.370456766124661
right_shoulder,3,1,0,31,239,21,1,1,1,2,-30.42124304076992,37.54372543202733,6.796496847279723
left_elbow,2,5,15,15,57,159,23,12,10,2,-147.93835675735284,135.3550249839382,28.329338174129106
right_elbow,3,1,2,3,194,88,3,2,2,2,-144.1753213312889,150.1275486140317,29.430286994532054
left_hip,8,11,2,3,116,139,0,0,8,13,-103.32953597544625,103.32953597544625,20.665907195089247
right_hip,11,3,6,7,162,89,3,2,0,17,-101.57296872732245,102.27219253895392,20.384516126627645
left_knee,10,1,4,3,110,154,4,5,1,8,-180.0,180.0,36.0
right_knee,5,11,2,1,3,253,4,5,6,10,-177.4019205331691,146.78723762720702,32.41891581603761
