Joints,0,1,2,3,4,5,6,7,8,9,Min,Max,Step
left_shoulder,1,0,0,4,146,143,5,0,0,1,-143.93030490249583,142.70601776849475,28.66363226709906
right_shoulder,2,0,0,0,116,179,1,0,0,2,-63.808726630547035,62.89519994074176,12.670392657128879
left_elbow,5,7,15,18,64,147,14,14,10,6,-145.51818323597118,135.3254947125039,28.08436779484751
right_elbow,1,5,4,1,96,179,3,2,7,2,-155.69887333964917,150.17364972384038,30.587252306348958
left_hip,20,2,1,4,150,98,1,2,4,18,-89.23680047815742,89.81282135657898,17.904962183473643
right_hip,15,4,9,8,239,2,3,5,14,1,-100.55803212172415,131.87894418186562,23.24369763035898
left_knee,11,2,2,0,116,151,3,1,3,11,-180.0,180.0,36.0
right_knee,13,3,5,1,189,66,5,7,3,8,-153.89393057451798,156.24593442587653,31.01398650003945
