Joints,0,1,2,3,4,5,6,7,8,9,Min,Max,Step
left_shoulder,1,1,2,9,97,167,16,4,1,2,-56.873184759300564,52.90774760888354,10.97809323681841
right_shoulder,2,2,3,16,179,90,2,3,2,1,-30.654794878668124,33.124903580690734,6.377969845935883
left_elbow,2,6,10,18,71,153,20,8,8,4,-150.66217452408986,140.47373859015738,29.113591311424727
right_elbow,2,2,3,10,255,17,7,3,0,1,-129.77390870437515,153.79928001251938,28.357318871689444
left_hip,9,12,5,4,117,124,5,1,17,6,-106.25930574217051,106.25930574217051,21.251861148434102
right_hip,2,13,4,9,101,144,7,1,18,1,-136.45538994371998,134.85024322901174,27.13056331727317
left_knee,13,2,1,3,96,165,2,2,3,13,-180.0,179.80157115119388,35.9801571151194
right_knee,11,5,6,2,237,13,4,9,7,6,-170.33881292848102,179.77140607573276,35.01102190042138
