Joints,0,1,2,3,4,5,6,7,8,9,Min,Max,Step
left_shoulder,1,2,2,9,190,80,12,2,1,1,-78.7477083370068,82.01551527852598,16.07632236155328
right_shoulder,2,0,0,3,59,227,7,0,0,2,-104.86547037120424,100.00298176454183,20.486845213574597
left_elbow,3,9,11,20,69,134,27,11,9,7,-127.66857846221164,117.74393286407096,24.54125113262826
right_elbow,4,4,3,3,150,124,3,1,6,2,-152.44626281945548,154.18633420427983,30.663259702373537
left_hip,17,5,2,3,28,216,3,2,4,20,-97.00948038714924,89.79489974619145,18.68043801333407
right_hip,16,4,8,4,152,87,3,6,3,17,-95.2066445622862,96.35302431522958,19.155966887751575
left_knee,14,1,2,4,117,143,3,2,1,13,-180.0,180.0,36.0
right_knee,13,6,4,0,218,31,5,9,6,8,-162.71594945680604,166.6429723203782,32.93589217771844
