Joints,0,1,2,3,4,5,6,7,8,9,Min,Max,Step
left_shoulder,1,2,3,6,144,130,7,4,2,1,-88.96075346932257,88.35931808920692,17.73200715585294
right_shoulder,1,1,0,6,111,172,7,0,1,1,-111.14223388414487,109.6287219685083,22.07709558526531
left_elbow,2,4,12,18,36,174,27,13,10,4,-157.63150952156874,135.34661426860515,29.297812379017387
right_elbow,3,3,2,2,12,230,30,8,5,5,-155.33202744177018,119.4815355779257,27.481356301969583
left_hip,17,6,1,3,156,92,0,3,4,18,-89.53232147219076,91.07467258940235,18.060699406159316
right_hip,14,5,9,14,232,4,3,7,11,1,-99.02589166638909,133.56524375654732,23.259113542293633
left_knee,13,3,3,2,108,152,0,3,5,11,-180.0,179.92702078997556,35.99270207899755
right_knee,12,8,3,2,245,4,2,13,8,3,-153.75055022778642,179.9370549439585,33.36876051717449
