Joints,0,1,2,3,4,5,6,7,8,9,Min,Max,Step
left_shoulder,4,4,23,92,93,42,37,3,1,1,0.4678685440640105,95.17244084121744,9.470457229715343
right_shoulder,5,4,0,11,142,113,22,1,1,1,3.5136270138235646,64.8896771747262,6.137605016090264
left_elbow,3,3,11,17,36,42,17,16,70,85,0.0,179.99999015380195,17.999999015380194
right_elbow,9,4,4,1,0,1,47,176,56,2,0.0,179.15349995902275,17.915349995902275
left_hip,1,2,75,166,2,0,1,1,9,43,57.236535271231645,180.0,12.276346472876838
right_hip,1,1,58,183,5,6,7,2,0,37,47.89571420655136,180.0,13.210428579344864
left_knee,37,3,1,1,1,3,1,2,5,246,0.0,180.0,18.0
right_knee,15,13,12,4,6,6,1,4,1,238,0.0,179.99999790869018,17.99999979086902
