Joints,0,1,2,3,4,5,6,7,8,9,Min,Max,Step
left_shoulder,13,159,95,31,1,0,0,0,0,1,8.798473573940944,175.7264195739734,16.692794600003246
right_shoulder,68,175,53,2,0,0,0,0,0,2,23.574700070784182,99.4245993510869,7.5849899280302715
left_elbow,6,2,15,16,30,40,19,19,66,87,0.0,179.67063589575736,17.967063589575737
right_elbow,5,3,5,2,1,0,6,69,164,45,0.964336192959177,160.33873368622108,15.937439749326192
left_hip,3,140,101,0,0,1,1,4,7,43,75.79317480099675,180.0,10.420682519900325
right_hip,1,1,1,58,182,2,9,3,2,41,25.8335124206389,180.0,15.416648757936112
left_knee,33,3,2,0,1,1,2,1,5,252,0.0,180.0,18.0
right_knee,18,10,11,6,5,6,4,0,0,240,0.0,179.99999420942538,17.999999420942537
