Joints,0,1,2,3,4,5,6,7,8,9,Min,Max,Step
left_shoulder,275,0,0,0,0,0,0,4,6,14,0.07965153953307515,171.5833312868788,17.15036797473457
right_shoulder,275,0,0,0,0,0,0,6,8,10,0.038917095044911816,179.82806484260587,17.978914774756095
left_elbow,275,0,0,0,0,0,4,8,2,10,0.1451969396155826,183.5344262638424,18.338922932422683
right_elbow,275,0,0,0,2,2,2,6,8,4,0.068754826858527,185.383937245162,18.531518241830348
left_hip,230,42,3,0,0,0,0,8,10,6,0.09264251732055696,178.53924840928627,17.84466058919657
right_hip,232,40,3,0,0,0,0,6,8,10,0.04662897445703762,174.8919827238903,17.484535374943327
left_knee,230,2,6,37,0,4,10,6,2,2,0.08336137896339356,226.21030905545658,22.61269476764932
right_knee,224,8,1,11,30,1,2,10,8,4,0.03237846007047169,184.8443658349744,18.481198737490395
