Joints,0,1,2,3,4,5,6,7,8,9,Min,Max,Step
left_shoulder,275,0,0,0,0,0,2,2,9,11,0.04247222469618957,186.8858537521968,18.684338152750062
right_shoulder,275,0,0,0,0,0,0,8,6,10,0.039648201693928235,184.84796977572782,18.48083215740339
left_elbow,275,0,0,0,0,0,4,6,10,4,0.032375469411998814,205.6279783776997,20.55956029082877
right_elbow,275,0,0,0,0,0,2,8,7,7,0.08012566231263801,181.29643044401797,18.121630478170534
left_hip,232,43,0,0,0,0,2,5,12,5,0.0896628258156105,193.31451905963652,19.32248562338209
right_hip,233,40,2,0,0,0,0,2,13,9,0.13314825368805974,176.17384610144572,17.604069784775767
left_knee,232,2,2,38,1,2,10,6,0,6,0.16272459430668182,210.56712498056686,21.040440038626016
right_knee,228,6,2,33,8,3,10,5,2,2,0.08867228010059869,209.93667055214772,20.98479982720471
