Joints,0,1,2,3,4,5,6,7,8,9,Min,Max,Step
left_shoulder,287,0,0,0,0,0,2,0,8,2,0.054213902593602994,196.68318489175,19.66289709891564
right_shoulder,287,0,0,0,0,0,0,4,0,8,0.03481966814918578,184.47311501297798,18.44382953448288
left_elbow,287,0,0,0,0,0,0,2,0,10,0.06365632133428391,174.4073814771979,17.43437251558636
right_elbow,287,0,0,0,0,0,4,0,0,8,0.0353964153885965,172.98425163401834,17.294885521862973
left_hip,244,38,5,0,0,0,2,0,4,6,0.008748384224343991,174.10435734600316,17.409560896177883
right_hip,242,45,0,0,0,0,4,0,1,7,0.07655420848411608,180.84900639286354,18.077245218437945
left_knee,243,1,1,27,15,0,2,2,2,6,0.0925153417305104,188.53014936616358,18.843763402443308
right_knee,240,4,1,27,17,2,1,3,1,3,0.0521957475746589,195.69098477480708,19.56387890272324
