Joints,0,1,2,3,4,5,6,7,8,9,Min,Max,Step
left_shoulder,1,4,8,14,143,50,10,6,3,1,-55.112017316050526,59.26606234763877,11.43780796636893
right_shoulder,1,0,1,14,33,164,24,1,1,1,-94.41582877853027,84.55210400880416,17.89679327873344
left_elbow,2,4,7,3,206,6,2,4,4,2,-146.42807683540462,166.82689409682874,31.325497093223333
right_elbow,2,0,0,3,10,182,33,6,1,3,-170.5388261764326,123.62852593514013,29.41673521115726
left_hip,3,9,9,12,37,133,14,11,6,6,-164.78809921898974,153.77163541815966,31.855973463714946
right_hip,4,2,11,11,38,134,16,10,7,7,-174.18920881783433,155.60201373143838,32.97912225492726
left_knee,4,11,12,29,118,28,18,13,2,5,-123.68713637066709,139.42641716240482,26.311355353307192
right_knee,3,5,15,17,61,100,21,11,4,3,-152.84449524783003,150.6139002986436,30.34583955464737
