Joints,0,1,2,3,4,5,6,7,8,9,Min,Max,Step
left_shoulder,1,0,1,3,16,189,21,6,2,1,-108.12571192138876,83.8662932441304,19.19920051655191
right_shoulder,1,0,2,7,8,35,140,33,9,5,-68.85946616983247,38.94344340507823,10.780290957491069
left_elbow,3,7,3,125,91,2,5,2,0,2,-111.90853168346685,168.69362007787277,28.06021517613395
right_elbow,2,0,0,3,14,187,26,5,1,2,-171.68107773426266,132.11581060700092,30.37968883412637
left_hip,6,8,8,12,67,108,10,9,4,8,-158.09950728308644,157.3319551262127,31.543146240929914
right_hip,5,8,6,12,55,114,17,7,9,7,-166.1735880111427,157.4807191851353,32.365430719627795
left_knee,6,11,11,23,126,26,17,7,6,7,-123.33942634156162,138.00666061171694,26.134608695327856
right_knee,2,3,12,16,40,121,27,11,4,4,-156.10299874522434,143.03531695993132,29.91383157051557
