Joints,0,1,2,3,4,5,6,7,8,9,Min,Max,Step
left_shoulder,1,2,4,10,48,148,18,5,2,2,-74.95887605872329,70.28511169764118,14.524398775636449
right_shoulder,1,0,11,10,115,81,17,3,1,1,-66.55359432709231,68.38034111749096,13.493393544458328
left_elbow,2,6,6,4,194,15,2,4,4,3,-154.4594745556768,168.6919620915762,32.3151436647253
right_elbow,2,2,1,1,10,188,24,8,1,3,-171.67937845427466,129.5783178315269,30.125769628580144
left_hip,7,6,9,10,102,77,11,8,3,7,-157.6434383660961,161.44376397962856,31.90872023457247
right_hip,8,3,8,10,46,121,20,9,6,9,-172.14222638683108,155.6517427546157,32.779396914144684
left_knee,3,5,12,11,41,122,20,14,7,5,-161.28864060000274,147.06123639850475,30.834987699850757
right_knee,2,7,11,18,42,115,22,11,6,6,-156.09674681537274,145.57142094579385,30.16681677611666
