Joints,0,1,2,3,4,5,6,7,8,9,Min,Max,Step
left_shoulder,3,4,10,8,27,24,47,95,19,3,5.385794661169291,83.91043205758638,7.852463739641708
right_shoulder,9,7,13,19,23,45,56,49,14,5,10.381301019733804,86.74372899275566,7.6362427973021845
left_elbow,2,1,5,10,7,0,4,6,144,61,10.938040472585303,179.65602974353462,16.871798927094932
right_elbow,2,0,1,0,3,1,3,23,69,138,4.708532312206738,179.99998016009332,17.52914478478866
left_hip,35,55,51,23,19,15,2,8,7,25,3.4289481788521083,179.89232568217164,17.646337750331952
right_hip,24,12,5,6,11,19,37,69,24,33,0.0,179.44360145466038,17.94436014546604
left_knee,6,6,11,21,23,44,41,44,24,20,0.0,179.0419894892207,17.90419894892207
right_knee,9,1,9,26,42,50,65,15,16,7,0.0,179.48438860962898,17.9484388609629
