Joints,0,1,2,3,4,5,6,7,8,9,Min,Max,Step
left_shoulder,6,2,14,11,32,26,84,60,4,1,5.630507283542433,90.0,8.436949271645759
right_shoulder,6,18,36,80,89,10,0,0,0,1,0.0,148.1217810435589,14.81217810435589
left_elbow,4,1,4,9,10,0,2,7,133,70,2.3928848545165726,179.99998453750163,17.760709968298507
right_elbow,4,0,0,2,4,1,3,22,59,145,0.0,180.0,18.0
left_hip,33,56,48,26,18,14,4,8,9,24,4.805843645865688,180.0,17.51941563541343
right_hip,23,14,5,6,9,22,30,74,32,25,0.0,178.52102224770158,17.852102224770157
left_knee,7,5,13,21,22,45,38,48,19,22,0.0,180.0,18.0
right_knee,10,4,9,21,45,52,56,17,13,13,0.0,179.4841479104152,17.94841479104152
