Joints,0,1,2,3,4,5,6,7,8,9,Min,Max,Step
left_shoulder,8,5,17,39,57,108,5,0,0,1,4.300158726529128,116.41445449624291,11.211429576971378
right_shoulder,11,5,14,18,23,42,62,45,16,4,9.320335850921602,86.96784970908233,7.764751385816073
left_elbow,3,2,5,11,5,1,4,6,149,54,10.917257545088727,179.99999704244132,16.90827394973526
right_elbow,2,1,1,1,5,1,3,26,57,143,4.715079679950544,179.99998479899241,17.528490511904188
left_hip,35,55,49,23,21,14,4,9,11,19,3.832729186500084,179.89238431221474,17.605965512571466
right_hip,20,14,6,5,11,23,30,78,20,33,0.0,180.0,18.0
left_knee,7,7,10,16,26,42,42,45,20,25,0.0,179.4906667691327,17.94906667691327
right_knee,11,4,9,20,50,52,56,14,14,10,0.0,179.48411848511768,17.948411848511768
