Joints,0,1,2,3,4,5,6,7,8,9,Min,Max,Step
left_shoulder,6,2,8,10,24,26,47,96,18,3,6.213568270130068,83.99142874124199,7.777786047111192
right_shoulder,4,11,19,26,45,88,39,7,0,1,0.5711400366701511,108.97718432188265,10.84060442852125
left_elbow,3,2,3,9,6,0,5,6,152,54,11.935007048187297,179.65598618541856,16.77209791372313
right_elbow,4,1,1,1,1,2,3,19,65,143,0.0,180.0,18.0
left_hip,28,55,58,22,23,10,5,9,5,25,0.0,179.29049756626986,17.929049756626988
right_hip,26,8,7,6,13,21,36,69,21,33,0.0,179.4428403075079,17.94428403075079
left_knee,7,5,13,21,23,44,42,41,17,27,0.0,178.96440877649033,17.896440877649034
right_knee,10,2,13,21,48,49,55,13,23,6,0.0,180.0,18.0
