Joints,0,1,2,3,4,5,6,7,8,9,Min,Max,Step
left_shoulder,221,4,0,0,0,3,4,1,2,4,0.0,267.1419750025641,26.71419750025641
right_shoulder,214,10,0,1,0,5,4,0,4,1,0.0,235.15519151758613,23.515519151758614
left_elbow,205,7,10,3,1,2,7,0,2,2,0.0,243.68243686148728,24.368243686148727
right_elbow,222,1,2,6,3,2,1,1,0,1,0.0,304.59568155503337,30.459568155503337
left_hip,211,14,0,0,0,1,4,1,6,2,0.0,296.60560370040434,29.660560370040436
right_hip,185,33,5,2,0,1,0,5,3,5,0.0,236.6902592137801,23.66902592137801
left_knee,181,30,12,2,2,3,1,3,3,2,0.0,270.2499124374076,27.02499124374076
right_knee,167,26,21,9,2,4,0,3,4,3,0.0,217.65478231579425,21.765478231579426
