Joints,0,1,2,3,4,5,6,7,8,9,Min,Max,Step
left_shoulder,222,3,0,0,0,0,2,6,4,2,0.0,222.40157334814086,22.240157334814086
right_shoulder,207,17,1,0,0,3,4,3,3,1,0.0,184.01208590251247,18.401208590251247
left_elbow,203,6,9,6,1,0,0,6,4,4,0.0,205.48686644665412,20.548686644665413
right_elbow,208,16,1,0,0,4,3,1,4,2,0.0,164.63256862433738,16.463256862433738
left_hip,198,22,5,0,0,0,3,6,1,4,0.0,233.12852482094596,23.312852482094595
right_hip,182,36,6,1,1,2,1,3,3,4,0.0,228.6274436112521,22.86274436112521
left_knee,179,22,21,2,1,4,4,2,2,2,0.0,233.2641437071221,23.326414370712207
right_knee,166,28,16,12,3,2,5,4,2,1,0.0,193.9411998975464,19.39411998975464
