Joints,0,1,2,3,4,5,6,7,8,9,Min,Max,Step
left_shoulder,220,4,1,0,0,2,5,3,0,4,0.0,221.4910655269657,22.149106552696573
right_shoulder,214,9,1,1,1,5,2,4,1,1,0.0,236.65081622169652,23.66508162216965
left_elbow,202,6,9,6,2,1,3,3,2,5,0.0,199.24246622130443,19.924246622130443
right_elbow,213,8,0,1,5,3,6,1,1,1,0.0,228.08273601148792,22.80827360114879
left_hip,202,20,3,0,0,1,2,5,2,4,0.0,244.45859266594485,24.445859266594486
right_hip,185,33,7,0,0,1,0,4,6,3,0.0,229.27686734941128,22.927686734941126
left_knee,183,26,14,2,1,2,6,2,1,2,0.0,249.2356660432221,24.92356660432221
right_knee,174,28,18,5,1,2,6,3,0,2,0.0,242.75777374032452,24.27577737403245
