Joints,0,1,2,3,4,5,6,7,8,9,Min,Max,Step
left_shoulder,224,3,0,0,0,0,5,3,1,3,0.0,234.1423142981017,23.41423142981017
right_shoulder,223,4,0,0,0,8,2,0,1,1,0.0,276.63694894473,27.663694894473004
left_elbow,206,5,6,7,3,0,0,9,2,1,0.0,197.60287308013068,19.76028730801307
right_elbow,224,2,1,2,4,4,0,1,0,1,0.0,311.0940277445729,31.109402774457287
left_hip,204,19,4,0,0,0,0,1,5,6,0.0,239.4829398499133,23.94829398499133
right_hip,194,29,4,0,0,0,1,8,2,1,0.0,264.3369377227254,26.43369377227254
left_knee,174,27,21,3,2,0,4,5,1,2,0.0,230.10113643162745,23.010113643162747
right_knee,178,25,21,3,2,1,2,6,0,1,0.0,246.15982459855167,24.615982459855168
