Joints,0,1,2,3,4,5,6,7,8,9,Min,Max,Step
left_shoulder,133,49,28,16,6,3,1,1,0,2,0.0,40.03400787470723,4.0034007874707225
right_shoulder,131,41,21,19,9,8,4,4,0,2,0.0,40.751936184399455,4.075193618439945
left_elbow,174,40,7,3,1,1,4,2,5,2,0.0,84.36346007701421,8.43634600770142
right_elbow,131,39,30,21,10,1,5,1,0,1,0.0,40.623113078968295,4.062311307896829
left_hip,137,31,29,15,12,3,4,3,4,1,0.0,56.284243529685966,5.6284243529685964
right_hip,123,37,31,20,12,10,1,1,2,2,0.0,73.72708304384966,7.372708304384966
left_knee,144,37,18,9,5,14,8,1,1,2,0.0,91.97582948459636,9.197582948459637
right_knee,135,36,19,6,11,11,11,5,3,2,0.0,90.38449355558916,9.038449355558916
