Joints,0,1,2,3,4,5,6,7,8,9,Min,Max,Step
left_shoulder,221,3,1,0,0,3,7,3,0,1,0.0,271.278566483483,27.127856648348303
right_shoulder,208,15,2,0,0,0,3,3,3,5,0.0,203.85309049458263,20.385309049458264
left_elbow,203,8,12,2,2,4,0,7,0,1,0.0,253.80740605176663,25.380740605176662
right_elbow,213,8,2,0,1,4,1,5,0,5,0.0,189.47742381350326,18.947742381350327
left_hip,208,16,1,0,0,0,3,5,3,3,0.0,271.98643643592305,27.198643643592305
right_hip,184,35,5,1,0,0,3,4,4,3,0.0,249.5180367952843,24.95180367952843
left_knee,185,26,12,2,4,5,2,0,2,1,0.0,266.99381618465526,26.699381618465527
right_knee,170,30,19,5,2,3,4,4,1,1,0.0,233.70511154019917,23.370511154019916
