Joints,0,1,2,3,4,5,6,7,8,9,Min,Max,Step
left_shoulder,227,6,0,0,0,0,2,0,2,2,0.0,210.4763850760751,21.04763850760751
right_shoulder,199,27,6,1,0,0,0,0,3,3,0.0,133.7464993172469,13.37464993172469
left_elbow,211,7,6,6,3,0,1,0,1,4,0.0,183.07712417322497,18.3077124173225
right_elbow,198,26,6,1,0,0,1,2,2,3,0.0,123.48895363769938,12.348895363769937
left_hip,214,17,2,0,0,1,0,1,2,2,0.0,256.5029501087044,25.65029501087044
right_hip,190,36,6,1,0,1,1,2,0,2,0.0,244.21891121192917,24.421891121192917
left_knee,169,32,22,8,1,2,0,2,1,2,0.0,193.44761303912392,19.344761303912392
right_knee,148,38,20,17,7,3,2,0,2,2,0.0,152.80343564301938,15.280343564301939
