Joints,0,1,2,3,4,5,6,7,8,9,Min,Max,Step
left_shoulder,4,1,3,14,92,40,11,0,3,3,-14.927157549161814,15.997423166502726,3.092458071566453
right_shoulder,17,1,7,4,82,31,6,5,5,13,-33.07058063416132,33.98123346183298,6.7051814095994295
left_elbow,1,1,1,4,15,100,31,15,1,2,-23.279595315915547,17.46382446616424,4.074341978207979
right_elbow,5,13,0,0,4,128,4,0,0,17,-125.98513772972531,106.2767965506334,23.22619342803587
left_hip,4,0,0,8,28,118,9,0,0,4,-128.4254914925932,124.02160902701469,25.244710051960794
right_hip,19,0,4,2,15,108,2,0,0,21,-176.93192530002446,176.93192530002446,35.3863850600049
left_knee,3,7,9,10,91,24,8,9,7,3,-132.8076781743173,135.18333187999997,26.799101005431723
right_knee,4,2,2,3,17,132,5,1,0,5,-96.29147555198486,96.29147555198486,19.258295110396972
