Joints,0,1,2,3,4,5,6,7,8,9,Min,Max,Step
left_shoulder,7,2,8,31,97,12,5,6,2,1,-14.04568538891532,18.640946927186924,3.2686632316102244
right_shoulder,18,4,5,5,69,39,6,4,3,18,-32.921258450065345,33.493879595832155,6.641513804589749
left_elbow,1,0,2,13,79,62,10,3,0,1,-23.581083214664236,24.176831707490663,4.77579149221549
right_elbow,3,17,0,0,18,113,1,0,17,2,-127.97808491747757,125.17764815381985,25.31557330712974
left_hip,5,1,0,11,19,112,15,2,0,6,-139.1446508835244,123.47590421609051,26.2620555099615
right_hip,20,2,1,5,98,19,3,1,0,22,-169.4725282316576,174.5854444258364,34.405797265749385
left_knee,2,5,12,5,12,104,9,7,11,4,-132.79678484865428,121.19325195949341,25.399003680814772
right_knee,6,0,1,2,21,130,5,1,0,5,-94.66805758338762,94.66805758338762,18.93361151667753
