Joints,0,1,2,3,4,5,6,7,8,9,Min,Max,Step
left_shoulder,3,4,2,8,42,90,10,4,5,3,-16.608502430005135,15.576189783012245,3.2184692213017385
right_shoulder,24,1,6,4,63,39,3,7,4,20,-33.48308071241392,33.63523701217494,6.711831772458886
left_elbow,2,2,2,12,27,82,26,11,5,2,-14.874083190719546,12.241753849769735,2.7115837040489286
right_elbow,4,20,0,2,39,81,2,0,20,3,-127.98423693902906,127.24985651232822,25.523409345135732
left_hip,6,0,0,14,28,103,14,0,2,4,-125.14749331843862,124.50565968872286,24.965315300716156
right_hip,22,1,3,5,18,93,3,1,2,23,-179.2740094387182,179.2740094387182,35.85480188774363
left_knee,5,5,10,12,26,75,17,9,9,3,-132.80559551395248,130.7617326344683,26.356732814842076
right_knee,7,0,2,4,130,13,5,3,0,7,-94.92690310696644,96.87859661941685,19.18054997263833
