Joints,0,1,2,3,4,5,6,7,8,9,Min,Max,Step
left_shoulder,3,2,0,18,97,38,8,2,1,2,-15.580953490075792,17.141466351279462,3.272241984135526
right_shoulder,12,8,5,6,69,43,5,4,4,15,-35.60500201709561,36.17141303289885,7.177641504999446
left_elbow,1,0,0,1,6,20,112,18,11,2,-24.71959771539514,13.02526174023464,3.7744859455629793
right_elbow,2,17,0,0,3,128,3,0,0,18,-125.60925485492805,103.02028390020833,22.86295387551364
left_hip,2,0,0,14,19,115,17,2,0,2,-129.35054997056486,118.50751282380651,24.78580627943714
right_hip,23,1,1,1,102,18,0,0,1,24,-175.99896485569823,176.267034682637,35.22659995383353
left_knee,3,6,10,8,22,90,13,7,10,2,-134.84436823868526,130.70488059723772,26.554924883592292
right_knee,7,0,2,2,19,127,4,2,0,8,-95.16970702401692,95.16970702401692,19.033941404803386
