Joints,0,1,2,3,4,5,6,7,8,9,Min,Max,Step
left_shoulder,3,1,6,21,97,31,4,2,2,4,-13.490406755364068,15.29774524157886,2.8788151996942926
right_shoulder,12,4,3,7,85,37,6,2,8,7,-36.650972336886014,37.66904451672579,7.432001685361179
left_elbow,1,0,1,4,23,115,21,3,2,1,-27.0148860466236,22.744307457025773,4.975919350364936
right_elbow,2,13,0,0,2,138,2,0,0,14,-125.21362235762432,104.88637872197545,23.010000107959982
left_hip,1,2,0,9,15,126,10,5,1,2,-137.97010047090012,119.21517263591466,25.71852731068148
right_hip,17,0,2,2,118,11,2,2,1,16,-166.00286446431872,172.48187844753915,33.848474291185795
left_knee,4,3,9,8,69,52,8,11,4,3,-134.86400812025616,134.93626281542709,26.980027093568324
right_knee,4,0,1,3,23,130,4,3,0,3,-95.57661884113614,95.57661884113614,19.115323768227228
