Joints,0,1,2,3,4,5,6,7,8,9,Min,Max,Step
left_shoulder,7,7,9,60,65,8,0,0,6,9,16.007222135138473,49.053996480236684,3.30467743450982
right_shoulder,2,15,88,5,5,8,10,7,10,21,14.71086207162533,59.11712949000516,4.440626741837983
left_elbow,9,0,4,6,5,3,29,73,27,15,73.07603799596373,100.80946560113176,2.7733427605167975
right_elbow,103,0,0,0,0,0,6,44,16,2,3.04202395146198,134.30560686544055,13.126358291397858
left_hip,5,7,3,0,0,0,12,2,17,125,43.157875382212325,180.0,13.68421246177877
right_hip,23,21,1,0,1,8,6,0,0,111,0.5518272886101216,180.0,17.944817271138987
left_knee,2,13,27,7,14,2,13,16,48,29,0.0,147.94504631942212,14.794504631942212
right_knee,109,14,0,2,6,18,1,0,2,19,0.0,97.05668725518801,9.705668725518802
