Joints,0,1,2,3,4,5,6,7,8,9,Min,Max,Step
left_shoulder,8,9,18,84,33,3,1,1,5,9,17.638325322419394,49.13579264643225,3.1497467324012867
right_shoulder,2,8,78,11,3,9,9,9,10,32,14.706931973282465,58.256720861205395,4.354978888792292
left_elbow,7,0,2,7,11,4,30,65,30,15,73.39174847949839,100.71371033285736,2.7321961853358943
right_elbow,92,1,0,0,0,0,1,54,22,1,3.0419808645309034,130.667431732674,12.76254508681431
left_hip,7,5,4,0,0,0,15,6,18,116,40.48318655785839,180.0,13.951681344214158
right_hip,24,29,2,0,0,7,9,0,0,100,0.4690329874240353,180.0,17.953096701257596
left_knee,6,24,17,12,15,2,12,10,35,38,4.303482137244466,147.03007432563248,14.272659218838804
right_knee,96,19,0,0,6,21,0,0,1,28,0.0,97.26167374556697,9.726167374556697
