Joints,0,1,2,3,4,5,6,7,8,9,Min,Max,Step
left_shoulder,5,7,15,44,76,7,1,3,4,9,14.912420254017524,50.007297286536684,3.5094877032519154
right_shoulder,2,28,70,4,8,9,10,8,29,3,14.706930510533493,62.397334139982405,4.769040362944889
left_elbow,6,2,4,9,6,10,32,71,26,5,72.8244539391177,101.68907869416185,2.886462475504416
right_elbow,95,0,0,0,0,0,3,53,19,1,3.0416247660305067,132.5716759978941,12.953005123186358
left_hip,7,6,4,0,0,0,14,2,14,124,39.4131715622181,180.0,14.058682843778193
right_hip,28,22,1,0,0,6,10,1,0,103,0.26430084183097946,180.0,17.973569915816903
left_knee,3,18,26,10,15,2,17,11,18,51,0.0,147.2260083558525,14.72260083558525
right_knee,102,16,1,0,6,17,0,0,3,26,0.0,96.9602021445516,9.69602021445516
