Joints,0,1,2,3,4,5,6,7,8,9,Min,Max,Step
left_shoulder,4,9,8,47,82,7,0,0,6,8,14.92874280539576,50.04631948048747,3.5117576675091726
right_shoulder,2,20,79,5,7,10,13,4,16,15,14.71198711355841,60.24336908809258,4.553138197453416
left_elbow,9,2,2,6,5,3,24,61,45,14,73.0063536728965,100.10929728064369,2.710294360774725
right_elbow,99,0,0,0,0,0,6,50,13,3,3.0419901526636157,133.92985872638084,13.088786857371723
left_hip,5,3,6,0,0,0,16,3,15,123,39.33602390751074,180.0,14.06639760924893
right_hip,23,25,2,0,0,7,6,1,0,107,0.126838763241026,180.0,17.987316123675896
left_knee,2,15,26,9,16,0,15,15,20,53,0.0,147.22164893467414,14.722164893467413
right_knee,105,16,0,1,5,16,0,0,4,24,0.0,96.69278932868136,9.669278932868135
