Joints,0,1,2,3,4,5,6,7,8,9,Min,Max,Step
left_shoulder,4,11,14,37,80,8,2,2,1,12,15.624285456815068,47.68812885211238,3.2063843395297322
right_shoulder,2,11,79,9,4,8,16,2,10,30,14.706900252127244,58.95681680353208,4.424991655140484
left_elbow,7,0,5,6,11,6,20,61,38,17,72.72587563394502,100.2845211828088,2.7558645548863723
right_elbow,93,0,0,0,0,0,6,51,19,2,3.0423320070173747,133.71747817951388,13.06751461724965
left_hip,10,4,1,0,0,0,15,1,21,119,40.855349116475594,180.0,13.914465088352443
right_hip,34,20,2,0,0,4,10,1,0,100,0.7964177572159878,180.0,17.920358224278402
left_knee,6,27,18,13,10,2,9,13,40,33,4.303911869037618,147.0346164576734,14.273070458863577
right_knee,98,19,0,1,13,14,0,0,2,24,0.0,98.15220096956756,9.815220096956756
