Joints,0,1,2,3,4,5,6,7,8,9,Min,Max,Step
left_shoulder,2,10,10,30,89,15,1,2,1,11,14.496305835104197,48.53848505709612,3.4042179221991926
right_shoulder,2,24,75,6,8,12,11,6,26,1,14.583246614469775,62.83620351404046,4.82529568995707
left_elbow,9,1,2,4,12,4,29,66,29,15,72.36832675148942,100.92527889676413,2.855695214527472
right_elbow,98,0,0,0,0,0,6,45,21,1,3.0423800419337605,133.72633879459693,13.068395875266315
left_hip,5,5,3,1,0,0,12,1,22,122,39.91266248650675,180.0,14.008733751349325
right_hip,26,21,2,1,1,7,5,1,0,107,0.7960336894318899,180.0,17.92039663105681
left_knee,2,18,23,8,17,2,10,15,15,61,0.0,147.02301080741802,14.702301080741801
right_knee,106,17,0,1,10,15,0,0,1,21,0.0,97.30704819942899,9.730704819942899
