Joints,0,1,2,3,4,5,6,7,8,9,Min,Max,Step
left_shoulder,114,0,0,0,0,0,0,0,14,42,0.08269104401253527,156.5875152562707,15.650482421225817
right_shoulder,114,0,0,0,0,0,0,0,7,49,0.1106823453926198,96.63960794496445,9.652892559957184
left_elbow,114,0,0,0,0,0,0,0,0,56,0.040096451174042286,154.16872829482932,15.412863184365529
right_elbow,100,6,4,0,0,8,20,9,15,8,0.08141317288008144,30.67806857306452,3.059665540018444
left_hip,110,2,2,0,0,0,4,36,5,11,0.08938394415890641,144.51491988535486,14.442553594119596
right_hip,105,8,1,0,0,0,0,1,1,54,0.09222913106139148,85.12867175884244,8.503644262778106
left_knee,100,14,0,0,0,0,0,0,25,31,0.05416591798321487,111.85600021926528,11.180183430128206
right_knee,109,3,0,0,0,18,18,0,0,22,0.10959180775760448,59.756794609525826,5.964720280176822
