Joints,0,1,2,3,4,5,6,7,8,9,Min,Max,Step
left_shoulder,112,0,0,0,0,0,0,0,15,43,0.0066487711140253815,156.0772229195708,15.607057414845679
right_shoulder,112,0,0,0,0,0,0,0,3,55,0.014727292801635969,96.42572161138013,9.64109943185785
left_elbow,112,0,0,0,0,0,0,0,0,58,0.019773277122679137,153.83880389854636,15.381903062142367
right_elbow,98,3,5,0,0,9,28,9,6,12,0.03788721374021604,30.341509288009505,3.0303622074269287
left_hip,109,3,0,0,0,0,1,39,8,10,0.032753896178697235,143.74410847200525,14.371135457582657
right_hip,100,11,1,0,0,0,0,1,3,54,0.04081206101426807,84.05049086912074,8.400967880810647
left_knee,97,15,0,0,0,0,0,0,12,46,0.015311409816567326,108.10079306668314,10.808548165686657
right_knee,106,2,0,0,1,31,10,0,2,18,0.01180771003278386,60.085995034648114,6.007418732461533
