Joints,0,1,2,3,4,5,6,7,8,9,Min,Max,Step
left_shoulder,146,0,0,0,0,0,0,0,4,20,0.0,156.31935018955411,15.631935018955412
right_shoulder,146,0,0,0,0,0,0,0,0,24,0.0,94.3015133124531,9.430151331245309
left_elbow,146,0,0,0,0,0,0,0,0,24,0.0,154.03411608335156,15.403411608335157
right_elbow,127,3,6,0,0,1,15,11,3,4,0.0,30.09617115416366,3.009617115416366
left_hip,139,4,3,0,0,0,0,18,2,4,0.0,143.82367716915385,14.382367716915386
right_hip,134,11,1,0,0,0,0,0,0,24,0.0,82.54384786218904,8.254384786218903
left_knee,137,9,0,0,0,0,0,0,6,18,0.0,108.50186135359849,10.850186135359849
right_knee,139,3,0,0,1,12,7,0,2,6,0.0,59.46784898545002,5.946784898545002
