Joints,0,1,2,3,4,5,6,7,8,9,Min,Max,Step
left_shoulder,112,0,0,0,0,0,0,0,18,40,0.1173439025258852,157.51029426223752,15.739295035971164
right_shoulder,112,0,0,0,0,0,0,0,0,58,0.01967011942133123,94.99127270842213,9.49716025890008
left_elbow,112,0,0,0,0,0,0,0,0,58,0.0021538687459553693,153.07293814881461,15.307078428006866
right_elbow,98,8,4,0,0,5,29,7,13,6,0.05337091017195025,32.22428533641338,3.217091442624143
left_hip,108,2,2,0,0,0,3,39,8,8,0.11338196687896235,142.28781348895976,14.21744315220808
right_hip,106,5,1,0,0,0,0,2,3,53,0.04457839229358531,85.19817195626736,8.515359356397378
left_knee,103,9,0,0,0,0,0,0,10,48,0.03122837093004105,107.40378888851109,10.737256051758106
right_knee,106,2,0,0,2,25,11,0,2,22,0.051264147248721734,61.20299264099445,6.115172849374573
