Joints,0,1,2,3,4,5,6,7,8,9,Min,Max,Step
left_shoulder,124,0,0,0,0,0,0,0,15,31,0.0415748466755032,156.4750331484833,15.643345830180781
right_shoulder,124,0,0,0,0,0,0,0,1,45,0.0187500112379557,96.99804601273395,9.6979296001496
left_elbow,124,0,0,0,0,0,0,0,0,46,0.025724277438008387,154.55398414605,15.4528259868612
right_elbow,110,6,4,0,0,2,21,8,7,12,0.07408214847667058,30.467285815860592,3.039320366738392
left_hip,121,3,0,0,0,0,1,31,8,6,0.03723863938664684,143.29900519553,14.326176655614333
right_hip,117,6,1,0,0,0,0,1,1,44,0.016372696662319074,85.19064300735961,8.51742703106973
left_knee,108,16,0,0,0,0,0,0,25,21,0.008710523539915237,112.22390565421429,11.221519513067438
right_knee,117,3,0,0,1,18,7,0,4,20,0.07565673843881597,60.196060092385686,6.012040335394687
