Joints,0,1,2,3,4,5,6,7,8,9,Min,Max,Step
left_shoulder,120,0,0,0,0,0,0,0,12,38,0.05774946102454875,156.92722201885448,15.686947255782993
right_shoulder,120,0,0,0,0,0,0,0,0,50,0.044229081336185576,94.10989267908766,9.406566359775148
left_elbow,120,0,0,0,0,0,0,0,0,50,0.01836904717380535,154.05659214331845,15.403822309614466
right_elbow,101,9,4,0,0,6,25,8,9,8,0.08812882279202351,30.41499974575815,3.0326870922966127
left_hip,116,3,1,0,0,0,1,34,7,8,0.09195997074932524,142.4263122874863,14.233435231673699
right_hip,109,9,2,0,0,0,0,0,3,47,0.11217147244622837,84.69949799916283,8.45873265267166
left_knee,108,12,0,0,0,0,0,0,17,33,0.05625564361447187,109.15294010790356,10.909668446428908
right_knee,114,1,1,1,2,27,6,0,2,16,0.12141280385011725,60.766485497217076,6.064507269336696
