Joints,0,1,2,3,4,5,6,7,8,9,Min,Max,Step
left_shoulder,122,0,0,0,0,0,0,0,12,36,0.07103840029498673,157.5771175615531,15.750607916125812
right_shoulder,122,0,0,0,0,0,0,0,7,41,0.03337343186814838,96.71754767122991,9.668417423936177
left_elbow,122,0,0,0,0,0,0,0,0,48,0.002638005896159163,152.53632054854154,15.253368254264538
right_elbow,108,6,4,0,0,1,28,10,4,9,0.07184318357879457,31.094280877213478,3.102243769363468
left_hip,117,5,0,0,0,0,0,31,16,1,0.12590953980936612,137.85571332120534,13.772980378139598
right_hip,115,6,1,0,0,0,0,0,3,45,0.0446368405532477,84.30838894018439,8.426375209963114
left_knee,108,14,0,0,0,0,0,0,22,26,0.03193621901707172,112.2052297359906,11.217329351697353
right_knee,118,2,0,0,0,21,15,0,0,14,0.0328164480025411,60.25254539267173,6.021972894466918
