Joints,0,1,2,3,4,5,6,7,8,9,Min,Max,Step
left_shoulder,132,0,0,0,0,0,0,0,12,26,0.013711244659162177,157.62381956370143,15.761010831904226
right_shoulder,132,0,0,0,0,0,0,0,2,36,0.08076947117640572,95.87686265993031,9.57960931887539
left_elbow,132,0,0,0,0,0,0,0,0,38,0.025660220632299568,153.8726224040453,15.3846962183413
right_elbow,114,11,3,0,0,2,20,8,6,6,0.04484012930156283,30.425959683916467,3.0381119554614906
left_hip,130,2,0,0,0,0,0,22,12,4,0.02563276737235904,140.69884868191915,14.067321591454677
right_hip,121,9,2,0,0,0,0,0,2,36,0.03106168167357473,84.50737373940302,8.447631205772945
left_knee,117,15,0,0,0,0,0,0,11,27,0.024209673780540383,108.3113209007524,10.828711122697186
right_knee,125,3,0,0,2,21,5,0,2,12,0.04661258119584753,61.02756036746868,6.098094778627283
