Joints,0,1,2,3,4,5,6,7,8,9,Min,Max,Step
left_shoulder,27,51,63,15,10,0,0,0,0,2,0.0,81.93097096745399,8.193097096745399
right_shoulder,93,46,9,9,0,5,0,0,0,6,0.0,154.61307684367432,15.461307684367432
left_elbow,1,1,6,2,7,6,17,33,36,59,7.5971556404997775,179.6688447351249,17.207168909462514
right_elbow,2,3,1,9,11,21,14,23,34,50,0.0,179.41952849217884,17.941952849217884
left_hip,9,2,3,11,26,52,18,30,10,7,0.0,176.7938847896615,17.67938847896615
right_hip,14,4,5,9,62,44,15,8,6,1,0.0,172.93737550892598,17.293737550892597
left_knee,8,4,1,4,3,7,17,25,27,72,0.0,180.0,18.0
right_knee,7,2,3,2,4,3,15,17,33,82,0.0,179.99999790869018,17.99999979086902
