Joints,0,1,2,3,4,5,6,7,8,9,Min,Max,Step
left_shoulder,65,78,15,2,1,0,0,0,0,7,0.0,149.653898957208,14.9653898957208
right_shoulder,68,51,21,8,1,2,0,2,8,7,2.169507193872525,169.1239581810609,16.69544509871884
left_elbow,11,1,7,23,5,30,13,22,13,43,0.0,178.7957828209499,17.87957828209499
right_elbow,6,1,11,15,3,17,16,18,22,59,0.0,179.4874581530299,17.948745815302992
left_hip,10,1,10,6,32,56,20,3,4,26,0.0,180.0,18.0
right_hip,17,17,9,20,13,44,25,5,11,7,0.0,173.35432586553932,17.33543258655393
left_knee,26,10,2,4,1,8,19,25,13,60,0.0,180.0,18.0
right_knee,9,5,9,5,21,14,12,11,28,54,0.0,179.12210291326238,17.91221029132624
