Joints,0,1,2,3,4,5,6,7,8,9,Min,Max,Step
left_shoulder,30,34,38,32,9,7,8,1,8,1,0.0,72.356311341626,7.2356311341626
right_shoulder,74,47,28,12,2,1,0,0,3,1,1.0414734292194745,136.5744966295083,13.553302320028882
left_elbow,6,5,3,4,7,13,16,33,20,61,2.7166619443072433,180.0,17.728333805569275
right_elbow,3,2,1,5,25,10,9,15,38,60,0.0,179.5701817621989,17.95701817621989
left_hip,11,10,11,15,30,40,24,14,6,7,0.0,180.0,18.0
right_hip,12,6,12,15,34,43,14,22,4,6,0.0,177.9360531959203,17.79360531959203
left_knee,7,11,9,12,9,10,7,28,30,45,0.0,180.0,18.0
right_knee,13,3,6,9,7,7,17,20,25,61,0.0,179.28815758624077,17.928815758624076
