Joints,0,1,2,3,4,5,6,7,8,9,Min,Max,Step
left_shoulder,61,68,30,5,3,0,0,0,0,1,1.245398689834554,175.23702843878468,17.399162974895013
right_shoulder,27,42,37,34,12,4,0,3,1,8,1.97674391026554,112.8937392305034,11.091699532023785
left_elbow,15,2,3,8,5,18,6,24,43,44,0.4877399550432241,179.4835666148273,17.899582665978407
right_elbow,7,6,14,16,12,9,8,23,17,56,4.359988655623799,180.0,17.56400113443762
left_hip,10,6,3,8,22,42,25,12,13,27,0.0,180.0,18.0
right_hip,12,14,14,21,25,47,15,10,3,7,0.0,180.0,18.0
left_knee,18,5,3,9,13,3,17,9,22,69,0.0,179.47847939366784,17.947847939366785
right_knee,10,12,4,7,12,4,11,28,23,57,0.0,180.0,18.0
