Joints,0,1,2,3,4,5,6,7,8,9,Min,Max,Step
left_shoulder,76,52,19,8,3,1,2,4,2,1,1.2074182697257331e-06,143.074255433751,14.307425422633273
right_shoulder,81,53,18,7,2,1,0,0,3,3,0.0,172.03365731829757,17.203365731829756
left_elbow,6,2,9,0,6,19,26,23,31,46,0.0,180.0,18.0
right_elbow,18,9,5,6,11,19,11,24,27,38,0.0,179.99999212859595,17.999999212859596
left_hip,7,3,10,12,25,48,31,12,9,11,0.0,178.4066713522531,17.84066713522531
right_hip,13,10,9,19,37,46,15,8,6,5,0.0,177.36169082227937,17.73616908222794
left_knee,9,3,7,2,9,8,6,35,29,60,0.0,180.0,18.0
right_knee,10,1,2,14,9,7,8,19,35,63,0.0,179.99999133514385,17.999999133514386
