Joints,0,1,2,3,4,5,6,7,8,9,Min,Max,Step
left_shoulder,84,72,5,3,1,2,0,0,0,1,0.0,159.80002082630924,15.980002082630923
right_shoulder,73,62,19,8,2,1,0,0,1,2,0.0,139.74307522613483,13.974307522613483
left_elbow,7,1,3,6,3,15,12,25,30,66,0.2978046314377997,179.82071472334272,17.952291009190493
right_elbow,6,6,6,7,7,18,16,14,47,41,6.823023754728505,180.0,17.31769762452715
left_hip,5,1,7,5,20,51,41,16,13,9,0.0,179.66493573066242,17.96649357306624
right_hip,7,8,9,21,48,34,15,13,6,7,0.0,169.26185283137184,16.926185283137183
left_knee,6,5,7,5,7,5,13,28,18,74,4.5342522120472175,180.0,17.54657477879528
right_knee,8,2,6,6,5,2,7,16,28,88,0.0,179.8229987987724,17.98229987987724
