Joints,0,1,2,3,4,5,6,7,8,9,Min,Max,Step
left_shoulder,58,75,13,5,2,1,1,2,3,8,0.6145085799746057,140.17293082748614,13.955842224751155
right_shoulder,78,40,24,14,2,0,1,1,2,6,0.427245661134952,154.7463451226788,15.431909946154386
left_elbow,7,0,4,9,4,12,15,28,30,59,0.4932258086690474,179.3238004807237,17.883057467205465
right_elbow,13,3,6,6,11,23,14,21,24,47,6.290439627049934,179.3693650002932,17.307892537324328
left_hip,10,5,5,1,24,56,41,14,6,6,0.0,176.40482701109784,17.640482701109782
right_hip,14,0,6,17,63,39,9,10,5,5,0.0,175.4216185281943,17.54216185281943
left_knee,7,6,5,14,3,5,14,17,31,66,0.0,179.04419473690328,17.90441947369033
right_knee,6,2,5,11,23,1,7,8,32,73,0.0,180.0,18.0
