Joints,0,1,2,3,4,5,6,7,8,9,Min,Max,Step
left_shoulder,131,9,7,8,0,2,1,2,4,3,0.0,171.65899243168747,17.165899243168745
right_shoulder,121,19,8,6,3,0,1,2,5,2,0.0,154.97641449087024,15.497641449087023
left_elbow,133,10,9,3,1,1,1,3,4,2,0.0,187.57881606347266,18.757881606347265
right_elbow,122,24,11,0,0,1,0,5,2,2,0.0,177.90088596483932,17.790088596483933
left_hip,123,18,12,2,0,2,0,1,7,2,0.0,174.3454584985564,17.434545849855642
right_hip,127,21,9,0,0,0,0,4,3,3,0.0,173.06728875818337,17.306728875818337
left_knee,98,35,18,4,1,1,1,1,5,3,0.0,168.0497730192453,16.80497730192453
right_knee,94,41,14,6,2,1,0,1,5,3,0.0,163.86063647568918,16.386063647568918
