Joints,0,1,2,3,4,5,6,7,8,9,Min,Max,Step
left_shoulder,1,0,4,22,153,17,2,0,0,1,-137.67308252605488,174.31565728106145,31.198873980711625
right_shoulder,1,0,2,8,49,122,15,2,0,1,-128.0260709948251,119.71891558483351,24.774498657965864
left_elbow,6,8,10,9,43,94,8,6,9,7,-153.58756505539188,151.81283010139708,30.5400395156789
right_elbow,5,11,5,10,112,30,7,6,9,5,-147.9569377265041,157.89440905760847,30.585134678411265
left_hip,2,2,4,18,49,102,9,10,3,1,-101.38504966256914,100.37741347704424,20.176246313961343
right_hip,1,2,3,8,13,103,46,12,6,6,-113.41318334639809,80.68471559420844,19.40978989406065
left_knee,3,1,2,1,64,120,4,0,2,3,-155.07284371365986,150.29376137491224,30.53666050885721
right_knee,4,2,2,1,23,146,13,4,1,4,-179.00304824337695,154.71662561045258,33.37196738538296
