Joints,0,1,2,3,4,5,6,7,8,9,Min,Max,Step
left_shoulder,16,21,60,81,21,0,0,0,0,1,0.0,174.31116163581848,17.431116163581848
right_shoulder,9,9,36,63,35,25,14,6,2,1,0.0,106.14069300222765,10.614069300222765
left_elbow,9,10,12,16,5,2,11,18,50,67,0.0,179.99997688495557,17.999997688495558
right_elbow,14,4,16,31,7,1,7,18,32,70,0.0,179.9999991462264,17.99999991462264
left_hip,18,1,11,8,49,85,18,4,3,3,0.0,180.0,18.0
right_hip,16,7,5,45,54,51,13,2,2,5,0.0,180.0,18.0
left_knee,11,2,1,1,1,3,0,33,69,79,0.0,180.0,18.0
right_knee,16,1,1,1,2,12,4,7,60,96,0.0,180.0,18.0
