Joints,0,1,2,3,4,5,6,7,8,9,Min,Max,Step
left_shoulder,170,2,0,0,1,3,10,8,1,4,0.0,200.32904864741047,20.03290486474105
right_shoulder,170,0,1,0,1,3,7,4,6,7,0.0,195.88676761939053,19.588676761939052
left_elbow,165,5,2,0,1,6,7,6,3,4,0.0,181.6443423917524,18.16443423917524
right_elbow,165,5,0,1,1,6,3,6,4,8,0.0,176.88959957419772,17.688959957419772
left_hip,170,1,0,2,4,3,7,10,0,2,0.0,184.30370914545142,18.430370914545144
right_hip,170,0,0,1,3,3,5,8,5,4,0.0,174.1967514884604,17.41967514884604
left_knee,171,0,0,5,4,3,4,4,2,6,0.0,186.71889608418175,18.671889608418176
right_knee,170,0,1,0,2,5,6,7,6,2,0.0,190.72489699280825,19.072489699280826
