Joints,0,1,2,3,4,5,6,7,8,9,Min,Max,Step
left_shoulder,182,0,0,0,0,4,7,4,0,2,0.0,199.7924265761064,19.97924265761064
right_shoulder,182,0,0,0,0,0,7,4,2,4,0.0,187.59256782888846,18.759256782888848
left_elbow,180,2,2,0,2,7,3,1,0,2,0.0,207.84016645096688,20.78401664509669
right_elbow,177,5,0,0,1,3,3,3,2,5,0.0,178.30244400976468,17.83024440097647
left_hip,182,0,0,0,2,6,4,0,1,4,0.0,184.1525088132447,18.41525088132447
right_hip,182,0,0,0,0,0,3,7,2,5,0.0,170.29693006865784,17.029693006865784
left_knee,182,0,0,0,5,3,2,5,0,2,0.0,221.2955467694807,22.129554676948068
right_knee,181,1,0,0,1,4,2,4,4,2,0.0,202.89750404382596,20.289750404382595
