Joints,0,1,2,3,4,5,6,7,8,9,Min,Max,Step
left_shoulder,195,3,0,0,0,0,0,0,0,1,0.0,147.44309448034804,14.744309448034803
right_shoulder,198,0,0,0,0,0,0,0,0,1,0.0,142.94736438178998,14.294736438178997
left_elbow,183,15,0,0,0,0,0,0,0,1,0.0,152.91539797683467,15.291539797683466
right_elbow,176,22,0,0,0,0,0,0,0,1,0.0,147.07972829793258,14.707972829793258
left_hip,195,3,0,0,0,0,0,0,0,1,0.0,157.3276729773556,15.73276729773556
right_hip,198,0,0,0,0,0,0,0,0,1,0.0,157.08558615749246,15.708558615749245
left_knee,198,0,0,0,0,0,0,0,0,1,0.0,164.56008826743653,16.456008826743652
right_knee,194,4,0,0,0,0,0,0,0,1,0.0,162.9871151700178,16.29871151700178
