Joints,0,1,2,3,4,5,6,7,8,9,Min,Max,Step
left_shoulder,173,2,1,0,0,0,1,6,6,10,0.0,160.5047673958787,16.05047673958787
right_shoulder,175,0,1,0,1,2,10,2,3,5,0.0,208.1879741936761,20.81879741936761
left_elbow,161,14,0,3,0,4,4,8,3,2,0.0,158.6878275429031,15.868782754290311
right_elbow,173,2,0,1,3,12,2,2,0,4,0.0,209.33010989703118,20.933010989703117
left_hip,175,0,0,5,0,1,10,2,1,5,0.0,179.85377807315913,17.985377807315913
right_hip,175,0,0,1,5,2,9,4,1,2,0.0,197.43569887166615,19.743569887166615
left_knee,175,0,0,1,6,2,0,7,6,2,0.0,163.88472923646756,16.388472923646756
right_knee,171,4,0,0,2,6,2,2,4,8,0.0,167.56381083101238,16.75638108310124
