Joints,0,1,2,3,4,5,6,7,8,9,Min,Max,Step
left_shoulder,1,5,5,15,135,32,5,3,0,3,-39.964588735750816,45.613437880462854,8.557802661621366
right_shoulder,1,0,0,2,107,92,1,0,0,1,-160.7508620430824,161.50059266377008,32.22514547068525
left_elbow,1,3,4,2,51,131,4,1,5,2,-73.44153141073178,68.41493146765202,14.18564628783838
right_elbow,1,2,3,8,121,58,4,5,0,2,-150.58388731324533,155.46718887890825,30.60510761921536
left_hip,2,2,2,9,73,102,6,4,3,1,-104.34434237935551,102.35662443731628,20.670096681667175
right_hip,1,8,5,6,26,120,22,5,7,4,-113.02184084184141,96.37913594738414,20.940097678922555
left_knee,1,1,1,0,14,177,7,0,1,2,-145.0707752389721,122.91278986785994,26.798356510683206
right_knee,2,1,5,7,62,108,11,3,1,4,-172.98027550662624,165.99927848049362,33.897955398711986
