Joints,0,1,2,3,4,5,6,7,8,9,Min,Max,Step
left_shoulder,56,76,47,9,9,3,3,0,0,1,0.257179241984808,53.31038151507729,5.305320227309248
right_shoulder,171,22,9,0,1,0,0,0,0,1,1.3325041258111767,173.757410229739,17.242490610392785
left_elbow,1,0,1,4,0,3,62,109,23,1,52.243873827975676,171.97187258327077,11.972799875529503
right_elbow,3,1,3,0,6,8,7,17,45,114,80.61068627198323,179.999979904555,9.938929363257174
left_hip,3,1,2,11,60,109,12,2,2,2,19.893667893172157,180.0,16.010633210682784
right_hip,3,4,11,33,83,38,20,4,5,3,7.315471055842334,180.0,17.268452894415766
left_knee,1,1,0,0,0,0,0,4,19,179,0.0,180.0,18.0
right_knee,2,1,0,0,4,9,17,13,50,108,0.0,180.0,18.0
