Joints,0,1,2,3,4,5,6,7,8,9,Min,Max,Step
left_shoulder,59,74,43,12,3,4,4,1,1,3,0.9382372321967488,53.80366678539608,5.286542955319933
right_shoulder,33,129,24,8,6,0,3,0,0,1,0.0,83.70208532073578,8.370208532073578
left_elbow,1,0,1,0,6,4,20,140,31,1,12.535218903439176,179.9999415429969,16.746472263955773
right_elbow,1,0,0,1,1,6,3,16,28,148,11.3282362434249,179.9999765561778,16.86717403127529
left_hip,2,0,5,3,26,108,55,2,2,1,0.0,180.0,18.0
right_hip,2,0,4,16,47,84,27,19,3,2,0.0,164.57004602837114,16.457004602837113
left_knee,2,0,1,0,0,0,0,5,24,172,0.0,179.99997324539837,17.999997324539837
right_knee,3,2,1,5,9,9,9,23,42,101,44.44551036246526,180.0,13.555448963753477
