Joints,0,1,2,3,4,5,6,7,8,9,Min,Max,Step
left_shoulder,180,20,2,1,0,0,0,0,0,1,0.8711112709916129,167.4007925383441,16.65296812673525
right_shoulder,10,60,77,34,9,4,2,3,3,2,0.7685525039512917,49.123406209854686,4.835485370590339
left_elbow,1,0,0,0,1,6,8,129,57,2,0.6931860168342312,178.9288796779951,17.823569366116086
right_elbow,4,0,0,0,2,6,2,15,29,146,8.052705066328665,179.99999250816666,17.1947287441838
left_hip,1,1,4,5,21,101,66,0,0,5,0.0,177.4224748916874,17.74224748916874
right_hip,5,1,4,13,57,74,27,18,3,2,0.0,169.11488031496862,16.911488031496862
left_knee,2,0,0,0,0,0,1,9,30,162,34.92050612563749,180.0,14.507949387436256
right_knee,3,2,1,2,13,13,9,16,48,97,27.80958074779377,180.0,15.219041925220626
