Joints,0,1,2,3,4,5,6,7,8,9,Min,Max,Step
left_shoulder,69,76,37,13,4,4,0,0,0,1,0.3393694218001633,63.14618324514284,6.280681382334268
right_shoulder,55,112,27,5,3,0,1,0,0,1,0.6892190457568259,86.50528730302132,8.58160682572645
left_elbow,5,3,1,1,1,12,44,73,47,17,87.1103343349439,156.30837669356376,6.919804235861989
right_elbow,2,1,2,1,4,11,9,22,36,116,73.11265403369016,179.99999015380195,10.688733612011177
left_hip,1,0,3,4,22,96,68,4,3,3,0.0,177.4030524309697,17.74030524309697
right_hip,4,3,7,11,61,69,25,17,4,3,0.0,168.02664160435208,16.802664160435206
left_knee,1,0,0,0,0,0,1,4,18,180,12.320553288270311,179.89390633950234,16.757335305123203
right_knee,1,0,1,2,4,14,10,17,49,106,0.0,180.0,18.0
