Joints,0,1,2,3,4,5,6,7,8,9,Min,Max,Step
left_shoulder,186,13,0,0,0,1,0,1,0,2,0.08522147627831289,137.23800909147414,13.715278761519581
right_shoulder,177,21,1,1,1,0,0,0,0,2,0.11979225845321395,131.487413524645,13.13676212661918
left_elbow,190,8,1,0,0,0,0,0,1,3,0.11924103605601327,135.38264257094824,13.52634015348922
right_elbow,175,16,8,0,0,0,0,0,1,3,0.18082789261390236,119.72533918533394,11.954451129272003
left_hip,195,4,0,0,0,0,0,2,0,2,0.20381082756105112,135.02398289448507,13.482017206692401
right_hip,195,4,0,0,0,0,0,2,0,2,0.4181546467420775,131.78998039557658,13.13718257488345
left_knee,197,0,2,0,0,0,2,0,0,2,0.24547679755670465,159.75691698649396,15.951144018893725
right_knee,172,20,5,2,0,0,2,0,0,2,0.34887206300721235,135.87720037036948,13.552832830736227
