Joints,0,1,2,3,4,5,6,7,8,9,Min,Max,Step
left_shoulder,177,5,13,0,0,0,2,0,1,5,0.0,81.78202195370852,8.178202195370853
right_shoulder,173,10,12,0,0,0,0,0,2,6,0.0,81.72520999434873,8.172520999434873
left_elbow,190,2,3,1,1,0,2,2,0,2,0.0,107.27282213271832,10.727282213271831
right_elbow,166,3,22,5,1,0,0,0,1,5,0.0,81.58975717500977,8.158975717500976
left_hip,177,14,1,4,1,0,0,0,2,4,0.0,82.66155075566894,8.266155075566894
right_hip,175,17,4,1,0,0,0,0,4,2,0.0,87.08583755944998,8.708583755944998
left_knee,189,4,0,2,2,0,0,1,1,4,0.0,94.84966801410609,9.484966801410609
right_knee,150,27,12,5,3,0,0,0,1,5,0.0,88.27622097401992,8.827622097401992
