Joints,0,1,2,3,4,5,6,7,8,9,Min,Max,Step
left_shoulder,183,11,1,0,1,2,1,0,2,2,0.2037670649435855,128.37090139356724,12.816713432862366
right_shoulder,174,16,5,0,1,0,2,3,0,2,0.16430278199817394,103.6640082799286,10.349970549793042
left_elbow,187,7,1,0,1,0,2,1,2,2,0.0645060358192049,137.34179978215292,13.727729374633373
right_elbow,173,8,14,0,1,2,2,1,0,2,0.1974056982643008,107.37764106815588,10.718023536989158
left_hip,188,7,0,0,3,0,1,1,1,2,0.053002697506171585,129.04365037601863,12.899064767851247
right_hip,183,11,1,0,1,2,0,1,2,2,0.117984471710316,104.52332814190595,10.440534367019563
left_knee,192,1,2,0,3,0,1,1,1,2,0.038101049628412785,144.95343663079646,14.491533558116805
right_knee,149,22,18,6,1,0,0,2,3,2,0.09734858835568226,97.68727104984049,9.75899224614848
