Joints,0,1,2,3,4,5,6,7,8,9,Min,Max,Step
left_shoulder,108,64,13,3,1,0,3,3,6,2,0.023934788674886853,22.90888510397297,2.2884950315298083
right_shoulder,166,10,3,14,8,0,0,1,0,1,0.05406032897005757,50.58364738810376,5.052958705913371
left_elbow,138,55,2,1,1,0,0,1,3,2,0.13065684359898516,29.01367282057421,2.888301597697523
right_elbow,169,9,3,6,14,0,1,0,0,1,0.11057766605180618,53.87678022305973,5.376620255700793
left_hip,132,49,13,1,2,2,1,0,2,1,0.08757379334677524,33.52605911786256,3.3438485324515783
right_hip,145,36,11,6,1,0,0,1,2,1,0.08230853651162076,43.724156931319854,4.364184839480823
left_knee,171,26,2,0,0,0,0,1,0,3,0.1234715499647947,49.027913430183744,4.8904441880218945
right_knee,100,45,18,8,6,6,8,6,2,4,0.2964040964804458,38.47093551368825,3.8174531417207804
