Joints,0,1,2,3,4,5,6,7,8,9,Min,Max,Step
left_shoulder,187,10,0,0,0,1,0,1,2,2,0.0,160.27752104108419,16.02775210410842
right_shoulder,173,24,0,0,0,0,2,0,3,1,0.0,127.86480677716602,12.786480677716602
left_elbow,191,6,0,0,0,0,2,2,0,2,0.0,175.54953861918514,17.554953861918513
right_elbow,171,22,4,0,0,2,0,2,1,1,0.0,132.19800381366233,13.219800381366232
left_hip,196,1,0,0,0,1,3,0,0,2,0.0,179.3978420464117,17.93978420464117
right_hip,190,7,0,0,0,0,0,2,2,2,0.0,121.95083711276855,12.195083711276855
left_knee,197,0,0,0,0,1,3,0,0,2,0.0,196.74977887686342,19.674977887686342
right_knee,171,20,5,1,0,0,1,3,0,2,0.0,128.66299889995855,12.866299889995854
