Joints,0,1,2,3,4,5,6,7,8,9,Min,Max,Step
left_shoulder,187,11,0,0,2,0,0,0,2,1,0.0,119.28045104748985,11.928045104748985
right_shoulder,180,13,5,0,0,2,0,0,0,3,0.0,96.75524359743805,9.675524359743806
left_elbow,192,4,2,0,2,0,0,2,0,1,0.0,126.76564328121479,12.67656432812148
right_elbow,176,7,15,0,1,1,0,0,1,2,0.0,96.92840798716068,9.692840798716068
left_hip,192,5,0,2,1,0,0,0,0,3,0.0,107.15291132394216,10.715291132394217
right_hip,188,9,1,1,1,0,0,0,0,3,0.0,95.52630611271374,9.552630611271374
left_knee,198,0,0,0,1,0,1,0,2,1,0.0,121.3717875785797,12.13717875785797
right_knee,165,20,10,5,0,0,0,0,1,2,0.0,105.66997029111576,10.566997029111576
