Joints,0,1,2,3,4,5,6,7,8,9,Min,Max,Step
left_shoulder,188,9,0,0,1,1,0,0,1,3,0.0,124.9594348191524,12.49594348191524
right_shoulder,178,16,2,1,0,2,0,1,0,3,0.0,114.12263636504153,11.412263636504154
left_elbow,189,5,3,0,1,1,0,0,3,1,0.0,127.62137255215036,12.762137255215036
right_elbow,175,11,10,0,1,2,1,1,0,2,0.0,111.28955275582682,11.128955275582681
left_hip,193,4,0,0,0,2,0,0,1,3,0.0,120.39662512462372,12.039662512462373
right_hip,190,5,2,0,0,2,0,1,1,2,0.0,112.32959391433008,11.232959391433008
left_knee,193,2,0,1,1,0,1,3,0,2,0.0,112.49178697353993,11.249178697353994
right_knee,154,24,11,6,2,0,0,1,1,4,0.0,96.6885757397795,9.668857573977949
