Joints,0,1,2,3,4,5,6,7,8,9,Min,Max,Step
left_shoulder,1,2,0,8,187,44,2,0,2,1,-125.7709766300256,132.06353923262364,25.783451586264917
right_shoulder,1,0,1,1,12,192,33,4,1,2,-148.1007112433237,110.18494050585691,25.828565174918054
left_elbow,2,6,13,21,173,16,7,4,3,2,-129.8678215726664,159.42474538841694,28.92925669610834
right_elbow,2,4,4,13,96,104,13,5,5,1,-161.96832499242674,161.34237180012826,32.331069679255506
left_hip,1,0,0,1,26,215,3,0,0,1,-54.02078561997281,47.778317166800655,10.179910278677347
right_hip,2,1,1,0,5,231,2,1,2,2,-113.49717671181999,94.9206417104473,20.841781842226723
left_knee,4,0,8,3,3,211,3,5,7,3,-152.8942127750031,130.8606143867029,28.375482716170595
right_knee,9,1,3,214,10,1,5,2,1,1,-89.5754412538761,156.24722458580766,24.582266583968376
