Joints,0,1,2,3,4,5,6,7,8,9,Min,Max,Step
left_shoulder,2,1,3,3,5,196,28,3,1,5,-131.12853737062818,95.71723081263521,22.684576818326335
right_shoulder,2,1,6,46,178,11,0,2,0,1,-80.57766995833597,111.9756156081775,19.25532855665135
left_elbow,4,1,5,11,113,94,8,5,2,4,-157.11998097653313,158.90445791046542,31.602443888699852
right_elbow,2,3,6,13,67,127,18,5,3,3,-161.35436575769242,155.2539968367611,31.660836259445347
left_hip,1,0,1,10,48,123,48,14,1,1,-21.112700388421192,17.187786582679948,3.830048697110115
right_hip,1,2,0,1,5,233,1,1,1,2,-127.12353592012865,111.6478742302752,23.87714101504038
left_knee,4,1,10,0,4,211,1,6,7,3,-155.27473100615308,133.99767722390578,28.92724082300589
right_knee,1,5,9,0,203,16,1,7,4,1,-150.22797943154058,165.1898980724595,31.541787750400005
