Joints,0,1,2,3,4,5,6,7,8,9,Min,Max,Step
left_shoulder,1,2,2,4,7,193,30,1,1,6,-131.97162486023518,95.82955574650585,22.7801180606741
right_shoulder,1,1,4,10,177,46,4,1,1,2,-123.95660521471329,131.2838454168371,25.524045063155043
left_elbow,3,3,5,12,56,142,11,8,3,4,-159.77004737171782,153.43475420659098,31.320480157830872
right_elbow,3,3,7,13,58,135,11,9,5,3,-165.9469484223196,159.79715570417534,32.574410412649485
left_hip,1,1,0,0,72,170,1,0,1,1,-115.3180026312988,112.45688503108295,22.777488766238164
right_hip,1,1,0,0,0,232,10,1,1,1,-136.18219961571756,101.6912406954969,23.78734403112145
left_knee,2,2,5,7,0,184,31,2,10,4,-155.21512561760898,111.5276353606218,26.674276097823082
right_knee,3,2,4,0,223,6,3,4,1,1,-131.08891764984529,156.25004960861781,28.733896725846307
