Joints,0,1,2,3,4,5,6,7,8,9,Min,Max,Step
left_shoulder,1,1,2,1,7,208,21,2,1,3,-149.6227915890858,112.3418562533225,26.19646478424083
right_shoulder,2,3,0,10,160,60,5,1,3,3,-143.06530160691838,146.72290530604673,28.978820691296505
left_elbow,5,2,3,14,126,80,7,4,2,4,-156.5623260129659,158.92013271776986,31.54824587307357
right_elbow,7,8,3,11,57,127,17,2,8,7,-162.84509021194575,156.79090282104272,31.96359930329885
left_hip,4,2,6,18,68,83,45,17,3,1,-14.037013636580866,12.619775929296507,2.665678956587737
right_hip,1,0,1,1,1,231,9,0,1,2,-133.89558358075595,100.69558819226269,23.459117177301863
left_knee,2,8,6,1,178,36,1,10,3,2,-126.10449595652578,132.30306684539764,25.840756280192338
right_knee,2,4,4,1,224,4,3,3,1,1,-126.21909471913044,158.4679999136754,28.468709463280575
