Joints,0,1,2,3,4,5,6,7,8,9,Min,Max,Step
left_shoulder,2,1,3,9,224,5,0,1,1,1,-130.9839949222243,161.7086316608805,29.26926265831048
right_shoulder,1,0,3,2,13,198,24,0,3,3,-161.08727096530652,123.08872311789041,28.41759940831969
left_elbow,5,1,5,15,139,66,6,5,2,3,-152.94663783982898,161.52269488059466,31.446933272042358
right_elbow,3,5,4,8,67,131,13,7,5,4,-163.84067352540654,157.39501301496648,32.123568654037285
left_hip,3,1,17,73,110,30,9,3,0,1,-14.387538218906016,19.564526705620924,3.3952064924526937
right_hip,1,1,1,0,7,232,2,1,0,2,-137.26039724033382,121.6612023013142,25.892159954164796
left_knee,3,1,9,3,6,208,0,10,5,2,-151.943288169377,135.27049299244172,28.721378116181867
right_knee,2,3,6,0,197,28,2,5,2,2,-146.98441235767604,157.33453383644814,30.431894619412418
