Joints,0,1,2,3,4,5,6,7,8,9,Min,Max,Step
left_shoulder,61,105,41,9,2,5,9,3,10,2,0.12506580739975767,178.12360948585282,17.799854367845306
right_shoulder,74,36,44,23,25,17,10,12,4,2,0.01883448947998247,137.83823734771735,13.781940285823737
left_elbow,23,27,31,14,24,22,33,36,22,15,0.24240171767368174,175.2509781240369,17.50085764063632
right_elbow,9,4,9,26,11,12,33,42,34,67,3.3010543013937244,179.79793312153961,17.64968788201459
left_hip,30,134,65,10,6,1,0,0,0,1,89.22766477203692,159.02228904273363,6.979462427069677
right_hip,2,1,2,20,91,121,2,2,2,4,31.05255352922373,174.60491618910171,14.355236265987799
left_knee,11,5,1,7,12,9,0,0,26,176,18.95437030765045,179.99998762764443,16.104561731999397
right_knee,4,1,3,0,2,22,5,12,52,146,0.0,179.78531224213273,17.978531224213274
