Joints,0,1,2,3,4,5,6,7,8,9,Min,Max,Step
left_shoulder,57,81,67,13,3,2,5,4,8,7,0.0,164.04382722445968,16.404382722445966
right_shoulder,91,48,40,27,15,15,8,1,1,1,0.05102507007375162,177.78730684302909,17.77362817729553
left_elbow,28,25,30,21,16,22,34,38,23,10,0.0,174.5808877179749,17.458088771797488
right_elbow,8,7,7,22,16,10,32,44,29,72,1.945717559817123,179.76919448931218,17.782347692949507
left_hip,1,0,0,1,16,71,125,20,6,7,67.19394834824236,122.72756672807873,5.553361837983644
right_hip,4,0,1,15,37,103,82,0,2,3,29.544366244452377,158.9290162075003,12.938464996304795
left_knee,1,13,4,3,6,15,0,0,11,194,0.0,179.92915989456228,17.99291598945623
right_knee,8,1,1,1,4,16,3,13,57,143,0.0,179.93174669671288,17.993174669671287
