Joints,0,1,2,3,4,5,6,7,8,9,Min,Max,Step
left_shoulder,59,106,41,11,3,7,7,3,9,1,0.1252344136072318,178.72749783786102,17.860226342425378
right_shoulder,76,43,43,28,18,13,15,7,2,2,0.0,150.6329900908181,15.063299009081812
left_elbow,22,30,30,18,20,19,37,32,24,15,0.0,174.8283573685239,17.48283573685239
right_elbow,9,4,12,24,11,12,37,39,38,61,6.110212193127487,179.999962912403,17.38897507192755
left_hip,1,0,1,0,0,0,0,50,181,14,2.9574569662602217,122.68044996086346,11.972299299460325
right_hip,4,0,3,18,73,136,7,2,0,4,31.1337208379058,167.36287444770682,13.622915360980102
left_knee,1,11,2,5,6,19,1,0,16,186,0.0,179.92895403755418,17.99289540375542
right_knee,4,0,1,0,4,23,3,17,50,145,0.0,179.99997806615792,17.99999780661579
