Joints,0,1,2,3,4,5,6,7,8,9,Min,Max,Step
left_shoulder,60,65,74,16,5,1,6,5,5,10,0.24192537425973695,158.74857107640037,15.850664570214061
right_shoulder,84,49,38,29,20,9,13,4,0,1,0.0,165.12506483193192,16.512506483193192
left_elbow,27,24,31,19,15,19,39,40,22,11,0.6965144301903489,176.08896386575302,17.539244943556266
right_elbow,5,5,7,24,14,13,40,39,37,63,2.9129553256292526,179.79759580517867,17.688464047954945
left_hip,12,112,107,7,8,0,0,0,0,1,87.6270653571414,159.9186137496126,7.229154839247116
right_hip,5,0,1,15,56,154,11,1,2,2,17.18797295596916,175.5895469474203,15.840157399145113
left_knee,11,3,2,9,12,6,0,0,27,177,20.902542304547296,179.99998702376405,15.909744471921677
right_knee,6,0,2,2,3,19,5,10,55,145,0.0,179.99999680547154,17.999999680547155
