Joints,0,1,2,3,4,5,6,7,8,9,Min,Max,Step
left_shoulder,65,103,40,9,3,4,6,4,11,2,0.16045751767115968,178.74046425762802,17.858000673995686
right_shoulder,84,49,37,28,21,10,15,1,0,2,0.22100085048695384,165.98581312833596,16.576481227784903
left_elbow,27,28,32,17,16,24,33,35,22,13,0.24299591801015666,175.12512654109122,17.488213062308105
right_elbow,5,8,14,20,13,12,40,33,43,59,7.211023220542784,179.92221522085728,17.27111920003145
left_hip,10,30,47,86,41,15,7,4,3,4,90.59618353368549,122.75412290790779,3.2157939374222337
right_hip,2,0,0,18,74,140,6,3,2,2,30.806354327549357,168.0667515678832,13.726039724033384
left_knee,11,2,1,8,10,8,0,0,30,177,20.925983587544348,179.9999664085908,15.907398282104648
right_knee,8,0,1,0,3,18,4,11,50,152,0.0,179.86203226575034,17.986203226575036
