Joints,0,1,2,3,4,5,6,7,8,9,Min,Max,Step
left_shoulder,56,68,73,14,5,4,6,5,6,10,0.38869578566190455,160.56490552253862,16.017620973687674
right_shoulder,80,49,43,24,20,7,17,3,3,1,5.6632936810203185e-06,155.80381567998487,15.580381001669119
left_elbow,22,25,32,19,17,26,33,40,22,11,0.3016573651120589,174.83271602010018,17.453105865498813
right_elbow,11,3,10,24,15,9,38,36,35,66,5.703249214695168,179.91970836089408,17.421645914619887
left_hip,1,0,0,0,0,4,58,154,21,9,43.15389288463716,122.73259811339727,7.957870522876014
right_hip,3,0,0,12,39,97,89,1,3,3,30.3573513389988,157.21320454500614,12.685585320600733
left_knee,2,11,4,2,9,16,0,0,13,190,0.0,179.99998674586877,17.999998674586877
right_knee,9,1,0,1,2,18,4,10,53,149,0.0,179.9999866636293,17.99999866636293
