Joints,0,1,2,3,4,5,6,7,8,9,Min,Max,Step
left_shoulder,55,56,82,18,5,2,9,5,4,11,0.18552387971362774,158.17208192578883,15.79865580460752
right_shoulder,75,32,45,24,23,19,7,10,9,3,0.0,134.6147560018601,13.46147560018601
left_elbow,25,29,30,17,15,27,35,40,18,11,0.7206380393807502,177.40195567257808,17.66813176331973
right_elbow,11,2,5,28,18,10,39,32,37,65,2.2799985430237792,179.99999084429763,17.771999230127385
left_hip,5,29,32,72,65,24,5,6,4,5,89.70569461288025,121.82620089990449,3.2120506287024284
right_hip,2,1,4,21,82,130,1,1,2,3,33.72790169649579,168.8080508022152,13.508014910571944
left_knee,1,11,3,2,11,16,0,0,16,187,0.0,179.9999922687508,17.99999922687508
right_knee,9,0,1,1,3,19,4,9,57,144,0.0,179.99999487735812,17.999999487735813
