Joints,0,1,2,3,4,5,6,7,8,9,Min,Max,Step
left_shoulder,185,43,10,2,3,0,2,0,0,1,0.04070265322135428,33.05454217542099,3.3013839522199637
right_shoulder,162,52,15,7,3,3,2,0,0,2,0.11758516807784708,25.24576691266241,2.5128181744584563
left_elbow,208,25,7,0,0,0,0,2,2,2,0.03749307727493178,106.90158684675114,10.686409376947621
right_elbow,122,44,33,17,8,6,5,7,3,1,0.1255201939719304,34.339937275755894,3.4214417081783965
left_hip,161,49,25,6,2,0,1,0,1,1,0.01278424293013457,18.96950807328371,1.8956723830353575
right_hip,165,47,15,11,1,1,0,2,1,3,0.04557740779726981,21.05846471595827,2.1012887308161
left_knee,171,45,12,10,3,3,1,0,0,1,0.05010540718216986,27.262158798923387,2.721205339174122
right_knee,213,18,6,0,0,3,3,1,0,2,0.14728800730170974,111.35451594798529,11.120722794068358
