Joints,0,1,2,3,4,5,6,7,8,9,Min,Max,Step
left_shoulder,161,38,25,13,2,0,3,2,1,1,0.012893832504866708,19.52727489167532,1.9514381059170454
right_shoulder,164,35,19,11,7,4,2,2,1,1,0.01597943536701928,18.352245485664817,1.8336266050297798
left_elbow,204,30,9,1,0,0,0,0,0,2,0.016725198992602414,92.69474932343631,9.267802412444372
right_elbow,144,37,32,14,11,2,1,4,0,1,0.008479220836235812,31.091586706272523,3.1083107485436288
left_hip,167,51,16,5,4,0,1,0,1,1,0.02221571741520892,18.09607796875209,1.8073862251336883
right_hip,167,42,21,6,2,2,0,0,4,2,0.019085109983579655,20.512690736792365,2.049360562680879
left_knee,131,64,18,10,5,7,5,3,1,2,0.03810223206382887,15.250235017730859,1.521213278566703
right_knee,211,18,9,2,1,1,1,2,0,1,0.008164692722070238,89.41430905035682,8.940614435763475
