Joints,0,1,2,3,4,5,6,7,8,9,Min,Max,Step
left_shoulder,239,4,0,1,0,0,1,0,0,1,0.05928112518077494,124.42015270194588,12.43608715767651
right_shoulder,238,6,0,0,0,0,0,0,1,1,0.03810086706566946,117.74267044179844,11.770456957473277
left_elbow,214,23,4,0,1,0,1,0,0,3,0.0598222727432603,114.63645862049914,11.457663634775589
right_elbow,167,55,10,9,2,1,0,1,0,1,0.09072623071311764,67.4682369136041,6.737751068289098
left_hip,177,39,21,4,2,1,0,0,1,1,0.0647864896092535,19.401174059863234,1.933638757025398
right_hip,238,5,1,0,0,0,0,0,0,2,0.09669837867311808,114.80253987283145,11.470584149415831
left_knee,174,32,21,12,4,0,1,0,0,2,0.07223963431197479,28.04290251102016,2.7970662876708188
right_knee,217,14,7,1,0,3,2,1,0,1,0.10978135869255354,108.50383554341964,10.839405418472708
