Joints,0,1,2,3,4,5,6,7,8,9,Min,Max,Step
left_shoulder,199,32,6,4,1,1,1,1,0,1,0.08910209398892975,38.20777110309295,3.8118669009104025
right_shoulder,140,59,24,8,6,3,3,1,1,1,0.08456900096739707,23.77392662618797,2.368935762522057
left_elbow,210,26,5,1,0,0,0,2,0,2,0.11135210988732124,106.53519341537724,10.642384130548992
right_elbow,161,62,8,6,1,1,2,3,0,2,0.04723468755192118,75.15778679343785,7.511055210588593
left_hip,149,61,21,7,3,2,1,0,0,2,0.07604596693173976,17.027154830321106,1.6951108863389366
right_hip,154,57,18,6,3,2,0,2,0,4,0.0886737531303441,20.49561209306502,2.0406938339934677
left_knee,167,48,18,6,4,1,0,1,0,1,0.0642094630234432,28.3270254161146,2.826281595309116
right_knee,215,18,5,1,0,1,3,1,0,2,0.06288687542287394,108.00183819991895,10.793895132449608
