Joints,0,1,2,3,4,5,6,7,8,9,Min,Max,Step
left_shoulder,227,12,3,1,1,0,0,1,0,1,0.06538745777032229,73.5474464209787,7.348205896320837
right_shoulder,197,37,3,5,1,1,0,0,1,1,0.1799774169921875,39.17158926204822,3.899161184505603
left_elbow,205,28,9,0,0,1,0,1,0,2,0.06155654417615556,107.07890896923469,10.701735242505853
right_elbow,174,48,10,4,2,1,0,3,2,2,0.10359457105027857,81.52197767241927,8.1418383101369
left_hip,175,48,14,4,2,0,0,1,1,1,0.025617775509232183,22.28791408665851,2.226229631114928
right_hip,208,27,4,2,2,2,0,0,0,1,0.12918914923638294,39.754665776623995,3.962547662738761
left_knee,160,49,17,10,2,5,0,0,2,1,0.10259039933424924,24.515194479829283,2.4412604080495033
right_knee,217,15,6,1,0,4,1,0,1,1,0.09687150604730688,106.8443722964043,10.6747500790357
