Joints,0,1,2,3,4,5,6,7,8,9,Min,Max,Step
left_shoulder,241,1,2,0,0,0,0,0,0,2,0.02743583738084013,172.93193355158925,17.290449771420842
right_shoulder,239,5,0,0,0,0,0,0,0,2,0.017903882850537508,121.93694186152996,12.191903797867942
left_elbow,233,7,0,2,2,0,0,0,0,2,0.1278194717567764,216.7823064103673,21.665448693861055
right_elbow,199,31,10,1,3,0,0,0,0,2,0.06348920522011138,108.80557461901041,10.87420854137903
left_hip,244,0,0,0,0,0,0,0,0,2,0.1121235298564838,192.19073107711125,19.207860754725477
right_hip,240,4,0,0,0,0,0,0,0,2,0.10004664842717556,164.4323045776399,16.433225792921274
left_knee,244,0,0,0,0,0,0,0,0,2,0.06364513900729818,199.31118218258743,19.924753704358015
right_knee,224,12,2,3,3,0,1,0,0,1,0.17248546916879368,158.85647685927162,15.868399139010283
