Joints,0,1,2,3,4,5,6,7,8,9,Min,Max,Step
left_shoulder,235,8,1,0,0,0,1,0,0,1,0.0587989695215798,113.88514910952648,11.38263501400049
right_shoulder,234,8,1,1,0,0,0,0,0,2,0.15102899980595375,96.29937166369969,9.614834266389373
left_elbow,208,27,4,2,1,0,0,3,0,1,0.10770413753473833,107.95356648286392,10.784586234532918
right_elbow,210,20,9,3,0,0,2,0,0,2,0.049048159856097936,129.60145692646228,12.95524087666062
left_hip,243,1,0,0,0,0,0,0,0,2,0.11015785673505038,121.90167842890507,12.179152057217001
right_hip,239,5,0,0,0,0,0,0,0,2,0.038560771408976936,121.54349354042068,12.15049327690117
left_knee,243,1,0,0,0,0,0,0,0,2,0.047844548100549056,175.93049630018066,17.58826517520801
right_knee,227,11,0,5,0,1,0,0,0,2,0.07618119300495131,174.79188484719737,17.471570365419243
