Joints,0,1,2,3,4,5,6,7,8,9,Min,Max,Step
left_shoulder,202,32,2,5,1,1,1,0,1,1,0.0957646865295376,40.721076356051725,4.062531166952219
right_shoulder,189,40,9,3,0,1,0,1,0,3,0.12412727788500605,39.976725719981474,3.9852598442096463
left_elbow,198,31,12,1,0,0,0,0,0,4,0.03833635716883221,86.99184466085156,8.695350830368273
right_elbow,189,31,10,5,2,1,4,0,3,1,0.13571236046009993,94.6458280378214,9.45101156773613
left_hip,169,46,18,6,4,0,1,0,1,1,0.07935801483884396,19.48151623262988,1.9402158217791037
right_hip,179,38,15,5,3,0,0,1,1,4,0.06416452703582994,22.349733042273783,2.2285568515237957
left_knee,170,43,19,9,2,0,0,0,2,1,0.02674156656416415,30.02091443214427,2.9994172865580104
right_knee,218,12,7,2,0,3,3,0,0,1,0.058512253511372535,107.73695235129722,10.767844009778585
