Joints,0,1,2,3,4,5,6,7,8,9,Min,Max,Step
left_shoulder,200,33,5,2,1,1,0,2,1,1,0.07006137593787945,38.71899351613017,3.8648932140192285
right_shoulder,194,38,4,4,1,2,1,1,0,1,0.06903733341091006,38.82772688925185,3.8758689555840937
left_elbow,208,26,3,1,2,0,0,1,1,4,0.1062379104822248,107.7387961952965,10.763255828481428
right_elbow,161,46,14,11,8,1,1,2,0,2,0.12160602059067095,61.29691268221804,6.117530666162738
left_hip,161,51,25,2,4,0,1,0,0,2,0.10499246218282283,18.55513690442518,1.8450144442242358
right_hip,176,35,18,5,5,1,0,1,2,3,0.1210978261200076,21.99950500832035,2.1878407182200346
left_knee,234,8,0,0,0,0,1,0,1,2,0.03270851259033119,99.87322624723998,9.984051773464966
right_knee,207,18,9,5,3,0,1,0,0,3,0.13616836407223035,66.49409356281029,6.635792519873806
