Joints,0,1,2,3,4,5,6,7,8,9,Min,Max,Step
left_shoulder,2,2,9,38,89,73,46,35,5,1,21.095730314078022,57.181698646659896,3.6085968332581864
right_shoulder,2,0,7,43,87,68,64,26,1,2,21.573350813672914,80.35227022914518,5.877891941547226
left_elbow,1,0,0,0,0,0,13,130,112,44,2.8793438513778797,125.89348377379856,12.301413992242068
right_elbow,39,61,52,61,67,19,0,0,0,1,80.75307284933959,163.95107887577308,8.319800602643355
left_hip,1,0,0,0,0,1,4,21,99,174,124.60710129846485,180.0,5.5392898701535245
right_hip,19,0,0,0,2,0,2,33,134,110,0.2737808245952582,180.0,17.972621917540472
left_knee,149,118,8,6,4,7,2,1,3,2,0.0,170.51880506751002,17.051880506751
right_knee,50,13,36,76,52,43,12,2,7,9,0.0,175.40865657569884,17.540865657569885
