Joints,0,1,2,3,4,5,6,7,8,9,Min,Max,Step
left_shoulder,2,2,3,15,46,67,79,64,17,5,3.4543658489681297,61.076413632134354,5.762204778316623
right_shoulder,5,2,8,16,90,96,61,18,3,1,4.048575619977521,94.53649240296872,9.04879167829912
left_elbow,5,0,0,1,7,88,125,54,17,3,16.246755554173046,150.96289389098905,13.471613833681602
right_elbow,1,1,35,93,87,62,10,5,1,5,50.85692168531891,176.11285539203305,12.525593370671416
left_hip,5,8,3,2,4,6,7,7,42,216,2.0603766115388824,180.0,17.79396233884611
right_hip,31,2,4,5,6,10,9,40,77,116,0.17703237537990466,180.0,17.98229676246201
left_knee,132,88,17,15,10,10,9,7,7,5,0.0,179.72234620197898,17.9722346201979
right_knee,98,30,18,43,38,32,22,6,5,8,0.0,177.50382303786918,17.750382303786918
