Joints,0,1,2,3,4,5,6,7,8,9,Min,Max,Step
left_shoulder,7,46,104,102,31,5,1,2,1,1,0.5858753729526325,114.14553692644422,11.35596615534916
right_shoulder,7,9,16,13,24,62,76,50,35,8,1.156064396140821,81.42180449317866,8.026574009703783
left_elbow,7,13,8,7,22,42,91,67,33,10,0.5056736599130129,175.68400245081267,17.517832879089966
right_elbow,7,8,1,16,103,100,35,16,8,6,20.088873522351328,179.99997077149845,15.991109724914715
left_hip,10,6,10,14,27,23,20,14,60,116,1.2074182697257331e-06,180.0,17.999999879258173
right_hip,39,9,11,13,14,23,20,27,63,81,0.0,180.0,18.0
left_knee,124,81,41,14,7,6,6,8,6,7,0.0,174.21848922053852,17.42184892205385
right_knee,127,54,24,17,13,14,11,14,13,13,0.0,180.0,18.0
