Joints,0,1,2,3,4,5,6,7,8,9,Min,Max,Step
left_shoulder,2,3,3,2,18,80,5,2,2,3,-166.89488618699184,162.64574785727712,32.954063404426876
right_shoulder,3,1,6,1,83,15,4,3,2,2,-165.89371084332646,170.57028025154634,33.64639910948728
left_elbow,4,5,5,8,72,8,6,8,2,2,-157.07304170862326,171.30266052020843,32.83757022288317
right_elbow,5,1,4,4,13,79,2,4,0,8,-173.29699537160167,163.3383744583761,33.66353698299778
left_hip,2,1,6,4,27,66,4,8,0,2,-144.69213284722662,144.690488848354,28.938262169558058
right_hip,3,1,5,3,12,80,7,4,2,3,-152.17052850368768,143.1835704229682,29.535409892665584
left_knee,7,1,1,5,26,68,4,2,0,6,-173.5534329347956,173.552790199624,34.710622313441974
right_knee,5,1,2,4,28,66,5,4,1,4,-177.46973133133633,177.46960043358578,35.49393317649222
