Joints,0,1,2,3,4,5,6,7,8,9,Min,Max,Step
left_shoulder,4,5,1,2,7,86,5,4,3,3,-163.11203902678741,155.69202470049638,31.880406372728373
right_shoulder,3,4,3,6,90,7,1,1,1,4,-140.81512382674654,172.5832926187366,31.339841644548315
left_elbow,3,2,6,3,78,12,7,4,2,3,-145.77742896624144,147.94823394359267,29.372566290983414
right_elbow,9,0,2,2,19,75,1,1,1,10,-175.68563589021733,173.0999483576617,34.87855842478791
left_hip,1,2,3,4,7,4,77,8,3,11,-150.8624161886706,88.09224075871192,23.89546569473825
right_hip,3,9,5,7,75,7,7,2,2,3,-100.16792862956345,129.04921836431012,22.921714699387365
left_knee,2,2,0,7,14,85,4,1,3,2,-169.98453482454227,163.42708929131354,33.34116241158557
right_knee,4,1,3,2,7,89,6,5,0,3,-178.45518530275467,167.6832034123001,34.61383887150549
