Joints,0,1,2,3,4,5,6,7,8,9,Min,Max,Step
left_shoulder,1,2,3,1,3,82,16,6,3,3,-169.96064016357434,123.22868934838058,29.318932951195507
right_shoulder,2,3,5,4,94,6,0,0,1,5,-137.14069203206904,149.84570883416538,28.698640086623442
left_elbow,5,4,7,10,74,4,3,6,5,2,-125.087459747973,155.60650642180627,28.069396616977926
right_elbow,5,4,2,3,12,79,2,3,3,7,-174.38149761263375,163.99837640823867,33.837987402087236
left_hip,1,1,1,3,10,81,14,5,2,2,-164.6341020283895,122.22733488756948,28.686143691595902
right_hip,2,2,1,7,12,81,8,2,2,3,-154.65712339699206,147.7373190669169,30.23944424639089
left_knee,4,0,0,4,3,99,1,4,1,4,-172.32526726536716,148.16680012494422,32.04920673903112
right_knee,4,3,2,4,11,83,5,2,2,4,-172.80782513259967,165.04053831813954,33.78483634507393
