Joints,0,1,2,3,4,5,6,7,8,9,Min,Max,Step
left_shoulder,32,23,19,6,0,4,1,16,1,18,0.4557078441347654,178.83797205441536,17.83822642102806
right_shoulder,44,13,3,1,5,29,0,1,14,10,0.0,166.3144702816289,16.63144702816289
left_elbow,23,12,0,19,11,6,10,17,11,11,0.27313659063077084,177.2717798141885,17.699864322355772
right_elbow,21,26,6,2,0,3,3,2,20,37,0.0,179.9999595559935,17.999995955599353
left_hip,10,8,15,17,23,30,2,3,6,6,0.0,178.7304087341884,17.873040873418837
right_hip,9,5,4,21,22,8,18,3,21,9,0.0,172.36463340254892,17.236463340254893
left_knee,2,15,12,0,1,4,4,1,2,79,0.6124869665844062,179.49596224204473,17.88834752754603
right_knee,9,3,22,0,6,17,2,1,10,50,0.0,179.4125320497564,17.94125320497564
