Joints,0,1,2,3,4,5,6,7,8,9,Min,Max,Step
left_shoulder,23,45,13,6,1,5,4,12,4,7,0.0,177.2806990461383,17.72806990461383
right_shoulder,43,23,1,2,11,2,3,8,13,14,0.0,177.8949106044724,17.78949106044724
left_elbow,33,9,12,5,4,7,6,4,22,18,0.0,179.4688931294632,17.94688931294632
right_elbow,20,37,6,1,2,4,10,1,6,33,0.0,180.0,18.0
left_hip,14,30,3,12,13,32,7,4,2,3,0.0,176.43106233248048,17.643106233248048
right_hip,12,4,4,21,18,11,15,11,21,3,0.0,171.45046424902804,17.145046424902805
left_knee,29,4,0,0,3,5,3,1,4,71,0.0,179.49758281013519,17.94975828101352
right_knee,13,3,1,0,16,6,4,9,11,57,0.0,179.422639298223,17.9422639298223
