Joints,0,1,2,3,4,5,6,7,8,9,Min,Max,Step
left_shoulder,35,26,25,5,1,2,0,5,6,15,1.2824975989068592,178.49560284701232,17.721310524810544
right_shoulder,59,3,0,3,13,5,4,4,22,7,0.26255484676932606,180.0,17.97374451532307
left_elbow,32,7,1,6,8,13,6,6,23,18,0.2298795345083335,177.27930102199454,17.70494214874862
right_elbow,30,14,6,2,0,4,11,2,13,38,1.579646993932904,179.69897791274158,17.811933091880867
left_hip,20,8,7,16,22,20,7,1,13,6,0.0,180.0,18.0
right_hip,10,6,2,19,33,17,7,2,21,3,0.0,173.9611637405706,17.396116374057062
left_knee,16,5,2,1,2,3,2,1,6,82,0.5108565981858243,178.93156618698242,17.84207095887966
right_knee,16,2,1,2,14,15,2,3,8,57,1.6844160600616551,179.85138780289512,17.816697174283345
