Joints,0,1,2,3,4,5,6,7,8,9,Min,Max,Step
left_shoulder,45,19,14,4,1,2,2,9,3,21,0.0,177.2820193627839,17.72820193627839
right_shoulder,59,4,4,6,5,13,2,0,12,15,0.0,173.5633513706657,17.356335137066573
left_elbow,21,10,1,11,7,9,8,16,13,24,0.0,179.47071593078067,17.947071593078068
right_elbow,25,30,5,2,0,6,3,3,10,36,0.0,178.8618940382521,17.88618940382521
left_hip,28,7,6,10,17,28,4,2,13,5,0.0,176.4584628274564,17.64584628274564
right_hip,15,7,5,15,14,35,6,3,18,2,0.0,174.7661251598275,17.47661251598275
left_knee,25,3,3,1,3,1,3,3,1,77,0.0,179.29730505308123,17.92973050530812
right_knee,34,4,1,0,5,8,3,0,9,56,0.0,179.85064665445503,17.985064665445503
