Joints,0,1,2,3,4,5,6,7,8,9,Min,Max,Step
left_shoulder,87,10,3,4,4,1,1,4,3,2,0.0,172.81137519870038,17.281137519870036
right_shoulder,84,12,6,5,1,0,0,3,0,8,0.0,185.25817585552682,18.52581758555268
left_elbow,99,3,1,5,4,1,2,2,1,1,0.0,187.9480665255881,18.794806652558812
right_elbow,100,2,1,4,1,0,1,2,2,6,0.0,173.21594103901242,17.32159410390124
left_hip,98,1,6,2,1,3,2,2,0,4,0.0,175.18077354683598,17.518077354683598
right_hip,103,4,0,0,0,1,1,5,1,4,0.0,167.90695908814902,16.790695908814904
left_knee,97,4,2,4,0,1,4,0,2,5,0.0,171.93264979536858,17.193264979536856
right_knee,93,5,1,5,4,2,1,2,4,2,0.0,184.31832284399803,18.431832284399803
