Joints,0,1,2,3,4,5,6,7,8,9,Min,Max,Step
left_shoulder,88,7,7,4,3,3,2,2,1,2,0.0,148.92957014118224,14.892957014118224
right_shoulder,94,5,6,3,1,0,1,2,3,4,0.0,163.82659247499674,16.382659247499674
left_elbow,96,6,1,0,6,1,5,2,0,2,0.0,134.20698353682837,13.420698353682837
right_elbow,102,0,1,4,3,1,1,3,0,4,0.0,155.7450249776977,15.574502497769771
left_hip,100,5,1,0,3,1,2,3,2,2,0.0,151.0391289971241,15.103912899712409
right_hip,98,8,3,0,0,1,1,4,1,3,0.0,158.3106663737674,15.83106663737674
left_knee,95,7,0,7,0,1,0,2,5,2,0.0,160.77495610875587,16.077495610875587
right_knee,94,7,0,4,2,2,1,2,5,2,0.0,167.21799158836578,16.72179915883658
