Joints,0,1,2,3,4,5,6,7,8,9,Min,Max,Step
left_shoulder,93,4,4,1,4,2,2,2,4,3,0.0,70.81364450058635,7.081364450058635
right_shoulder,101,1,2,0,3,5,2,2,0,3,0.0,65.06863463670051,6.506863463670051
left_elbow,105,5,4,1,0,0,0,0,1,3,0.0,64.65656843703415,6.465656843703416
right_elbow,110,5,2,0,0,0,0,0,0,2,0.0,58.96954517942277,5.896954517942277
left_hip,88,8,3,4,5,2,6,0,0,3,0.0,23.896616747333468,2.389661674733347
right_hip,97,5,2,2,3,2,5,1,1,1,0.0,26.455030676091408,2.6455030676091407
left_knee,103,3,3,1,1,0,0,1,2,5,0.0,63.40377974773384,6.340377974773384
right_knee,100,6,4,1,0,0,3,3,0,2,0.0,90.5288988319847,9.052889883198471
