Joints,0,1,2,3,4,5,6,7,8,9,Min,Max,Step
left_shoulder,84,8,4,6,3,6,5,2,0,1,0.0,200.9750968683289,20.09750968683289
right_shoulder,90,8,1,3,2,1,4,7,0,3,0.0,198.7512796931364,19.875127969313642
left_elbow,97,2,1,6,6,5,0,0,1,1,0.0,190.98533771802127,19.098533771802128
right_elbow,100,1,1,4,0,3,8,0,0,2,0.0,189.64933249100457,18.964933249100458
left_hip,97,1,3,2,9,4,0,0,2,1,0.0,212.69277548018886,21.269277548018884
right_hip,99,2,1,0,5,5,4,2,0,1,0.0,212.69277548018886,21.269277548018884
left_knee,95,5,4,1,5,2,4,1,1,1,0.0,225.86368089874526,22.586368089874526
right_knee,96,1,4,1,5,5,3,1,2,1,0.0,228.42062126207085,22.842062126207086
