Joints,0,1,2,3,4,5,6,7,8,9,Min,Max,Step
left_shoulder,82,6,4,9,3,5,4,3,2,1,0.0,200.99313256346028,20.09931325634603
right_shoulder,90,5,0,5,1,3,5,4,4,2,0.0,200.14222398247205,20.014222398247206
left_elbow,94,3,1,6,4,8,0,1,1,1,0.0,187.6182202516057,18.76182202516057
right_elbow,95,3,1,3,5,3,2,5,1,1,0.0,187.6182202516057,18.76182202516057
left_hip,94,2,4,0,8,5,0,1,2,3,0.0,213.19260029024446,21.319260029024445
right_hip,95,3,1,3,4,5,2,3,2,1,0.0,210.00454006180905,21.000454006180906
left_knee,91,3,7,0,5,10,1,0,1,1,0.0,228.24615759172264,22.824615759172264
right_knee,89,1,6,6,5,3,6,1,1,1,0.0,228.24615759172264,22.824615759172264
