Joints,0,1,2,3,4,5,6,7,8,9,Min,Max,Step
left_shoulder,92,5,5,6,3,0,1,1,2,4,0.0,165.6607789075671,16.56607789075671
right_shoulder,97,6,5,3,0,0,1,4,0,3,0.0,182.54369389407108,18.25436938940711
left_elbow,102,5,0,2,2,1,3,1,1,2,0.0,158.75702165201366,15.875702165201366
right_elbow,106,3,1,1,1,0,4,2,0,1,0.0,170.38742579042636,17.038742579042637
left_hip,102,2,3,4,0,3,0,2,2,1,0.0,172.3340524796974,17.23340524796974
right_hip,100,10,0,1,0,0,3,2,2,1,0.0,175.48485765553147,17.548485765553146
left_knee,101,4,1,5,0,1,0,3,3,1,0.0,182.2253650424704,18.22253650424704
right_knee,98,2,5,5,1,0,1,4,2,1,0.0,192.82283143190296,19.282283143190295
