Joints,0,1,2,3,4,5,6,7,8,9,Min,Max,Step
left_shoulder,88,6,6,5,4,4,1,3,1,1,0.0,206.91562703527802,20.6915627035278
right_shoulder,93,8,0,2,1,0,3,3,4,5,0.0,207.4592769493302,20.74592769493302
left_elbow,98,5,0,6,2,3,2,0,0,3,0.0,189.1714690735899,18.91714690735899
right_elbow,99,0,1,4,2,2,2,2,6,1,0.0,187.84969902898223,18.784969902898222
left_hip,98,5,1,3,5,5,0,1,0,1,0.0,213.1810349976257,21.318103499762568
right_hip,98,5,0,1,2,1,3,3,5,1,0.0,206.81815744241086,20.681815744241085
left_knee,92,3,8,1,3,5,4,0,2,1,0.0,225.9734373783456,22.59734373783456
right_knee,93,2,4,3,2,0,6,5,2,2,0.0,212.35779135279503,21.235779135279504
