Joints,0,1,2,3,4,5,6,7,8,9,Min,Max,Step
left_shoulder,2,1,6,8,84,132,17,1,3,2,-169.59158760463518,165.18547617510484,33.47770637797399
right_shoulder,6,2,4,18,152,60,3,4,2,5,-154.44526065423764,166.056311231317,32.05015718855546
left_elbow,7,6,14,19,115,59,19,4,8,5,-164.3842570130546,175.03307731093528,33.94173343239899
right_elbow,3,11,19,21,77,74,20,22,6,3,-166.05881705751744,168.0175527251621,33.40763697826796
left_hip,2,2,7,14,80,120,20,7,2,2,-164.9582836569395,160.58171012556886,32.553999378250836
right_hip,3,12,5,14,79,108,16,6,8,5,-140.81877393542638,137.23171789218736,27.80504918276138
left_knee,6,2,1,6,101,126,6,1,2,5,-163.0816639265812,162.2341239008345,32.531578782741576
right_knee,2,5,4,8,136,81,9,5,4,2,-176.31646476727246,179.89157596973072,35.62080407370033
