Joints,0,1,2,3,4,5,6,7,8,9,Min,Max,Step
left_shoulder,2,1,7,13,58,145,19,7,2,2,-160.69782914790972,153.3605271772507,31.405835632516045
right_shoulder,2,5,2,11,30,175,18,4,5,4,-174.28762268935432,152.71458405195145,32.70022067413058
left_elbow,6,12,8,18,45,118,18,13,9,9,-178.02850315924962,167.66770134259926,34.569620450184885
right_elbow,9,12,15,18,81,69,21,15,10,6,-154.8445555933905,158.33725056919974,31.318180616259028
left_hip,1,2,5,7,24,156,41,14,4,2,-149.04175649572818,114.35748410331516,26.339924059904334
right_hip,2,5,4,19,87,109,17,5,6,2,-148.21627115758918,146.32153048877362,29.453780164636285
left_knee,3,1,4,11,125,91,11,7,2,1,-113.39424183802458,115.01079848599414,22.840504032401867
right_knee,2,3,4,8,115,103,12,4,2,3,-160.4124740922856,159.735717355266,32.014819144755165
