Joints,0,1,2,3,4,5,6,7,8,9,Min,Max,Step
left_shoulder,1,1,4,13,68,146,16,3,3,1,-172.01163946918194,165.7782880162034,33.77899274853854
right_shoulder,2,4,5,14,83,124,14,4,3,3,-165.79706739286203,163.73135571783786,32.952842311069986
left_elbow,6,7,15,13,93,79,21,10,4,8,-173.84801178104198,175.04079689807025,34.88888086791121
right_elbow,4,13,10,23,53,93,23,24,6,7,-173.92796942276004,163.64562379082122,33.75735932135814
left_hip,1,4,3,16,89,115,20,4,3,1,-131.00150875559072,128.57578169284494,25.95772904484356
right_hip,1,8,2,9,55,147,17,8,3,6,-141.5977818343047,126.38623867946707,26.79840205137718
left_knee,2,2,1,7,91,142,5,2,2,2,-167.01905601238252,164.42680275357108,33.14458587659536
right_knee,3,2,4,8,105,116,8,4,3,3,-157.03713259806116,156.4117017963411,31.344883439440224
