Joints,0,1,2,3,4,5,6,7,8,9,Min,Max,Step
left_shoulder,2,3,3,11,61,150,18,3,3,2,-168.67403299512992,161.2339094341914,32.99079424293214
right_shoulder,4,1,5,12,33,168,21,5,2,5,-161.93352858833245,145.91651562494386,30.785004421327642
left_elbow,6,7,10,17,69,100,25,9,7,6,-174.58975418769387,170.27598852986955,34.48657427175635
right_elbow,3,13,13,26,80,69,20,19,9,4,-161.84697553194098,163.1363465015919,32.4983322033533
left_hip,4,7,13,30,155,27,13,4,1,2,-102.46953378925505,128.04194118881298,23.051147497806795
right_hip,4,3,9,21,143,53,10,4,5,4,-123.87076248738472,135.5206494618618,25.939141194924645
left_knee,4,1,4,6,139,90,6,1,1,4,-148.72348861270652,151.92560975092198,30.064909836362844
right_knee,3,4,4,5,60,157,11,6,4,2,-143.13631998047953,135.6149732317704,27.87512932122499
