Joints,0,1,2,3,4,5,6,7,8,9,Min,Max,Step
left_shoulder,47,68,68,42,20,5,3,0,2,1,0.061034727545405926,179.6334814567455,17.95724467292001
right_shoulder,90,53,54,26,18,6,3,2,2,2,0.2622740089720389,168.3210311636349,16.805875715466286
left_elbow,20,14,14,14,32,32,28,20,19,63,0.0,179.63217482743198,17.963217482743197
right_elbow,8,16,13,17,22,19,21,27,45,68,0.7173838943234326,179.56413993876905,17.88467560444456
left_hip,5,12,22,21,51,67,26,18,21,13,10.61049780531448,178.985377123318,16.83748793180035
right_hip,8,13,8,19,44,49,52,35,24,4,4.6569240447770985,166.0409849721266,16.13840609273495
left_knee,2,1,2,2,6,10,26,44,73,90,7.281073204045124,179.77722667390475,17.249615346985962
right_knee,3,1,2,4,1,3,14,25,85,118,15.992324987888086,179.93140824212242,16.393908325423435
