Joints,0,1,2,3,4,5,6,7,8,9,Min,Max,Step
left_shoulder,41,59,78,43,17,6,4,3,0,5,0.2487878049984242,176.7739421864956,17.652515438149717
right_shoulder,97,53,52,23,14,6,5,3,1,2,7.588506156264598e-06,164.64237218895633,16.46423646004502
left_elbow,19,14,15,16,29,35,26,19,27,56,7.5403246776668674e-06,179.48936391150318,17.94893563711785
right_elbow,10,9,17,21,13,22,21,30,49,64,2.2446681965402715,179.9999991462264,17.775533094968615
left_hip,3,4,19,25,37,73,34,26,23,12,1.005138148356194,177.04388934000644,17.603875119165025
right_hip,8,12,6,21,40,60,43,38,25,3,1.6791857435403763,166.0455751982736,16.436638945473323
left_knee,1,0,3,2,10,11,26,44,65,94,8.636299383303173,179.82170388328166,17.118540449997845
right_knee,2,1,4,5,3,4,11,24,84,118,15.731828555687056,180.0,16.426817144431293
