Joints,0,1,2,3,4,5,6,7,8,9,Min,Max,Step
left_shoulder,47,64,69,41,18,7,3,1,1,5,0.07254338532372742,179.06253539707038,17.898999201174664
right_shoulder,103,51,51,23,14,4,5,1,2,2,0.06209708208021322,179.072304032426,17.90102069503458
left_elbow,24,16,12,16,31,37,22,17,27,54,0.0,179.99991321274348,17.999991321274347
right_elbow,8,9,22,19,16,20,21,27,48,66,1.4220863452613477,179.23863687381262,17.78165505285513
left_hip,2,9,17,30,40,67,32,23,22,14,4.423625273429137,177.3300831562664,17.290645788283726
right_hip,7,13,7,25,50,52,45,36,15,6,0.2830370033012934,175.08782987129766,17.480479286799635
left_knee,3,2,1,8,5,21,31,37,68,80,34.11928634173924,179.46707846580242,14.53477921240632
right_knee,4,0,1,3,1,6,13,29,67,132,12.22528765149889,180.0,16.77747123485011
