Joints,0,1,2,3,4,5,6,7,8,9,Min,Max,Step
left_shoulder,50,65,65,46,20,6,0,1,1,2,0.2459037590541771,176.92434314843234,17.667843938937814
right_shoulder,94,57,49,24,10,8,5,2,3,4,0.06826953078042383,166.13752852685926,16.606925899607884
left_elbow,18,15,14,21,26,41,25,18,25,53,0.0,179.99997588183896,17.999997588183895
right_elbow,9,11,18,21,20,18,20,29,42,68,0.4308419641135584,180.0,17.956915803588643
left_hip,7,3,17,32,35,74,31,17,26,14,0.0,179.30099611837886,17.930099611837885
right_hip,9,9,11,27,42,61,45,33,15,4,0.0,175.11635782239966,17.511635782239967
left_knee,7,0,1,2,7,8,25,45,67,94,4.4611464886038465,180.0,17.55388535113962
right_knee,4,1,3,4,1,3,15,14,87,124,0.0,179.89157596973072,17.989157596973072
