Joints,0,1,2,3,4,5,6,7,8,9,Min,Max,Step
left_shoulder,191,20,8,9,10,2,0,6,4,5,0.0,133.89465264901426,13.389465264901427
right_shoulder,205,10,10,3,12,2,2,5,3,3,0.0,169.31729057629497,16.931729057629497
left_elbow,170,14,28,17,8,9,6,1,1,1,0.0,168.69775474453886,16.869775474453885
right_elbow,176,35,12,12,6,5,1,5,2,1,0.0,196.3074412334993,19.63074412334993
left_hip,203,13,4,10,7,6,0,4,3,5,0.0,144.20342202428526,14.420342202428525
right_hip,206,14,7,1,8,7,2,2,3,5,0.0,156.68362964712344,15.668362964712344
left_knee,210,12,6,2,4,4,6,6,4,1,0.0,191.4207796241658,19.14207796241658
right_knee,196,18,7,4,10,4,5,5,5,1,0.0,191.42033002858375,19.142033002858376
