Joints,0,1,2,3,4,5,6,7,8,9,Min,Max,Step
left_shoulder,196,15,13,7,7,2,4,5,3,3,0.0,135.24926652548584,13.524926652548583
right_shoulder,204,8,12,8,8,2,4,4,2,3,0.0,164.9006667760722,16.49006667760722
left_elbow,179,16,17,12,11,9,3,4,3,1,0.0,151.13475449043787,15.113475449043786
right_elbow,169,31,19,7,11,7,5,2,0,4,0.0,181.00886412086172,18.100886412086172
left_hip,203,15,1,7,8,4,3,10,3,1,0.0,143.7226372050959,14.37226372050959
right_hip,200,16,7,7,12,2,5,2,2,2,0.0,169.01599719578678,16.901599719578677
left_knee,210,9,4,2,7,8,9,2,2,2,0.0,197.9174594694464,19.79174594694464
right_knee,188,22,4,11,10,5,6,3,3,3,0.0,193.11129238138093,19.311129238138093
