Joints,0,1,2,3,4,5,6,7,8,9,Min,Max,Step
left_shoulder,198,17,11,18,0,1,2,6,1,1,0.0,166.84882388433553,16.684882388433554
right_shoulder,197,9,11,10,12,6,2,3,1,4,0.0,138.6520431272782,13.86520431272782
left_elbow,174,17,27,15,7,5,1,4,3,2,0.0,166.30367235267607,16.630367235267606
right_elbow,163,24,19,13,14,7,5,4,2,4,0.0,128.42828762344814,12.842828762344814
left_hip,209,15,3,9,9,2,1,2,2,3,0.0,172.99485825954181,17.299485825954182
right_hip,200,19,6,5,6,9,1,4,3,2,0.0,136.81909678379938,13.681909678379938
left_knee,216,8,2,3,10,4,1,5,2,4,0.0,187.9259864954257,18.79259864954257
right_knee,187,20,13,2,12,8,3,5,4,1,0.0,164.69498275314052,16.469498275314052
