Joints,0,1,2,3,4,5,6,7,8,9,Min,Max,Step
left_shoulder,189,22,13,12,4,5,5,2,0,3,0.0,161.73776586466457,16.173776586466456
right_shoulder,203,8,16,4,7,2,3,4,1,7,0.0,154.78760999158513,15.478760999158514
left_elbow,175,22,28,9,10,3,4,1,2,1,0.0,181.80950937411026,18.180950937411026
right_elbow,177,35,19,5,7,1,3,7,0,1,0.0,204.09286103115292,20.409286103115292
left_hip,205,12,5,9,3,8,6,3,2,2,0.0,141.62852692255424,14.162852692255424
right_hip,213,8,5,6,7,3,5,6,0,2,0.0,161.45451515969802,16.145451515969803
left_knee,210,11,4,3,4,6,3,6,3,5,0.0,173.14396873391635,17.314396873391637
right_knee,204,16,4,5,10,1,3,3,8,1,0.0,196.07076804217087,19.607076804217087
