Joints,0,1,2,3,4,5,6,7,8,9,Min,Max,Step
left_shoulder,200,9,11,9,6,3,7,3,5,2,0.0,73.21274308412531,7.321274308412531
right_shoulder,207,6,6,5,10,7,4,3,2,5,0.0,78.30137058271572,7.830137058271572
left_elbow,160,22,16,12,13,19,6,1,4,2,0.0,91.79324077047177,9.179324077047177
right_elbow,175,14,17,16,8,12,3,4,3,3,0.0,104.83891383162589,10.48389138316259
left_hip,190,30,9,7,2,2,7,2,2,4,0.0,77.50870016785433,7.7508700167854325
right_hip,190,28,14,4,3,4,2,2,2,6,0.0,82.9303278560877,8.29303278560877
left_knee,213,16,7,3,3,2,2,4,2,3,0.0,109.77560412358947,10.977560412358947
right_knee,201,12,8,11,4,0,2,5,7,5,0.0,102.81775457868963,10.281775457868964
