Joints,0,1,2,3,4,5,6,7,8,9,Min,Max,Step
left_shoulder,191,20,14,10,10,3,3,1,1,2,0.0,141.12432096477286,14.112432096477287
right_shoulder,206,12,14,4,9,1,3,1,2,3,0.0,164.13897017737304,16.413897017737305
left_elbow,165,18,19,16,13,10,5,4,0,5,0.0,123.05467396456206,12.305467396456205
right_elbow,169,29,22,10,10,4,5,3,2,1,0.0,165.9007832308811,16.59007832308811
left_hip,204,23,5,2,4,4,4,3,2,4,0.0,120.5627117280538,12.05627117280538
right_hip,209,19,5,6,6,3,2,1,3,1,0.0,160.35119917927182,16.035119917927183
left_knee,211,11,7,5,3,3,3,5,1,6,0.0,145.38201831234247,14.538201831234247
right_knee,202,18,9,3,8,6,1,2,4,2,0.0,173.05846371525632,17.305846371525632
