Joints,0,1,2,3,4,5,6,7,8,9,Min,Max,Step
left_shoulder,193,26,14,9,3,1,5,0,2,2,0.0,180.7955074217628,18.07955074217628
right_shoulder,200,14,14,9,7,0,5,4,0,2,0.0,174.483033135634,17.4483033135634
left_elbow,169,24,36,10,5,2,4,3,0,2,0.0,191.66377036366882,19.16637703636688
right_elbow,175,34,16,12,6,3,4,3,1,1,0.0,181.37273645655137,18.137273645655135
left_hip,213,12,8,9,4,4,0,2,1,2,0.0,195.64462539050768,19.56446253905077
right_hip,213,13,8,5,6,2,6,0,0,2,0.0,185.12204770565484,18.512204770565482
left_knee,213,8,8,5,6,7,2,3,1,2,0.0,212.88732886247203,21.288732886247203
right_knee,196,25,5,5,13,0,5,1,3,2,0.0,198.62680420441555,19.862680420441556
