Joints,0,1,2,3,4,5,6,7,8,9,Min,Max,Step
left_shoulder,194,21,8,14,4,1,6,4,0,3,0.0,160.6067310978481,16.06067310978481
right_shoulder,199,10,11,10,10,4,4,1,1,5,0.0,148.80906782695615,14.880906782695615
left_elbow,168,20,32,11,8,5,6,2,1,2,0.0,185.84251147360638,18.58425114736064
right_elbow,161,28,21,12,9,10,2,3,2,7,0.0,153.33203411185727,15.333203411185726
left_hip,198,15,5,11,8,4,6,3,3,2,0.0,153.6620807096242,15.36620807096242
right_hip,196,14,11,7,3,12,2,2,4,4,0.0,135.75296109132105,13.575296109132106
left_knee,206,9,8,2,11,3,2,6,0,8,0.0,183.20943663891143,18.320943663891143
right_knee,193,21,4,4,11,9,1,5,2,5,0.0,182.64874898349441,18.26487489834944
