Joints,0,1,2,3,4,5,6,7,8,9,Min,Max,Step
left_shoulder,6,83,88,14,4,2,3,12,6,8,5.194870239373425,99.8579137135252,9.466304347415178
right_shoulder,30,17,59,30,16,8,2,2,26,36,0.11452311478479135,111.06982316124173,11.095530004645694
left_elbow,2,3,5,174,12,0,0,12,10,8,37.19958894590144,176.4672301262714,13.926764118037
right_elbow,4,11,25,42,23,25,28,31,18,19,29.323056373493856,178.429863404238,14.91068070307442
left_hip,29,4,6,0,0,31,3,11,55,87,0.6966286155155573,179.99993262216574,17.93033040066502
right_hip,118,32,5,1,1,33,2,6,7,21,0.7182315602933492,180.0,17.928176843970665
left_knee,43,10,12,4,10,77,56,5,1,8,0.0,178.04396472051377,17.804396472051376
right_knee,11,101,53,5,5,20,7,4,4,16,0.0,177.78719693688157,17.778719693688156
