Joints,0,1,2,3,4,5,6,7,8,9,Min,Max,Step
left_shoulder,6,161,21,9,3,2,9,3,5,7,9.088665469091117,99.54034850753744,9.045168303844635
right_shoulder,39,24,57,19,15,2,6,12,48,4,0.11451128836840507,121.22384290416431,12.110933161579592
left_elbow,2,3,4,3,180,12,0,4,11,7,12.059314837042164,178.05921512892255,16.599990029188035
right_elbow,6,11,16,45,29,21,26,34,17,21,25.48656644944011,179.5632705946901,15.407670414524993
left_hip,28,1,3,0,0,28,4,11,61,90,0.4907020830176837,179.999971122755,17.95092690397373
right_hip,122,35,4,4,0,30,3,4,5,19,0.7189235508763503,179.44850310275388,17.87295795518775
left_knee,43,12,6,4,11,77,59,5,0,9,0.0,178.04340773456693,17.804340773456694
right_knee,8,111,53,2,6,16,5,4,4,17,0.0,177.82629384918633,17.782629384918632
