Joints,0,1,2,3,4,5,6,7,8,9,Min,Max,Step
left_shoulder,2,3,3,113,2,2,1,1,1,1,-59.240948373213946,108.28689323322605,16.752784160644005
right_shoulder,1,0,1,2,5,114,3,2,0,1,-61.251247670603256,61.251246463185,12.250249413378825
left_elbow,1,1,1,6,112,4,1,0,1,2,-86.14657051141334,128.0562943985812,21.42028649099946
right_elbow,1,0,1,3,1,118,1,2,1,1,-135.24054517128928,119.41927929499022,25.465982446627947
left_hip,3,2,1,113,3,3,2,1,0,1,-106.51900470885454,164.26907939301122,27.078808410186582
right_hip,2,3,3,115,2,1,1,0,0,2,-83.51008342766666,139.19865547368224,22.270873890134894
left_knee,1,2,3,3,110,2,1,2,1,4,-150.81822764112673,151.12672769249718,30.194495533362385
right_knee,4,0,4,114,1,1,1,0,1,3,-112.54836996090016,175.58951597327157,28.813788593417172
