Joints,0,1,2,3,4,5,6,7,8,9,Min,Max,Step
left_shoulder,1,1,1,1,4,113,2,2,1,3,-82.9407180753615,70.33478716945464,15.327550524481609
right_shoulder,3,1,117,1,4,1,1,0,0,1,-33.744491813537756,84.2991866601148,11.804367847365256
left_elbow,2,1,1,2,2,114,1,1,0,5,-126.81385611052592,122.67368143633536,24.948753754686138
right_elbow,1,0,1,2,2,119,0,1,1,2,-147.55078020223635,137.54582329511558,28.509660349735185
left_hip,4,2,1,1,115,0,1,0,2,3,-73.26215578533814,73.52678861308003,14.678894439841812
right_hip,2,4,115,1,3,1,2,0,0,1,-73.39014690211974,172.88408309743073,24.627422999955044
left_knee,3,1,1,2,3,111,3,2,0,3,-165.63248995340055,162.56837756494713,32.820086751834765
right_knee,3,4,3,113,1,0,2,0,1,2,-92.6198161274281,162.92628327487068,25.55460994022988
