Joints,0,1,2,3,4,5,6,7,8,9,Min,Max,Step
left_shoulder,2,1,1,5,115,1,2,1,0,1,-72.78565149388612,108.3419645986535,18.112761609253965
right_shoulder,1,0,0,1,1,2,116,3,2,3,-60.20687241835146,27.9512009194166,8.81580733377681
left_elbow,3,0,2,1,1,117,0,0,2,3,-131.16909862619622,127.60059744496726,25.87696960711635
right_elbow,1,0,1,1,0,122,1,2,0,1,-153.013511530902,119.41963712586936,27.243314865677135
left_hip,3,3,3,0,115,0,1,0,2,2,-64.0110596483065,84.55769217884055,14.856875182714703
right_hip,1,0,0,3,118,4,1,1,0,1,-138.44532793708632,146.23063883072524,28.467596676781156
left_knee,1,0,3,2,116,3,1,0,2,1,-150.40775409530897,161.57857941045773,31.19863335057667
right_knee,2,0,1,5,117,0,0,3,0,1,-111.33784585780937,162.4901284563647,27.382797431417416
