Joints,0,1,2,3,4,5,6,7,8,9,Min,Max,Step
left_shoulder,2,0,1,3,2,113,1,3,2,2,-63.13801332202834,51.3881096199944,11.452612294202275
right_shoulder,2,1,3,1,115,2,2,1,1,1,-19.714272649915635,27.231027404565225,4.694530005448087
left_elbow,2,0,4,1,116,1,2,1,0,2,-101.54152738444492,123.10852318825295,22.465005057269792
right_elbow,1,0,1,1,123,1,0,1,0,1,-124.17309010094964,137.58379690523105,26.175688700618068
left_hip,1,0,3,1,5,112,1,2,2,2,-124.40451284355605,101.32150408067396,22.572601692422992
right_hip,2,2,0,115,2,5,1,1,0,1,-104.55607929703942,172.86905810951941,27.74251374065588
left_knee,2,4,2,1,110,2,2,1,1,4,-150.79889423287636,154.3057625325445,30.510465676542083
right_knee,1,0,3,4,115,1,0,1,1,3,-173.39995290661912,175.56586474894127,34.89658176555602
