Joints,0,1,2,3,4,5,6,7,8,9,Min,Max,Step
left_shoulder,2,2,3,2,112,0,2,3,1,2,-60.48379591395934,77.45483145025929,13.793862736421865
right_shoulder,1,1,1,4,114,5,2,0,0,1,-60.52722700233469,71.7698974229473,13.229712442528204
left_elbow,3,1,1,2,111,2,2,1,2,4,-139.7425049602709,141.98722427934504,28.172972923961595
right_elbow,1,2,1,119,2,1,1,0,1,1,-110.14940183507365,178.18651224570468,28.833591408077822
left_hip,1,2,2,2,4,112,0,1,1,4,-99.68254939177388,86.17286119253248,18.585541058430636
right_hip,4,1,1,115,4,2,0,1,0,1,-82.86940930299241,159.25342594324792,24.212283524624034
left_knee,2,2,1,2,112,4,2,0,1,3,-150.6315725708487,155.2066354701946,30.583820804104334
right_knee,4,0,3,113,5,0,0,0,2,2,-96.428481748501,162.47171308655652,25.890019483505753
