Joints,0,1,2,3,4,5,6,7,8,9,Min,Max,Step
left_shoulder,41,50,21,12,1,2,1,0,0,1,0.0,96.56315764959685,9.656315764959684
right_shoulder,51,24,1,35,3,9,1,0,1,4,0.0,102.82140918953031,10.282140918953031
left_elbow,6,62,12,0,0,2,35,1,3,8,0.0,174.75007352516255,17.475007352516254
right_elbow,65,0,1,1,0,33,0,3,4,22,0.0,178.18513094144456,17.818513094144457
left_hip,3,0,1,52,1,15,35,3,12,7,0.0,166.56858020405198,16.6568580204052
right_hip,24,2,1,41,45,9,1,1,0,5,0.0,180.0,18.0
left_knee,16,3,13,0,0,15,0,0,79,3,0.0,171.34454405464112,17.134454405464112
right_knee,12,13,36,1,13,0,3,4,1,46,0.0,164.64636174269094,16.464636174269096
