Joints,0,1,2,3,4,5,6,7,8,9,Min,Max,Step
left_shoulder,35,27,16,26,22,0,1,0,1,1,0.0,82.4176351577715,8.24176351577715
right_shoulder,35,29,22,7,13,1,15,0,3,4,0.0,49.48794052140293,4.948794052140293
left_elbow,45,16,2,36,0,1,17,1,4,7,0.0,173.09967880769454,17.309967880769456
right_elbow,19,22,0,27,0,21,0,0,1,39,0.0,166.71233248138554,16.671233248138556
left_hip,14,0,1,20,20,6,43,0,18,7,0.0,166.56767068475898,16.656767068475897
right_hip,35,19,27,18,24,0,2,0,1,3,0.0,180.0,18.0
left_knee,20,31,1,15,16,0,7,0,0,39,0.0,166.9400243288872,16.69400243288872
right_knee,60,5,16,1,13,3,0,5,19,7,0.0,180.0,18.0
