Joints,0,1,2,3,4,5,6,7,8,9,Min,Max,Step
left_shoulder,35,28,13,41,0,1,1,1,5,4,0.0,110.22282974308945,11.022282974308945
right_shoulder,54,9,5,18,1,27,8,0,6,1,0.0,61.251247670603256,6.125124767060326
left_elbow,51,17,2,0,1,0,2,16,24,16,0.0,160.3875456154624,16.038754561546238
right_elbow,29,5,3,33,0,27,0,0,1,31,0.0,174.42344030699792,17.442344030699793
left_hip,7,0,20,0,13,63,12,5,0,9,0.0,180.0,18.0
right_hip,20,6,37,16,21,24,1,1,0,3,0.0,180.0,18.0
left_knee,12,54,2,15,12,3,1,18,5,7,3.6367937274232314,161.9721337259162,15.833533999849298
right_knee,37,11,33,1,19,0,3,0,1,24,0.0,175.58951597327157,17.55895159732716
