Joints,0,1,2,3,4,5,6,7,8,9,Min,Max,Step
left_shoulder,10,36,57,18,0,1,0,1,2,4,0.0,110.27906488009899,11.027906488009899
right_shoulder,70,1,7,1,0,33,0,8,0,9,0.0,60.20689597074632,6.0206895970746315
left_elbow,2,10,43,1,0,0,3,57,3,10,0.0,162.96954012726283,16.29695401272628
right_elbow,69,9,3,2,0,34,0,1,6,5,0.0,179.99994615807975,17.999994615807974
left_hip,5,2,2,0,81,33,2,1,0,3,15.709929050172795,166.57810691131564,15.086817786114283
right_hip,5,17,57,3,37,0,1,1,0,8,0.0,165.92712573156484,16.592712573156483
left_knee,63,14,2,35,0,9,0,4,1,1,0.0,180.0,18.0
right_knee,11,5,34,0,9,8,57,1,1,3,0.0,179.99987144822322,17.99998714482232
