Joints,0,1,2,3,4,5,6,7,8,9,Min,Max,Step
left_shoulder,14,105,7,0,1,1,0,0,0,1,0.0,142.2431410432483,14.22431410432483
right_shoulder,71,4,3,1,0,33,4,7,5,1,0.0,61.284123260996864,6.128412326099687
left_elbow,8,66,36,0,1,0,2,1,3,12,0.0,170.2827596996386,17.02827596996386
right_elbow,11,5,3,1,0,33,4,6,1,65,0.0,174.4178055267951,17.44178055267951
left_hip,2,58,5,2,13,7,33,1,5,3,0.0,169.13250429691678,16.91325042969168
right_hip,11,2,58,37,4,8,1,1,0,7,0.0,180.0,18.0
left_knee,17,8,1,1,6,58,0,34,2,2,0.0,180.0,18.0
right_knee,12,9,34,2,1,0,3,57,8,3,0.0,153.32703071399152,15.332703071399152
