Joints,0,1,2,3,4,5,6,7,8,9,Min,Max,Step
left_shoulder,119,0,1,0,3,1,3,0,0,1,0.0,255.93224557574246,25.593224557574246
right_shoulder,119,0,1,0,0,6,1,0,0,1,0.0,245.25127678068668,24.525127678068667
left_elbow,119,0,1,0,3,1,3,0,0,1,0.0,241.59852540950558,24.15985254095056
right_elbow,119,0,1,0,1,5,1,0,0,1,0.0,239.90909565142502,23.990909565142502
left_hip,119,0,1,0,4,2,1,0,0,1,0.0,250.76016101082942,25.076016101082942
right_hip,119,0,1,0,2,4,1,0,0,1,0.0,248.00553673492448,24.80055367349245
left_knee,119,0,1,0,4,0,3,0,0,1,0.0,255.51465455086117,25.551465455086117
right_knee,119,0,1,0,1,5,1,0,0,1,0.0,244.34079914528638,24.43407991452864
