Joints,0,1,2,3,4,5,6,7,8,9,Min,Max,Step
left_shoulder,119,2,1,2,1,0,0,2,0,1,0.0,170.3857390594675,17.038573905946752
right_shoulder,117,4,0,2,1,1,0,1,1,1,0.0,153.35006482121713,15.335006482121713
left_elbow,118,3,1,2,1,0,0,2,0,1,0.0,166.61530171331637,16.661530171331638
right_elbow,116,5,0,2,2,0,0,0,2,1,0.0,152.40587951419565,15.240587951419565
left_hip,120,1,1,2,1,0,0,2,0,1,0.0,164.70491255810964,16.470491255810963
right_hip,119,2,0,3,1,0,0,2,0,1,0.0,159.0046206348735,15.90046206348735
left_knee,121,0,1,2,1,0,0,2,0,1,0.0,167.04173000001074,16.704173000001074
right_knee,119,2,1,2,1,0,0,2,0,1,0.0,167.9245446190999,16.79245446190999
