Joints,0,1,2,3,4,5,6,7,8,9,Min,Max,Step
left_shoulder,122,1,0,0,1,1,0,2,0,1,0.0,165.81479181633668,16.581479181633668
right_shoulder,120,3,0,0,2,0,0,2,0,1,0.0,159.47158905745943,15.947158905745942
left_elbow,120,3,0,0,2,0,0,2,0,1,0.0,160.52096380304022,16.05209638030402
right_elbow,119,4,0,0,2,0,0,2,0,1,0.0,160.62246451742652,16.062246451742652
left_hip,121,2,0,0,2,0,0,2,0,1,0.0,163.25451354083557,16.325451354083558
right_hip,121,2,0,0,2,0,0,2,0,1,0.0,164.30424457245869,16.43042445724587
left_knee,121,2,0,0,1,1,0,2,0,1,0.0,165.72505761248206,16.572505761248205
right_knee,121,2,0,1,1,0,0,2,0,1,0.0,165.27120546251962,16.52712054625196
