Joints,0,1,2,3,4,5,6,7,8,9,Min,Max,Step
left_shoulder,122,1,0,0,0,3,0,1,0,1,0.0,225.5206901312516,22.55206901312516
right_shoulder,122,1,0,0,0,2,1,1,0,1,0.0,214.03159304315784,21.403159304315786
left_elbow,123,0,0,0,0,3,0,1,0,1,0.0,214.5663821048727,21.45663821048727
right_elbow,123,0,0,0,0,2,1,1,0,1,0.0,212.58453034535617,21.258453034535616
left_hip,121,2,0,0,0,3,0,1,0,1,0.0,217.40666812283445,21.740666812283443
right_hip,123,0,0,0,0,3,0,1,0,1,0.0,224.2697366381205,22.42697366381205
left_knee,122,1,0,0,0,3,0,1,0,1,0.0,213.82074399268927,21.382074399268927
right_knee,123,0,0,0,0,3,0,1,0,1,0.0,216.1152170632253,21.611521706322527
