Joints,0,1,2,3,4,5,6,7,8,9,Min,Max,Step
left_shoulder,117,2,0,1,2,2,0,2,0,2,0.0,169.6487209408205,16.96487209408205
right_shoulder,117,2,0,1,3,1,0,2,0,2,0.0,168.03349640455488,16.803349640455487
left_elbow,117,2,1,1,1,1,1,2,0,2,0.0,165.09503609253562,16.509503609253564
right_elbow,116,3,0,1,2,1,1,0,2,2,0.0,157.47554356718373,15.747554356718373
left_hip,119,0,0,2,1,2,1,1,0,2,0.0,172.08360745164575,17.208360745164576
right_hip,118,1,1,1,2,1,0,2,0,2,0.0,162.94051794206183,16.294051794206183
left_knee,118,1,0,2,1,2,0,2,0,2,0.0,173.18607102452188,17.318607102452187
right_knee,117,2,0,2,2,0,1,2,0,2,0.0,163.7400980068824,16.37400980068824
