Joints,0,1,2,3,4,5,6,7,8,9,Min,Max,Step
left_shoulder,124,0,0,0,0,1,1,0,1,1,0.0,212.94895699802012,21.294895699802012
right_shoulder,124,0,0,0,0,0,2,1,0,1,0.0,202.4476794946117,20.24476794946117
left_elbow,123,1,0,0,0,0,2,0,1,1,0.0,194.4380160532249,19.44380160532249
right_elbow,124,0,0,0,0,0,2,1,0,1,0.0,199.80883741425762,19.980883741425764
left_hip,123,1,0,0,0,2,0,0,1,1,0.0,206.71296162635207,20.67129616263521
right_hip,124,0,0,0,0,1,1,1,0,1,0.0,206.48844755399196,20.648844755399196
left_knee,124,0,0,0,0,1,1,1,0,1,0.0,207.80541432513598,20.780541432513598
right_knee,124,0,0,0,0,0,2,1,0,1,0.0,203.09471928601317,20.30947192860132
