Joints,0,1,2,3,4,5,6,7,8,9,Min,Max,Step
left_shoulder,119,3,0,2,0,1,0,1,1,1,0.0,155.94126772128485,15.594126772128485
right_shoulder,119,3,0,1,2,0,0,1,1,1,0.0,156.26511464278738,15.626511464278739
left_elbow,119,3,1,1,1,0,0,2,0,1,0.0,159.31612325670332,15.931612325670333
right_elbow,118,4,0,2,1,0,0,0,2,1,0.0,153.24634756297976,15.324634756297977
left_hip,122,0,1,1,0,1,0,2,0,1,0.0,154.04808296578057,15.404808296578057
right_hip,120,2,0,2,1,0,0,2,0,1,0.0,154.02938277372468,15.402938277372467
left_knee,121,1,0,2,0,1,0,1,1,1,0.0,155.71089933703016,15.571089933703016
right_knee,120,2,1,1,1,0,0,1,1,1,0.0,162.90455931448852,16.290455931448854
