Joints,0,1,2,3,4,5,6,7,8,9,Min,Max,Step
left_shoulder,3,2,12,20,50,105,23,18,3,4,-108.89926957081688,104.92142404053304,21.382069361134995
right_shoulder,3,1,2,12,29,111,36,20,17,9,-109.64138935917367,74.09449973745124,18.373588909662487
left_elbow,8,13,18,32,104,19,19,13,11,3,-149.037236024696,178.60492382347027,32.76421598481663
right_elbow,7,12,9,16,43,109,13,12,14,5,-173.92071766929664,173.13701969376504,34.705773736306156
left_hip,5,14,14,12,34,107,24,9,11,10,-159.99291487392102,151.8052386742125,31.179815354813343
right_hip,7,9,16,27,101,29,17,18,9,7,-167.70270712365468,172.58254121843257,34.028524834208724
left_knee,2,8,15,28,21,107,30,17,6,6,-174.46820867572018,165.89374482697832,34.03619535026985
right_knee,2,3,13,24,22,113,27,16,13,7,-175.39792129877898,144.9547188801313,32.03526401789102
