Joints,0,1,2,3,4,5,6,7,8,9,Min,Max,Step
left_shoulder,12,9,26,32,22,21,34,61,21,2,4.113745395545913,86.42037960658556,8.230663421103966
right_shoulder,8,40,55,84,46,6,0,0,0,1,0.8903909041333615,162.98997283396838,16.2099581929835
left_elbow,6,2,8,9,19,12,17,9,111,47,0.8698939932045523,179.83611087604194,17.896621688283737
right_elbow,11,2,3,3,1,0,4,21,66,129,0.6569300944376854,179.9999692878738,17.934303919343613
left_hip,31,41,35,26,33,10,9,9,12,34,0.7622978932097946,180.0,17.92377021067902
right_hip,21,18,11,11,18,18,36,46,34,27,0.3718833519225671,180.0,17.96281166480774
left_knee,17,10,21,28,32,32,35,36,16,13,0.0,180.0,18.0
right_knee,13,17,16,18,30,41,47,32,13,13,0.0,180.0,18.0
