Joints,0,1,2,3,4,5,6,7,8,9,Min,Max,Step
left_shoulder,26,41,62,32,34,35,4,5,0,1,0.10253879385070457,128.51586658172965,12.841332778787896
right_shoulder,27,47,59,62,34,3,1,3,1,3,0.20692854650376127,161.5804281283497,16.137349958184593
left_elbow,8,6,15,18,21,23,20,16,67,46,1.2544029146712636,178.63410925792718,17.737970634325592
right_elbow,18,14,6,6,15,11,13,36,49,72,0.4308453583648599,179.99996603096554,17.95691206726007
left_hip,23,32,29,37,28,16,21,2,22,30,0.0,180.0,18.0
right_hip,32,15,7,12,19,41,35,34,19,26,0.0,180.0,18.0
left_knee,13,19,17,20,23,27,35,26,29,31,0.0,180.0,18.0
right_knee,13,13,10,25,33,45,32,23,19,27,0.0,180.0,18.0
