Joints,0,1,2,3,4,5,6,7,8,9,Min,Max,Step
left_shoulder,17,40,56,39,51,25,9,2,0,1,0.0,139.33025304986458,13.933025304986458
right_shoulder,30,47,60,64,27,5,1,1,3,2,1.2060392828395552,175.5239897099582,17.43179504271186
left_elbow,11,9,13,16,17,26,16,23,69,40,0.6126018708087879,179.99998696771092,17.938738509690214
right_elbow,12,9,7,10,9,16,11,27,69,70,2.705956293069826,179.7619766253049,17.705602033223506
left_hip,17,29,27,29,26,38,12,18,18,26,0.0,180.0,18.0
right_hip,28,14,14,15,35,27,26,30,30,21,0.0,178.06426005020833,17.806426005020832
left_knee,10,20,22,38,25,28,37,17,14,29,0.0,179.68105536797844,17.968105536797843
right_knee,17,22,21,33,24,28,36,19,19,21,0.0,179.99998877036097,17.9999988770361
