Joints,0,1,2,3,4,5,6,7,8,9,Min,Max,Step
left_shoulder,15,32,27,32,33,66,31,3,0,1,0.755188848746067,118.94691398212306,11.8191725133377
right_shoulder,11,20,35,44,61,37,26,3,2,1,0.7158531699513223,123.03086786470912,12.23150146947578
left_elbow,6,7,9,18,25,25,13,13,68,56,1.7639781790821383,178.70707621808182,17.69430980389997
right_elbow,15,11,4,7,2,8,7,24,67,95,0.323445019605644,179.9531876345427,17.962974261493706
left_hip,30,43,38,31,15,22,15,11,11,24,0.0,180.0,18.0
right_hip,21,14,9,17,23,29,27,36,38,26,0.0,180.0,18.0
left_knee,17,14,11,25,36,40,36,25,20,16,0.0,179.1229572573441,17.91229572573441
right_knee,13,16,23,22,23,40,36,29,22,16,0.0,179.9768940972387,17.99768940972387
