Joints,0,1,2,3,4,5,6,7,8,9,Min,Max,Step
left_shoulder,51,56,43,32,39,14,1,2,1,1,0.16297939669317846,159.19702054439932,15.903404114770616
right_shoulder,36,34,50,62,30,18,2,1,3,4,0.0,160.64028131680516,16.064028131680516
left_elbow,15,12,13,28,23,18,15,20,48,48,0.8817112544002493,178.90739125765427,17.8025680003254
right_elbow,12,13,5,10,17,8,18,33,43,81,1.0450260425435416,179.64255182569747,17.85975257831539
left_hip,26,29,36,32,21,19,12,11,29,25,0.0,180.0,18.0
right_hip,35,17,15,8,15,30,20,35,42,23,0.0,179.86392044964424,17.986392044964425
left_knee,19,17,12,28,26,24,39,28,23,24,0.0,180.0,18.0
right_knee,23,20,17,17,27,49,26,18,18,25,0.0,179.63192907642394,17.963192907642394
