Joints,0,1,2,3,4,5,6,7,8,9,Min,Max,Step
left_shoulder,57,63,57,41,17,2,0,1,0,2,0.008746690297109809,174.4938178187501,17.4485071128453
right_shoulder,40,67,57,38,26,7,1,1,1,2,1.8540985816275757,171.50201486119673,16.964791627956917
left_elbow,16,10,17,8,21,23,25,30,50,40,0.4814580912583637,179.88440480112232,17.940294670986397
right_elbow,22,10,4,15,13,12,18,27,51,68,0.0,179.67621268654256,17.967621268654256
left_hip,21,47,28,28,24,21,12,16,15,28,0.0,179.9014616550602,17.99014616550602
right_hip,21,13,21,17,18,20,24,36,48,22,0.0,180.0,18.0
left_knee,14,10,20,25,41,41,26,21,22,20,0.0,176.84555415362126,17.684555415362126
right_knee,16,14,16,32,31,31,32,26,24,18,0.0,179.42210011122205,17.942210011122206
