Joints,0,1,2,3,4,5,6,7,8,9,Min,Max,Step
left_shoulder,161,47,12,2,4,4,4,0,0,5,0.0,172.3854502279389,17.23854502279389
right_shoulder,141,68,10,5,7,2,1,2,1,2,0.0,226.94933183397134,22.694933183397133
left_elbow,101,37,47,24,11,9,6,3,0,1,0.0,172.81077158613982,17.281077158613982
right_elbow,130,63,8,18,4,5,7,1,0,3,0.0,205.81916543806642,20.581916543806642
left_hip,111,70,28,17,7,1,2,1,0,2,0.0,250.89555095950539,25.089555095950537
right_hip,73,83,26,22,16,10,3,1,2,3,0.0,221.62408670499605,22.162408670499605
left_knee,49,40,43,47,25,17,8,4,3,3,0.0,191.32880314996746,19.132880314996747
right_knee,52,29,46,42,23,12,13,11,5,6,0.0,176.7583822187944,17.675838221879438
