Joints,0,1,2,3,4,5,6,7,8,9,Min,Max,Step
left_shoulder,7,5,26,21,7,2,2,3,0,1,13.459695726888578,171.71834477179814,15.825864904490954
right_shoulder,14,7,13,37,1,0,0,0,0,2,2.454990849273946,166.9695284409581,16.451453759168416
left_elbow,1,2,2,7,7,3,17,31,2,2,15.506700187361064,173.85092915580037,15.83442289684393
right_elbow,3,3,2,2,10,12,22,9,9,2,0.0,170.54496496164532,17.054496496164532
left_hip,6,0,2,6,39,3,13,1,3,1,30.785722584747802,167.58310021591487,13.679737763116705
right_hip,3,5,2,0,5,41,0,15,1,2,4.401935976381137,171.86044815591418,16.745851217953305
left_knee,14,1,0,0,17,10,2,3,3,24,28.79976924728281,180.0,15.120023075271718
right_knee,3,1,2,5,3,9,9,2,8,32,0.0,180.0,18.0
