Joints,0,1,2,3,4,5,6,7,8,9,Min,Max,Step
left_shoulder,5,5,12,36,5,4,3,2,0,2,0.2860554991703579,170.75906253340614,17.04730070342358
right_shoulder,9,11,19,23,3,3,1,1,1,3,2.525483564897848,178.42495465567868,17.589947109078082
left_elbow,5,2,3,1,4,6,9,26,9,9,0.3313307500497176,169.7786592869521,16.944732853690237
right_elbow,4,2,1,3,9,11,17,8,7,12,3.3477383467411683,177.029882955021,17.368214460827982
left_hip,3,4,2,2,3,44,4,5,4,3,12.532870313928855,147.93978639689652,13.540691608296767
right_hip,1,5,5,3,4,44,6,2,3,1,1.3257048199517674,171.39905116527785,17.007334634532608
left_knee,6,12,4,1,11,4,3,0,3,30,7.484422814204825,180.0,17.251557718579512
right_knee,5,3,7,5,9,4,1,2,11,27,0.0,180.0,18.0
