Joints,0,1,2,3,4,5,6,7,8,9,Min,Max,Step
left_shoulder,6,12,11,7,12,13,5,5,2,1,1.871764138285574,94.54316189192276,9.26713977536372
right_shoulder,4,6,18,15,2,6,9,10,1,3,0.7134358842970537,78.76195403161559,7.804851814731853
left_elbow,12,1,2,2,4,2,10,15,7,19,0.1752826476798676,179.14894541076447,17.89736627630846
right_elbow,7,5,5,6,8,3,8,6,15,11,5.7045296675430945,177.883321530713,17.217879186316992
left_hip,2,1,6,1,18,34,2,5,2,3,0.0,180.0,18.0
right_hip,1,1,3,6,21,31,5,4,0,2,1.686550556396084,180.0,17.831344944360392
left_knee,3,10,5,2,3,3,2,10,5,31,0.0,180.0,18.0
right_knee,6,2,3,4,5,7,1,1,8,37,0.0,180.0,18.0
