Joints,0,1,2,3,4,5,6,7,8,9,Min,Max,Step
left_shoulder,6,7,5,14,21,11,8,0,1,1,4.220123275859415,125.08591275744949,12.086578948159008
right_shoulder,9,7,8,3,5,14,11,8,8,1,7.103183216924404,86.56516557555777,7.946198235863338
left_elbow,5,4,2,2,2,3,11,21,14,10,1.3071695427056258,171.73216859164262,17.0424999048937
right_elbow,5,5,2,4,8,5,8,8,14,15,10.908589251774151,177.2573238139056,16.634873456213143
left_hip,2,1,3,8,41,10,2,0,5,2,27.013167259996273,167.07074449165762,14.005757723166134
right_hip,1,3,1,3,49,9,3,0,2,3,4.345002215826212,180.0,17.56549977841738
left_knee,6,12,3,4,5,14,1,3,2,24,0.0,179.23625939314368,17.92362593931437
right_knee,11,5,4,0,8,9,3,4,3,27,0.0,180.0,18.0
