Joints,0,1,2,3,4,5,6,7,8,9,Min,Max,Step
left_shoulder,4,8,4,39,2,7,4,3,0,3,2.99549029054647,173.43737910613584,17.044188881558938
right_shoulder,15,4,11,38,4,0,0,0,1,1,2.611107727182437,164.42427390497485,16.181316617779242
left_elbow,2,1,1,11,2,4,17,26,5,5,2.7334353706206933,179.3849589348098,17.665152356418908
right_elbow,5,1,1,2,10,15,15,17,5,3,0.4627682713228985,173.84961082517646,17.338684255385356
left_hip,6,3,0,0,0,11,31,3,14,6,25.98759941211516,131.11094899207328,10.512334957995812
right_hip,14,2,0,0,2,38,2,1,4,11,27.18490096233768,143.01757806512276,11.583267710278506
left_knee,10,0,1,3,17,14,1,0,4,24,27.228590904418944,180.0,15.277140909558106
right_knee,6,1,1,4,0,6,8,1,10,37,0.0,180.0,18.0
