Joints,0,1,2,3,4,5,6,7,8,9,Min,Max,Step
left_shoulder,13,14,24,14,3,2,1,1,1,1,2.0185924710546844e-05,177.08045650568806,17.708043631976334
right_shoulder,14,22,18,14,3,0,0,1,1,1,0.0,173.70845422097742,17.37084542209774
left_elbow,7,4,6,5,2,3,10,12,9,16,0.0,178.26524877032227,17.826524877032227
right_elbow,5,4,7,3,3,9,9,11,11,12,0.0,179.7713261886814,17.97713261886814
left_hip,2,2,2,8,35,7,5,4,2,7,20.08049855880343,180.0,15.991950144119652
right_hip,3,1,1,3,30,27,4,4,0,1,0.9205311138601424,180.0,17.907946888613985
left_knee,7,3,3,5,3,8,2,5,7,31,0.0,180.0,18.0
right_knee,7,3,3,3,4,8,2,1,6,37,0.0,180.0,18.0
