Joints,0,1,2,3,4,5,6,7,8,9,Min,Max,Step
left_shoulder,6,6,12,29,5,5,2,0,4,5,5.45659293121619,165.07987801332115,15.962328508210497
right_shoulder,8,11,18,21,5,0,2,1,4,4,1.9252353231963704,177.64423452023266,17.57189991970363
left_elbow,2,2,2,3,5,6,16,25,7,6,7.813877922002487,173.15457581838515,16.534069789638266
right_elbow,1,3,2,5,10,7,17,14,8,7,2.639878921950383,173.0027419388111,17.036286301686072
left_hip,2,0,6,2,3,28,16,10,5,2,0.0,151.3348037703359,15.133480377033589
right_hip,3,4,7,1,12,30,4,7,5,1,0.0,176.44072332394242,17.64407233239424
left_knee,2,8,2,0,3,12,12,2,6,27,0.0,180.0,18.0
right_knee,7,2,4,4,6,10,4,4,8,25,0.0,180.0,18.0
