Joints,0,1,2,3,4,5,6,7,8,9,Min,Max,Step
left_shoulder,31,3,4,0,1,0,19,10,4,1,0.27572437194914085,144.17250246923,14.389677809728088
right_shoulder,31,2,2,2,2,0,1,28,0,5,0.19770824352584107,129.25359896224114,12.905589071871528
left_elbow,33,0,0,1,2,4,4,17,4,8,0.3603124039167053,141.64737068397653,14.128705828005982
right_elbow,33,0,1,5,1,1,17,2,0,13,0.46317678772672993,173.8611449049776,17.339796811725087
left_hip,35,2,1,2,2,14,16,0,0,1,0.5572438568629754,112.2648158230554,11.170757196619242
right_hip,31,2,3,8,0,4,24,0,0,1,0.5158463609926726,126.43208836467295,12.591624200368027
left_knee,26,6,0,2,0,3,15,8,2,11,1.7081978236513509,102.14253319064552,10.043433536699418
right_knee,24,4,1,4,0,12,9,2,3,14,0.5204427210525697,118.55750793694479,11.803706521589222
