Joints,0,1,2,3,4,5,6,7,8,9,Min,Max,Step
left_shoulder,21,15,3,4,5,7,10,6,0,2,0.7585457833985499,208.39026069875982,20.763171491536127
right_shoulder,27,9,7,5,5,8,7,4,0,1,0.4986710027054776,267.4129341507765,26.691426314807103
left_elbow,19,6,12,4,4,3,10,3,7,5,0.509226380100234,195.29461611156879,19.478538973146854
right_elbow,23,12,3,10,4,5,7,4,3,2,1.1144642267352056,273.8086555251806,27.26941912984454
left_hip,28,12,7,3,6,5,10,1,0,1,1.6695685454843183,243.3044565010542,24.16348879555699
right_hip,31,10,8,5,8,3,5,2,0,1,0.497617529952733,305.1521983931377,30.4654580863185
left_knee,13,15,9,5,8,9,2,4,4,4,0.2679198660136993,181.9545809560882,18.16866610900745
right_knee,15,16,8,5,4,8,7,4,3,3,0.3859394227909779,183.45397716021182,18.306803773742082
