Joints,0,1,2,3,4,5,6,7,8,9,Min,Max,Step
left_shoulder,34,11,0,2,2,7,8,3,2,4,0.282551604355587,168.07238859340828,16.77898369890527
right_shoulder,34,10,1,2,3,9,1,4,2,7,0.3234680714943608,190.31725913020242,18.999379105870805
left_elbow,33,2,3,9,6,7,2,7,1,3,1.190016870234603,176.29386097768193,17.51038441074473
right_elbow,35,1,9,5,2,6,1,9,1,4,0.8602761131072318,223.9899652310235,22.312968911791625
left_hip,37,7,6,8,3,1,3,1,3,4,1.019118417383316,180.1920723736977,17.917295395631434
right_hip,43,2,4,7,3,2,4,2,1,5,0.8838772183125702,211.70890840372712,21.082503118541457
left_knee,25,13,6,1,9,2,2,5,7,3,0.5135906451239215,118.34955817525812,11.78359675301342
right_knee,37,7,7,4,6,4,1,2,1,4,1.0109884830443596,198.17128933184785,19.716030084880348
