Joints,0,1,2,3,4,5,6,7,8,9,Min,Max,Step
left_shoulder,49,56,26,15,18,7,11,1,2,6,0.0812407419523416,161.44080274875645,16.13595620068041
right_shoulder,46,50,26,15,17,16,10,3,5,3,1.4138095344924426,169.15909545557332,16.77452859210809
left_elbow,16,18,24,20,15,18,12,8,20,40,0.0,177.4415503907917,17.744155039079168
right_elbow,23,24,16,15,21,13,8,19,14,38,0.0,180.0,18.0
left_hip,5,5,8,25,54,61,20,4,4,5,0.0,180.0,18.0
right_hip,3,4,9,25,70,50,19,3,5,3,0.0,180.0,18.0
left_knee,3,1,1,2,2,3,3,14,60,102,0.0,180.0,18.0
right_knee,5,3,3,2,0,2,3,8,43,122,0.0,180.0,18.0
