Joints,0,1,2,3,4,5,6,7,8,9,Min,Max,Step
left_shoulder,30,36,21,18,19,32,22,7,3,3,2.84329189801803,170.54000843812364,16.76967165401056
right_shoulder,23,48,24,23,24,18,14,5,3,9,1.1332804028800174,177.7460381241948,17.66127577213148
left_elbow,23,29,36,18,13,6,6,7,21,32,0.119220815393321,179.55216485321782,17.94329440378245
right_elbow,27,21,26,17,14,12,12,6,17,39,7.085806923749091e-05,179.9999042097929,17.999983335172367
left_hip,4,1,11,11,60,51,32,17,2,2,16.092431934836487,151.2660371130693,13.517360517823281
right_hip,1,0,4,13,26,56,63,11,12,5,9.678433584992169,149.86053806081674,14.018210447582456
left_knee,1,0,0,1,0,0,3,19,29,138,9.71748293059737,180.0,17.02825170694026
right_knee,1,0,0,1,1,0,5,12,43,128,25.91008190101705,179.9313890854443,15.402130718442727
