Joints,0,1,2,3,4,5,6,7,8,9,Min,Max,Step
left_shoulder,33,44,25,15,18,23,21,9,1,2,0.7672672894737959,169.70416850270962,16.89369012132358
right_shoulder,36,43,25,19,17,19,18,4,5,5,0.2111912074547079,177.68580644462043,17.747461523716574
left_elbow,23,23,29,22,15,13,3,12,21,30,0.0,179.63403830076302,17.963403830076302
right_elbow,20,18,25,13,13,19,15,6,27,35,0.0,179.4755011978203,17.94755011978203
left_hip,2,5,4,12,76,56,24,8,2,2,0.9676895491727676,173.52559966570706,17.25579101165343
right_hip,2,1,5,22,40,77,28,10,5,1,5.648872682900798,167.19174238542695,16.154286970252617
left_knee,4,0,1,0,3,1,3,10,37,132,0.0,179.7440774812016,17.97440774812016
right_knee,2,2,1,0,2,1,0,10,40,133,0.0,179.73289607594444,17.973289607594445
