Joints,0,1,2,3,4,5,6,7,8,9,Min,Max,Step
left_shoulder,22,45,21,9,25,26,22,14,2,5,1.6911331656778001,169.11742735826482,16.7426294192587
right_shoulder,24,42,21,24,22,22,16,9,7,4,0.0,176.17835834986087,17.61783583498609
left_elbow,15,43,31,13,11,5,7,7,19,40,0.0,177.78634662201642,17.778634662201643
right_elbow,29,24,15,21,7,22,14,6,11,42,0.0,180.0,18.0
left_hip,3,4,5,9,69,50,37,8,2,4,1.6256157164338725,171.43655605305955,16.981094033662565
right_hip,3,2,8,31,56,62,16,6,3,4,13.92970509887635,165.49618820627092,15.156648310739454
left_knee,4,1,2,1,1,0,1,14,46,121,0.0,179.93854687018646,17.993854687018647
right_knee,2,0,2,0,2,2,3,7,33,140,2.9053404110380786e-05,180.0,17.999997094659587
