Joints,0,1,2,3,4,5,6,7,8,9,Min,Max,Step
left_shoulder,50,38,35,19,15,17,11,3,0,3,0.0,167.55817708040198,16.755817708040198
right_shoulder,44,37,32,16,20,18,9,9,2,4,3.612178976560327e-05,167.53014608317827,16.753010996138848
left_elbow,17,18,22,18,15,16,12,23,21,29,1.159020138133333,180.0,17.884097986186667
right_elbow,15,16,15,21,21,18,15,23,22,25,0.0,178.73891835068352,17.873891835068353
left_hip,1,0,7,17,45,69,38,5,7,2,2.6368203925595317,166.01390002241538,16.337707962985583
right_hip,2,4,12,27,80,42,16,5,2,1,10.055554329354262,178.8352081936564,16.877965386430212
left_knee,1,0,1,3,2,0,5,17,47,115,7.098818729737107,180.0,17.29011812702629
right_knee,3,1,1,0,2,3,8,12,53,108,13.26709944006662,179.99997224250703,16.67328728024404
