Joints,0,1,2,3,4,5,6,7,8,9,Min,Max,Step
left_shoulder,116,39,4,3,0,5,8,4,8,3,0.0,182.98444954706326,18.298444954706326
right_shoulder,106,41,9,8,1,1,2,9,10,3,0.0,177.2801756947156,17.72801756947156
left_elbow,84,63,10,6,5,5,6,1,7,3,0.0,205.93475746006007,20.593475746006007
right_elbow,80,69,6,4,8,7,10,5,0,1,0.0,223.07076198467456,22.307076198467456
left_hip,135,18,1,8,2,2,3,10,4,7,0.0,176.42495222255872,17.64249522225587
right_hip,132,18,2,11,1,2,10,6,6,2,0.0,188.32350726261419,18.832350726261417
left_knee,121,30,4,7,7,0,3,9,6,3,0.0,162.31477751639514,16.231477751639513
right_knee,121,28,7,8,5,3,5,7,3,3,0.0,174.17733991678557,17.417733991678556
