Joints,0,1,2,3,4,5,6,7,8,9,Min,Max,Step
left_shoulder,5,6,8,34,60,10,0,6,0,2,-76.61253663186298,113.69237487646791,19.030491150833086
right_shoulder,2,1,5,13,75,21,6,6,1,1,-143.25074775348497,158.66841745137756,30.19191652048626
left_elbow,2,4,2,12,19,59,19,7,5,2,-163.2418069947757,145.76585191784162,30.900765891261727
right_elbow,1,5,12,10,58,25,7,7,5,1,-165.42703605547956,175.13739204240994,34.05644280978896
left_hip,1,0,2,8,37,67,8,3,3,2,-129.04098911249466,119.5284408517173,24.856942996421196
right_hip,2,1,2,5,6,84,17,9,2,3,-148.511998063074,109.96886292395685,25.848086098703078
left_knee,1,1,6,23,85,10,3,1,0,1,-118.6368525651292,158.51266890810734,27.714952147323658
right_knee,1,1,2,3,17,90,8,5,3,1,-150.19457568830896,128.8025544803843,27.899713016869327
