Joints,0,1,2,3,4,5,6,7,8,9,Min,Max,Step
left_shoulder,3,3,6,7,60,33,12,1,3,3,-92.74322839617304,96.70937913671794,18.94526075328909
right_shoulder,2,1,5,14,76,18,8,5,1,1,-142.2239617275045,158.1003457625489,30.032430749005343
left_elbow,1,3,5,12,17,57,20,8,3,5,-153.28622258092614,131.08065864543937,28.436688122636554
right_elbow,3,3,10,14,44,33,10,8,5,1,-164.3549618237482,168.14809151018446,33.25030533339327
left_hip,2,4,6,28,72,8,5,3,1,2,-89.81883409280644,119.90006234077869,20.97188964335851
right_hip,1,1,2,5,7,64,35,9,4,3,-148.20891210290029,101.7102377586667,24.9919149861567
left_knee,1,0,2,5,15,86,15,5,0,2,-151.6066107971582,122.83491256155244,27.444152335871067
right_knee,1,0,3,7,13,89,8,5,3,2,-124.48197799203878,106.19932008753688,23.06812980795756
