Joints,0,1,2,3,4,5,6,7,8,9,Min,Max,Step
left_shoulder,3,3,3,6,35,64,8,2,5,2,-99.95859283108524,96.13089784416478,19.608949067525003
right_shoulder,2,1,2,7,18,65,18,7,8,3,-141.23759658896964,108.72639274902849,24.99639893379981
left_elbow,3,2,8,12,13,63,19,4,2,5,-151.6100234128335,136.54722643415909,28.81572498469926
right_elbow,5,4,14,11,44,27,4,7,10,5,-123.26198342719464,124.79585788187931,24.805784130907398
left_hip,2,7,15,82,10,10,1,2,0,2,-78.17548252965649,135.216070997979,21.339155352763548
right_hip,2,1,2,3,7,43,54,11,4,4,-148.21530645083038,98.17419111397855,24.638949756480898
left_knee,1,5,6,22,78,9,8,1,0,1,-80.81432054782333,106.40992708251314,18.722424763033644
right_knee,2,4,6,11,73,22,3,4,2,4,-70.76709015309625,78.07307791421938,14.884016806731566
