Joints,0,1,2,3,4,5,6,7,8,9,Min,Max,Step
left_shoulder,5,6,8,65,32,5,7,2,0,1,-90.89112368259684,146.17075399404888,23.706187767664574
right_shoulder,2,2,5,13,70,23,11,3,1,1,-140.92352129946548,156.858874993207,29.778239629267247
left_elbow,2,5,7,7,16,66,13,8,3,4,-153.12129439632318,139.67240311322632,29.27936975095494
right_elbow,1,3,10,19,52,24,6,11,3,2,-162.87702694966066,168.16361543409718,33.10406423837577
left_hip,3,1,6,19,79,12,4,3,2,2,-97.99641696696678,119.59894254623735,21.759535951320416
right_hip,2,3,1,3,7,34,61,12,3,5,-148.55726575853515,97.52262534594726,24.607989110448244
left_knee,1,2,7,13,90,12,5,0,0,1,-120.50345130005928,153.7403215216208,27.42437728216801
right_knee,4,5,10,14,76,7,6,4,4,1,-60.236255197548296,78.06479127728709,13.830104647483537
