Joints,0,1,2,3,4,5,6,7,8,9,Min,Max,Step
left_shoulder,18,39,21,15,21,12,2,2,0,1,2.5548573267992416,170.5055185637726,16.795066123697335
right_shoulder,34,25,29,18,11,8,0,2,2,2,1.4608954059417711,165.7332464525589,16.42723510466171
left_elbow,3,7,5,10,16,14,12,13,22,29,0.0,179.8500523247031,17.98500523247031
right_elbow,8,12,10,12,19,17,6,4,16,27,4.588442056285971,179.31206594258853,17.472362388630255
left_hip,1,7,12,8,31,47,11,9,2,3,13.179850384106956,177.94096055999626,16.47611101758893
right_hip,5,5,6,7,13,28,36,16,10,5,5.034212632208089,165.95004784296094,16.091583521075286
left_knee,1,0,0,2,10,5,8,31,28,46,5.273274747204097,179.54281952647412,17.426954477927005
right_knee,3,5,5,9,8,11,12,20,26,32,74.54981133329481,178.50159295087826,10.395178161758352
