Joints,0,1,2,3,4,5,6,7,8,9,Min,Max,Step
left_shoulder,17,27,26,13,12,11,17,3,3,2,1.3084175511341252,133.6553937819818,13.234697623084767
right_shoulder,34,26,25,20,10,8,0,3,2,3,1.4598545942862546,164.95801782516446,16.349816323087822
left_elbow,3,7,5,10,15,13,12,14,20,32,0.0,179.4183056454417,17.94183056454417
right_elbow,7,8,15,12,15,19,4,6,17,28,2.4914159864017504,179.99991159010025,17.75084956036985
left_hip,1,4,8,10,32,47,12,10,5,2,14.464079747730606,176.0120116165651,16.154793186883445
right_hip,6,5,8,7,15,22,41,16,7,4,1.9422066602364283,165.96210545705205,16.40198987968156
left_knee,1,2,5,6,5,12,24,20,26,30,67.03484961605393,179.8219288026286,11.278707918657474
right_knee,3,6,5,10,5,11,10,27,21,33,74.75961161949299,178.11262836206157,10.335301674256854
