Joints,0,1,2,3,4,5,6,7,8,9,Min,Max,Step
left_shoulder,112,12,2,0,0,0,0,0,2,2,0.0,165.9564184176435,16.59564184176435
right_shoulder,115,10,1,0,0,0,0,2,1,1,0.0,193.52384038295745,19.352384038295746
left_elbow,96,20,9,1,0,0,0,2,0,2,0.0,169.65145371736432,16.965145371736433
right_elbow,94,22,10,0,0,1,1,0,1,1,0.0,203.9659982415066,20.396599824150663
left_hip,119,7,0,0,0,0,0,0,1,3,0.0,156.80599582317208,15.680599582317209
right_hip,116,10,0,0,0,0,0,1,1,2,0.0,175.509774619945,17.5509774619945
left_knee,122,4,0,0,0,0,1,1,0,2,0.0,200.63216787581902,20.0632167875819
right_knee,116,9,1,0,0,0,2,0,0,2,0.0,194.67453204165864,19.467453204165864
