Joints,0,1,2,3,4,5,6,7,8,9,Min,Max,Step
left_shoulder,117,9,0,0,0,0,0,1,1,2,0.0,192.4951476307829,19.249514763078288
right_shoulder,115,10,1,0,0,0,0,0,1,3,0.0,144.3537119209826,14.435371192098259
left_elbow,93,24,9,0,0,0,0,0,1,3,0.0,172.7190629712354,17.27190629712354
right_elbow,94,23,9,0,0,1,1,1,0,1,0.0,194.43230643655087,19.443230643655088
left_hip,121,5,0,0,0,0,0,1,1,2,0.0,180.89363798819116,18.089363798819114
right_hip,121,5,0,0,0,0,2,0,1,1,0.0,189.12008241691532,18.91200824169153
left_knee,122,4,0,0,0,0,0,0,2,2,0.0,244.4084260138813,24.44084260138813
right_knee,118,8,0,0,0,0,0,2,0,2,0.0,245.71245521902802,24.571245521902803
