Joints,0,1,2,3,4,5,6,7,8,9,Min,Max,Step
left_shoulder,117,9,0,0,0,0,0,1,1,2,0.0,194.5231718828696,19.452317188286962
right_shoulder,112,11,3,0,0,0,0,0,1,3,0.0,142.7351153409511,14.27351153409511
left_elbow,97,19,10,0,0,0,0,0,0,4,0.0,176.32451139668163,17.632451139668163
right_elbow,95,20,11,0,0,0,0,3,0,1,0.0,199.31682818021318,19.93168281802132
left_hip,117,9,0,0,0,0,0,0,1,3,0.0,148.3058042892987,14.830580428929869
right_hip,120,6,0,0,0,1,1,0,1,1,0.0,180.95108509601658,18.09510850960166
left_knee,122,4,0,0,0,0,2,0,0,2,0.0,245.13027247336566,24.513027247336566
right_knee,117,8,1,0,0,1,1,0,0,2,0.0,201.9996181734763,20.19996181734763
