Joints,0,1,2,3,4,5,6,7,8,9,Min,Max,Step
left_shoulder,113,13,0,0,0,0,0,0,1,3,0.0,170.55861107077754,17.055861107077753
right_shoulder,117,8,1,0,0,0,1,1,0,2,0.0,204.40174609303853,20.440174609303853
left_elbow,94,23,8,1,0,0,0,0,1,3,0.0,169.74960991956854,16.974960991956856
right_elbow,99,17,10,0,0,0,1,0,1,2,0.0,192.516131292086,19.2516131292086
left_hip,121,5,0,0,0,0,0,0,3,1,0.0,179.01583485573374,17.901583485573376
right_hip,118,8,0,0,0,0,0,2,0,2,0.0,188.14970236196763,18.814970236196764
left_knee,120,6,0,0,0,0,0,1,1,2,0.0,193.3014102796664,19.33014102796664
right_knee,116,9,1,0,0,0,0,2,0,2,0.0,192.36373159000797,19.2363731590008
