Joints,0,1,2,3,4,5,6,7,8,9,Min,Max,Step
left_shoulder,62,25,18,7,3,5,2,3,3,2,0.0,33.69411327444923,3.369411327444923
right_shoulder,71,31,9,7,1,6,2,1,1,1,0.0,40.440535119246675,4.044053511924668
left_elbow,62,24,7,12,5,3,7,4,2,4,0.0,51.795208099138726,5.179520809913873
right_elbow,59,28,1,12,6,7,7,4,4,2,0.0,55.70593875555846,5.570593875555846
left_hip,41,35,21,9,6,7,4,1,3,3,0.0,22.57442279578607,2.257442279578607
right_hip,57,31,17,4,5,5,2,4,4,1,0.0,27.356643371759912,2.735664337175991
left_knee,66,37,13,3,4,3,1,1,0,2,0.0,35.93939228720572,3.593939228720572
right_knee,92,16,8,3,1,2,3,1,3,1,0.0,40.830290090685,4.0830290090684995
