Joints,0,1,2,3,4,5,6,7,8,9,Min,Max,Step
left_shoulder,65,33,14,3,1,5,1,3,3,2,0.0,33.86266858203775,3.3862668582037747
right_shoulder,75,30,7,6,3,4,1,2,1,1,0.0,40.62975066965439,4.062975066965439
left_elbow,61,30,5,13,3,4,5,5,1,3,0.0,52.357168865461034,5.235716886546103
right_elbow,68,21,2,7,7,6,9,4,2,4,0.0,56.49308758999346,5.649308758999346
left_hip,43,39,12,11,7,4,7,1,4,2,0.0,22.93229877542039,2.2932298775420388
right_hip,60,35,11,6,5,3,1,5,3,1,0.0,26.588580069708208,2.6588580069708208
left_knee,63,38,14,6,2,3,1,1,0,2,0.0,35.8936843706425,3.5893684370642496
right_knee,94,17,5,3,1,2,3,2,2,1,0.0,41.618462877343134,4.161846287734313
