Joints,0,1,2,3,4,5,6,7,8,9,Min,Max,Step
left_shoulder,63,79,54,31,5,3,1,1,2,1,0.0,166.14298550281197,16.614298550281198
right_shoulder,33,67,80,32,17,4,3,1,1,2,0.12532965322692952,128.64652744403244,12.85211977908055
left_elbow,4,5,8,10,6,11,18,39,60,79,1.5351154216259932,179.93867369958213,17.840355827795612
right_elbow,4,6,10,6,6,13,16,16,78,85,9.790657614147904,179.6352676964326,16.98446100822847
left_hip,3,9,5,27,91,79,18,2,2,4,1.3607198319797755,180.0,17.863928016802024
right_hip,6,26,23,65,84,13,5,10,7,1,34.06009659383112,178.31927648984146,14.425917989601032
left_knee,7,1,10,2,8,7,5,22,50,128,0.0,180.0,18.0
right_knee,3,4,3,4,8,5,11,25,45,132,1.1401133792350269,180.0,17.8859886620765
