Joints,0,1,2,3,4,5,6,7,8,9,Min,Max,Step
left_shoulder,26,23,35,20,41,32,15,21,17,10,0.1034673143138918,72.04273676178387,7.193926944746998
right_shoulder,20,9,44,56,62,33,9,4,2,1,0.8309941260061166,89.56930901662649,8.873831489062038
left_elbow,3,8,9,0,3,2,19,26,65,105,11.308816547966632,179.99999879258175,16.86911822446151
right_elbow,5,7,3,7,7,2,14,43,87,65,6.265967731532996,180.0,17.373403226846698
left_hip,4,16,46,95,62,12,3,0,1,1,53.30169745987483,160.91973259360944,10.761803513373465
right_hip,2,0,7,43,110,73,2,1,1,1,9.31062769032583,174.37394848583753,16.506332079551168
left_knee,11,3,3,3,7,8,3,6,39,157,0.0,180.0,18.0
right_knee,7,3,1,2,5,4,6,15,41,156,0.0,180.0,18.0
