Joints,0,1,2,3,4,5,6,7,8,9,Min,Max,Step
left_shoulder,33,42,43,48,34,29,7,2,1,1,0.33774621761163376,106.54841601863316,10.621066980102153
right_shoulder,7,6,5,10,36,49,55,39,24,9,0.6080043883594394,61.37920346943165,6.077119908107221
left_elbow,2,7,6,3,0,1,15,25,61,120,15.24367462673891,179.83454633402675,16.459087170728786
right_elbow,3,2,3,2,0,0,4,51,111,64,11.46002287305652,179.88278981861492,16.842276694555842
left_hip,1,0,3,13,38,101,64,14,4,2,41.03630231462208,132.12009122812282,9.108378891350071
right_hip,3,9,21,24,53,93,33,2,0,2,39.87258716141085,132.8719255637053,9.299933840229443
left_knee,3,1,2,1,3,8,6,12,31,173,0.0,179.92383613413475,17.992383613413473
right_knee,2,2,2,0,0,5,9,16,46,158,3.558460320386984,180.0,17.6441539679613
