Joints,0,1,2,3,4,5,6,7,8,9,Min,Max,Step
left_shoulder,58,70,56,40,8,2,2,0,1,3,0.2718894174974104,167.69163731449058,16.741974789699317
right_shoulder,54,79,69,24,7,2,3,1,0,1,0.5668061432468813,158.71445805474687,15.81476519115
left_elbow,6,7,10,11,5,8,18,26,49,100,1.0821160057895771,179.91524120855408,17.88331252027645
right_elbow,8,11,6,11,6,9,21,22,68,78,2.6368617550620645,179.999983117719,17.736312136265695
left_hip,4,6,4,18,67,104,24,7,2,4,0.0,177.65414804333525,17.765414804333524
right_hip,2,3,11,36,75,80,20,5,3,5,0.0,174.71799326772842,17.471799326772842
left_knee,7,7,6,9,9,10,9,11,37,135,1.0732162567281385,180.0,17.892678374327186
right_knee,8,5,2,3,7,9,14,19,42,131,1.5047436215478305,180.0,17.84952563784522
