Joints,0,1,2,3,4,5,6,7,8,9,Min,Max,Step
left_shoulder,79,63,57,36,2,1,0,0,0,2,0.93004511861423,174.4547988105649,17.35247536919507
right_shoulder,17,17,57,75,41,24,5,0,3,1,0.7088768664067223,101.80941151310776,10.110053464670104
left_elbow,4,0,11,6,4,4,10,28,46,127,2.057250085728884,180.0,17.79427499142711
right_elbow,1,5,9,3,8,3,13,29,97,72,0.6939054743495466,179.99999466818528,17.930608919383573
left_hip,3,0,12,22,79,80,29,7,3,5,31.12857257707541,155.90706882292102,12.477849624584557
right_hip,2,0,10,35,115,63,7,5,1,2,11.573264985776444,170.27466512711246,15.8701400141336
left_knee,7,4,5,6,3,9,8,13,49,136,1.719473361016337,180.0,17.82805266389837
right_knee,8,3,4,2,1,10,6,19,53,134,0.0,180.0,18.0
