Joints,0,1,2,3,4,5,6,7,8,9,Min,Max,Step
left_shoulder,62,2,0,0,0,0,0,0,0,1,0.09492609856965616,102.72707657836537,10.263215047979571
right_shoulder,62,2,0,0,0,0,0,0,0,1,0.030386878516018345,75.46959440162381,7.54392075231078
left_elbow,56,4,2,1,1,0,0,0,0,1,0.26292989506700554,105.49677733773815,10.523384744267116
right_elbow,57,3,0,0,4,0,0,0,0,1,0.06495105879617064,65.09430758317184,6.502935652437567
left_hip,61,3,0,0,0,0,0,0,0,1,0.04066597827297544,96.90340813975351,9.686274216148053
right_hip,62,2,0,0,0,0,0,0,0,1,0.04404413978728431,77.77221932866016,7.772817518887287
left_knee,62,2,0,0,0,0,0,0,0,1,0.0774953262396466,97.26249474274313,9.718499941650348
right_knee,64,0,0,0,0,0,0,0,0,1,0.12257508341739776,84.25519237903364,8.413261729561622
