Joints,0,1,2,3,4,5,6,7,8,9,Min,Max,Step
left_shoulder,62,2,0,0,0,0,0,0,0,1,0.051403384658743057,102.68771571641672,10.263631233175797
right_shoulder,62,2,0,0,0,0,0,0,0,1,0.030677841896111082,75.46860900881562,7.543793116691951
left_elbow,54,6,3,1,0,0,0,0,0,1,0.5223365965506565,105.46018488069458,10.493784828414393
right_elbow,59,3,0,0,2,0,0,0,0,1,0.035095073036239065,65.13687434672285,6.510177927368661
left_hip,62,2,0,0,0,0,0,0,0,1,0.09185659116133862,96.92032104398928,9.682846445282793
right_hip,62,2,0,0,0,0,0,0,0,1,0.13922537898112944,78.78096513955592,7.8641739760574785
left_knee,62,2,0,0,0,0,0,0,0,1,0.08010112908868446,97.25339784558062,9.717329671649193
right_knee,64,0,0,0,0,0,0,0,0,1,0.10546111067064216,83.98990437448128,8.388444326381064
