Joints,0,1,2,3,4,5,6,7,8,9,Min,Max,Step
left_shoulder,62,2,0,0,0,0,0,0,0,1,0.20027402894507704,101.99531085833834,10.179503682939327
right_shoulder,62,2,0,0,0,0,0,0,0,1,0.13336054039700412,75.97152110875834,7.583816056836133
left_elbow,58,2,2,2,0,0,0,0,0,1,0.3469556734125276,105.72832770686699,10.538137203345446
right_elbow,59,3,0,0,2,0,0,0,0,1,0.16392618218246438,65.53038914846864,6.536646296628618
left_hip,61,3,0,0,0,0,0,0,0,1,0.17799893341894302,97.2056193971636,9.702762046374465
right_hip,63,1,0,0,0,0,0,0,0,1,0.2858595185762969,77.4716981566132,7.718583863803689
left_knee,62,2,0,0,0,0,0,0,0,1,0.08720069004639754,96.62472241360553,9.653752172355912
right_knee,63,1,0,0,0,0,0,0,0,1,0.07257098365548899,83.6914465505198,8.36188755668643
