Joints,0,1,2,3,4,5,6,7,8,9,Min,Max,Step
left_shoulder,2,3,5,2,47,7,1,3,3,1,-90.89129305992829,101.12974454045413,19.20210376003824
right_shoulder,2,4,2,4,6,45,3,2,4,2,-123.78384963173396,117.14009893824894,24.092394856998297
left_elbow,2,0,1,4,49,14,1,1,1,1,-153.12191597588125,154.8548100212493,30.797672599713053
right_elbow,2,2,2,7,46,6,2,2,4,1,-134.3425839613152,154.19956759473817,28.85421515560533
left_hip,1,0,0,1,13,54,4,0,0,1,-174.9958062170781,172.371586402205,34.73673926192831
right_hip,4,2,2,10,49,3,1,2,0,1,-110.76643495658271,160.41289287951494,27.11793278360976
left_knee,1,3,1,2,6,43,7,6,2,3,-17.79571838572673,13.36304562161115,3.1158764007337876
right_knee,5,2,0,0,6,50,3,1,2,5,-160.40038196716222,154.02886924762595,31.442925121478822
