Joints,0,1,2,3,4,5,6,7,8,9,Min,Max,Step
left_shoulder,4,8,11,64,127,10,11,3,0,2,-41.043565673747636,57.809926606325256,9.88534922800729
right_shoulder,1,0,1,1,35,189,12,0,0,1,-131.52976894941924,121.7431537893744,25.327292273879365
left_elbow,6,10,5,25,153,16,8,12,4,1,-102.82027012661068,124.84678263147049,22.76670527580812
right_elbow,1,2,7,8,39,157,12,5,6,3,-158.38527763317444,144.0624491251674,30.244772675834184
left_hip,2,1,2,4,7,44,155,15,5,5,-114.91754071813337,68.76530878606286,18.36828495041962
right_hip,2,2,7,25,171,18,7,3,3,2,-86.91768194577233,104.75625121004649,19.167393315581876
left_knee,3,2,2,5,57,158,6,3,1,3,-163.0762043488223,157.32232211257462,32.03985264613968
right_knee,2,4,2,5,129,84,7,2,2,3,-148.957000535936,149.68160469146457,29.863860522740055
