Joints,0,1,2,3,4,5,6,7,8,9,Min,Max,Step
left_shoulder,200,22,0,3,1,1,4,2,1,5,0.0,135.97220109099464,13.597220109099464
right_shoulder,194,26,5,0,0,2,7,1,1,3,0.0,135.8601373085131,13.58601373085131
left_elbow,189,29,7,1,1,2,2,2,1,5,0.0,134.34594397482286,13.434594397482286
right_elbow,197,19,7,2,5,0,2,4,0,3,0.0,127.08922428560258,12.708922428560259
left_hip,222,1,2,3,2,2,5,0,0,2,0.0,183.2452571893896,18.32452571893896
right_hip,218,7,0,0,5,3,0,4,0,2,0.0,171.70371683699835,17.170371683699834
left_knee,215,9,1,0,2,1,0,3,5,3,0.0,115.98128698919098,11.598128698919098
right_knee,218,6,1,1,2,2,5,0,1,3,0.0,131.77606611759572,13.177606611759572
