Joints,0,1,2,3,4,5,6,7,8,9,Min,Max,Step
left_shoulder,3,3,15,18,64,97,29,18,3,1,-161.94259359365418,155.46924270703286,31.74118363006869
right_shoulder,7,12,33,39,90,33,16,14,5,2,-111.18800875300388,145.02448978680562,25.621249853980956
left_elbow,4,12,6,11,53,111,28,9,12,5,-169.67505908167723,155.15076515916442,32.48258242408417
right_elbow,7,3,19,26,73,79,27,6,4,7,-150.9173748917191,155.67070747219014,30.658808236390925
left_hip,2,7,5,16,16,173,12,6,8,6,-166.64487613374513,145.68855445932076,31.233343059306577
right_hip,7,9,10,11,169,17,8,6,11,3,-156.35938092750789,174.73308645387212,33.109246738138
left_knee,6,16,15,20,92,40,26,14,17,5,-153.56040437645802,159.5035079186803,31.306391229513835
right_knee,6,22,17,16,86,46,15,15,22,6,-170.17357321936967,172.48525268828163,34.26588259076513
