Joints,0,1,2,3,4,5,6,7,8,9,Min,Max,Step
left_shoulder,2,3,18,15,118,61,18,13,1,2,-162.9857125049837,171.73979049724184,33.47255030022254
right_shoulder,3,3,14,32,39,96,26,20,10,8,-125.41705731805956,111.40062198253544,23.681767930059493
left_elbow,6,13,6,13,92,72,25,11,7,6,-152.63475899318456,152.79840299876037,30.543316199194493
right_elbow,4,9,19,25,92,60,22,6,11,3,-157.23192619989246,169.4512621828103,32.66831883827027
left_hip,2,6,5,12,16,173,14,7,8,8,-166.62782536935708,141.62461106272346,30.82524364320807
right_hip,4,9,7,16,23,166,10,8,7,1,-180.0,180.0,36.0
left_knee,2,11,14,26,35,93,20,15,24,11,-173.36522510525685,148.8562258287204,32.22214509339773
right_knee,8,17,13,23,43,91,16,17,15,8,-180.0,179.1792659405741,35.917926594057406
