Joints,0,1,2,3,4,5,6,7,8,9,Min,Max,Step
left_shoulder,5,14,13,13,127,47,13,13,4,2,-134.74943078553682,153.76437436193942,28.851380514747618
right_shoulder,6,9,24,31,106,37,20,11,5,2,-109.5478701596563,133.7726020926092,24.332047225226546
left_elbow,5,13,6,14,60,99,29,11,9,5,-161.8857084304495,154.34278025624118,31.62284886866908
right_elbow,9,8,14,28,73,69,25,13,6,6,-148.75123403153674,154.6872350571571,30.34384690886938
left_hip,2,2,9,13,13,172,15,9,10,6,-180.0,151.44537506763675,33.14453750676367
right_hip,6,5,8,8,15,174,11,13,9,2,-174.51247360819747,157.28280162001022,33.17952752282076
left_knee,6,15,12,17,35,95,31,16,19,5,-174.30480727411515,158.8190832239201,33.31238904980353
right_knee,3,20,19,22,53,75,17,23,12,7,-180.0,177.44610292056547,35.744610292056564
