Joints,0,1,2,3,4,5,6,7,8,9,Min,Max,Step
left_shoulder,2,12,13,17,136,44,17,6,1,3,-148.67869934694602,170.705995144615,31.938469449156102
right_shoulder,1,5,8,28,38,113,32,14,8,4,-151.7823116278546,135.51260745956301,28.729491908741764
left_elbow,8,10,9,14,78,85,22,10,8,7,-153.2874052169401,151.55089299689612,30.483829821383623
right_elbow,5,8,11,26,59,95,24,7,12,4,-163.5590754454439,161.3986687325832,32.49577441780269
left_hip,2,5,7,9,23,168,12,11,11,3,-177.9986145976057,156.90497545604862,33.490359005365434
right_hip,8,7,6,14,153,33,11,8,7,4,-165.67586615624853,166.59687991990222,33.22727460761507
left_knee,6,14,13,21,32,92,28,24,13,8,-173.7582798807032,156.41569032549447,33.01739702061977
right_knee,5,14,14,22,53,83,21,20,12,7,-180.0,176.0568339923518,35.605683399235176
