Joints,0,1,2,3,4,5,6,7,8,9,Min,Max,Step
left_shoulder,3,8,15,15,95,71,20,18,3,3,-143.64958780888662,145.6311214328528,28.928070924173937
right_shoulder,1,6,11,35,55,96,21,14,10,2,-142.9486484820808,137.52567325948377,28.047432174156455
left_elbow,8,12,6,14,79,84,22,11,9,6,-151.8347891504865,151.60026159538245,30.343505074586886
right_elbow,8,8,14,26,94,66,16,6,6,7,-148.05446416911713,160.03470003427753,30.80891642033947
left_hip,3,6,7,16,175,17,9,9,8,1,-166.6650418825023,180.0,34.66650418825023
right_hip,2,8,8,11,27,169,10,8,6,2,-180.0,180.0,36.0
left_knee,6,11,15,22,31,100,25,18,18,5,-175.4539029998542,162.87066054560603,33.832456354546025
right_knee,4,16,17,21,45,88,17,22,13,8,-180.0,179.0795618257813,35.90795618257812
