Joints,0,1,2,3,4,5,6,7,8,9,Min,Max,Step
left_shoulder,43,34,20,17,15,29,52,28,6,7,0.0,153.97935733355655,15.397935733355656
right_shoulder,29,30,39,54,20,28,22,16,9,4,0.26300751904669434,165.00124889417572,16.473824137512903
left_elbow,37,32,20,14,25,19,13,20,37,34,0.0,179.2657961897735,17.92657961897735
right_elbow,13,34,33,37,27,22,18,12,33,22,3.258806079446016,172.92243901015453,16.96636329307085
left_hip,116,25,26,11,19,13,7,14,13,7,0.0,180.0,18.0
right_hip,115,27,13,26,11,12,9,7,9,22,0.0,180.0,18.0
left_knee,57,38,29,19,12,19,17,27,21,12,0.0,177.17501087368308,17.71750108736831
right_knee,65,30,17,17,15,12,17,33,23,22,0.0,180.0,18.0
