Joints,0,1,2,3,4,5,6,7,8,9,Min,Max,Step
left_shoulder,44,31,25,21,22,65,30,3,7,3,0.0,180.0,18.0
right_shoulder,25,30,42,53,25,31,20,14,8,3,0.24173237104710785,166.62215682901183,16.638042445796472
left_elbow,35,37,16,18,22,20,14,22,33,34,0.0,180.0,18.0
right_elbow,21,33,31,34,33,21,12,18,37,11,0.857807123916697,177.95418318574383,17.709637606182714
left_hip,118,25,25,12,17,13,6,15,7,13,0.0,180.0,18.0
right_hip,121,26,10,29,9,13,5,7,9,22,0.0,180.0,18.0
left_knee,52,44,26,21,18,17,25,14,20,14,0.0,180.0,18.0
right_knee,64,24,22,18,13,16,16,30,24,24,0.0,180.0,18.0
