Joints,0,1,2,3,4,5,6,7,8,9,Min,Max,Step
left_shoulder,47,36,22,16,26,60,31,6,4,3,0.0,180.0,18.0
right_shoulder,27,27,37,47,29,28,29,15,10,2,0.24178918972980634,164.98098084054863,16.47391916508188
left_elbow,38,36,16,17,23,17,14,22,32,36,0.0,178.28261126438653,17.828261126438655
right_elbow,17,31,31,38,30,21,17,21,30,15,0.6171606214311347,178.63775580081528,17.802059517938414
left_hip,124,24,24,11,12,13,9,16,9,9,0.0,180.0,18.0
right_hip,121,26,14,30,8,10,11,8,10,13,0.0,180.0,18.0
left_knee,65,38,26,29,11,14,14,22,18,14,0.0,180.0,18.0
right_knee,63,28,20,15,14,17,16,27,24,27,0.0,180.0,18.0
