Joints,0,1,2,3,4,5,6,7,8,9,Min,Max,Step
left_shoulder,53,36,20,16,23,65,26,3,6,3,0.0,180.0,18.0
right_shoulder,25,36,32,51,35,36,14,16,3,3,0.2606410603347257,173.4641687634101,17.320352770307537
left_elbow,38,36,15,15,23,20,16,23,31,34,0.13540414763580724,180.0,17.98645958523642
right_elbow,17,28,37,37,30,22,17,13,38,12,0.5009246933593282,176.03831086044136,17.553738616708202
left_hip,121,22,21,15,18,12,11,17,9,5,0.0,180.0,18.0
right_hip,116,24,11,31,9,9,12,9,8,22,0.0,180.0,18.0
left_knee,62,39,25,15,18,18,25,23,15,11,0.0,179.6879675063156,17.96879675063156
right_knee,69,30,18,18,13,12,16,31,21,23,0.0,180.0,18.0
