Joints,0,1,2,3,4,5,6,7,8,9,Min,Max,Step
left_shoulder,54,31,22,21,20,62,31,4,4,2,0.0,180.0,18.0
right_shoulder,26,29,43,54,32,37,14,9,3,4,0.2605818609884561,178.97497018617835,17.87143883251899
left_elbow,36,36,12,17,25,23,13,13,41,35,0.0,178.4887732805136,17.848877328051362
right_elbow,13,30,31,36,33,21,14,15,47,11,2.5973034250516838,175.86881845683223,17.327151503178055
left_hip,120,29,22,11,15,14,10,15,10,5,0.0,180.0,18.0
right_hip,119,26,13,30,9,10,5,9,10,20,0.0,180.0,18.0
left_knee,61,34,31,16,20,19,23,19,17,11,0.0,180.0,18.0
right_knee,63,25,21,17,16,13,21,27,25,23,0.0,180.0,18.0
