Joints,0,1,2,3,4,5,6,7,8,9,Min,Max,Step
left_shoulder,50,31,26,13,22,64,31,7,5,2,0.0,180.0,18.0
right_shoulder,23,30,38,50,26,30,28,15,9,2,0.2356093395832352,165.00387483121776,16.47682654916345
left_elbow,35,37,16,16,23,18,17,16,32,41,0.0,179.03432457207091,17.903432457207092
right_elbow,20,25,33,37,27,28,16,21,33,11,2.8640985315938705,179.34239387356868,17.64782953419748
left_hip,114,26,25,14,20,11,8,13,9,11,0.0,180.0,18.0
right_hip,119,28,14,30,7,12,8,10,7,16,0.0,180.0,18.0
left_knee,54,37,22,21,18,20,23,20,23,13,0.0,180.0,18.0
right_knee,64,36,17,17,18,14,18,22,23,22,0.0,180.0,18.0
