Joints,0,1,2,3,4,5,6,7,8,9,Min,Max,Step
left_shoulder,202,24,13,5,0,0,1,0,1,4,0.15029620017778525,303.9249873040688,30.377469110389104
right_shoulder,200,24,7,3,0,0,1,1,6,8,0.5817417322376319,324.2026816466789,32.36209399144413
left_elbow,176,38,13,11,4,6,1,0,0,1,0.7775525312603464,325.279161116148,32.45016085848876
right_elbow,156,34,14,21,12,5,4,2,0,2,0.5503467334268348,278.28714687863544,27.773680014520863
left_hip,149,26,13,6,13,8,12,5,11,7,0.011770185205527564,389.7286602803592,38.971689009515366
right_hip,141,6,24,15,6,9,21,18,6,4,0.04951610357667786,381.756458268929,38.17069421653524
left_knee,84,33,17,32,42,15,10,9,4,4,0.042940065172634136,354.1442555571225,35.410131549194986
right_knee,110,39,31,14,14,6,10,8,7,11,0.22928495181145875,270.4149293718466,27.018564442003516
