Joints,0,1,2,3,4,5,6,7,8,9,Min,Max,Step
left_shoulder,126,65,19,10,6,9,5,4,3,3,0.0,106.77520373466436,10.677520373466436
right_shoulder,152,49,15,10,10,8,2,1,0,3,0.0,125.27535254952488,12.527535254952488
left_elbow,151,46,15,4,11,6,5,2,4,6,0.0,200.59221374021718,20.059221374021718
right_elbow,155,31,22,5,8,11,11,3,2,2,0.0,182.48011457122254,18.248011457122253
left_hip,171,19,26,13,8,2,4,3,2,2,0.0,345.7511526359127,34.57511526359127
right_hip,157,9,16,40,8,3,6,4,3,4,0.0,304.82063166427986,30.482063166427984
left_knee,76,33,20,16,31,34,17,17,4,2,0.0,289.6101075052576,28.96101075052576
right_knee,107,41,29,11,13,11,4,13,15,6,0.0,235.0922481718228,23.50922481718228
