Joints,0,1,2,3,4,5,6,7,8,9,Min,Max,Step
left_shoulder,202,25,12,5,0,0,0,0,3,3,0.23873146705446802,326.8838806260502,32.664514915899574
right_shoulder,206,21,10,3,0,0,0,2,0,8,0.6032812960254051,325.32207576119634,32.47187944651709
left_elbow,138,44,16,14,9,8,7,3,3,8,0.8788492253136054,199.7248786613473,19.88460294360337
right_elbow,152,32,18,18,13,10,2,1,2,2,0.7381153678792982,281.9639914402613,28.1225876072382
left_hip,142,25,15,11,10,10,8,5,17,7,0.11554116289774348,391.9939675127269,39.187842634982914
right_hip,146,12,27,17,6,8,9,12,9,4,0.11554116289774348,385.7661791671995,38.565063800430174
left_knee,79,36,29,41,35,19,3,4,2,2,0.6300394802280148,391.98494182817115,39.13549023479432
right_knee,118,39,22,13,11,14,11,9,6,7,0.6626618980701865,304.2815980923204,30.361893619425018
