Joints,0,1,2,3,4,5,6,7,8,9,Min,Max,Step
left_shoulder,206,28,9,3,0,0,0,1,2,1,0.024976600932120643,325.5511739678508,32.55261973669187
right_shoulder,203,21,9,2,1,0,0,1,5,8,0.2885507503074116,309.9407880659565,30.965223731564908
left_elbow,144,41,17,13,9,8,3,6,6,3,0.5247547272549027,216.09695540893483,21.557220068167993
right_elbow,155,32,8,25,13,7,6,1,1,2,0.273321948159004,272.3947109056276,27.212138895746865
left_hip,151,22,16,2,12,8,10,10,12,7,0.04680889405561138,390.96927710692773,39.09224682128721
right_hip,146,9,21,19,4,6,9,11,18,7,0.0821533203125,357.93987407575224,35.785772075543974
left_knee,71,26,23,24,31,30,20,14,5,6,0.5287544604954821,315.6533998170902,31.512464535659472
right_knee,122,36,26,13,15,10,10,9,5,4,0.4731241535270689,306.2225185630419,30.574939440951482
