Joints,0,1,2,3,4,5,6,7,8,9,Min,Max,Step
left_shoulder,205,22,13,6,0,0,0,0,1,3,0.6045229831548369,291.97651796339943,29.13719949802446
right_shoulder,202,25,8,3,0,0,0,2,1,9,0.9614951775625056,325.9673408365773,32.500584565901484
left_elbow,138,47,19,14,10,6,6,2,2,6,0.3042201607860153,201.04421142305145,20.073999126226546
right_elbow,153,28,14,19,17,9,5,3,1,1,0.7242400013224323,263.83024510485427,26.310600510353186
left_hip,143,25,21,5,8,4,13,11,13,7,0.17772117044318386,370.61888422586134,37.04411630554181
right_hip,137,14,24,20,8,5,15,15,6,6,0.17772117044318386,380.5648601310478,38.03871389606046
left_knee,76,35,23,29,35,30,10,6,2,4,0.1465631598956436,326.5814122347627,32.6434849074867
right_knee,117,41,20,20,9,10,14,10,7,2,0.33040646158781845,303.3917784907107,30.30613720291229
