Joints,0,1,2,3,4,5,6,7,8,9,Min,Max,Step
left_shoulder,2,1,4,2,4,73,2,2,2,2,-102.24806780790207,97.35617562238464,19.960424343028663
right_shoulder,2,1,3,6,70,3,6,1,1,1,-94.8380485908336,114.00273558242544,20.88407841732591
left_elbow,2,1,3,2,73,6,2,2,1,2,-125.73202733949228,142.11682636670514,26.784885370619747
right_elbow,1,2,2,2,74,5,2,4,1,1,-132.73330783726956,135.68552335376913,26.84188311910387
left_hip,1,1,1,2,4,1,74,1,4,5,-146.51695039552376,92.75844114854804,23.927539154407185
right_hip,2,4,1,1,72,6,1,1,2,4,-83.26510634469555,83.51398678861823,16.67790931333137
left_knee,1,2,3,2,3,72,3,4,1,3,-153.10629750769596,139.62726130119057,29.27335588088866
right_knee,1,2,5,6,70,3,4,0,1,2,-119.18605694655209,151.7559478562695,27.09420048028217
