Joints,0,1,2,3,4,5,6,7,8,9,Min,Max,Step
left_shoulder,17,21,5,4,2,3,2,25,0,15,1.8949250649638592,108.32083632813305,10.642591126316919
right_shoulder,2,7,28,8,28,2,2,6,0,11,7.28350589061378,165.33382621205945,15.805032032144569
left_elbow,3,0,0,1,8,12,3,24,28,15,22.615807931298217,180.0,15.73841920687018
right_elbow,3,4,0,2,26,8,0,8,26,17,1.7951753080402666,179.18752139894966,17.73923460909094
left_hip,12,0,20,26,4,1,3,18,5,5,6.3553692904779515,175.22717269161097,16.887180340113304
right_hip,35,3,22,14,9,1,8,0,0,2,16.05657182631012,158.68837089909604,14.263179907278591
left_knee,3,0,7,0,25,7,0,12,26,14,0.0,175.3289174995671,17.53289174995671
right_knee,1,1,0,7,2,23,14,7,12,27,1.19866055619329,178.44476718243254,17.724610662623924
