Joints,0,1,2,3,4,5,6,7,8,9,Min,Max,Step
left_shoulder,12,6,2,9,5,13,1,19,4,23,0.0,123.26107288787546,12.326107288787545
right_shoulder,41,6,3,9,14,3,1,15,0,2,0.0,126.76798084992384,12.676798084992384
left_elbow,8,3,15,19,11,5,15,2,8,8,0.0,177.35881648198756,17.735881648198756
right_elbow,10,3,2,13,0,1,7,5,18,35,0.0,180.0,18.0
left_hip,10,16,1,37,4,3,8,7,7,1,0.0,167.6269771082199,16.76269771082199
right_hip,1,0,5,31,28,6,8,1,3,11,0.0,173.26510634469554,17.326510634469553
left_knee,1,27,6,0,5,9,11,7,3,25,0.0,179.52977382316348,17.952977382316348
right_knee,1,1,2,0,0,30,7,5,24,24,0.0,180.0,18.0
