Joints,0,1,2,3,4,5,6,7,8,9,Min,Max,Step
left_shoulder,62,0,0,0,0,0,0,1,26,5,0.0,150.94956113056972,15.094956113056972
right_shoulder,46,0,0,19,0,1,0,1,1,26,0.0,163.8221062983987,16.382210629839868
left_elbow,46,3,42,0,0,0,0,0,1,2,0.0,175.6684363827948,17.56684363827948
right_elbow,47,26,0,0,16,0,0,3,1,1,0.0,161.4492393434883,16.14492393434883
left_hip,48,1,0,0,26,0,0,0,0,19,0.0,145.525788556883,14.5525788556883
right_hip,65,0,0,0,0,0,0,0,26,3,0.0,175.83786151049287,17.58378615104929
left_knee,62,0,0,1,1,1,3,0,0,26,0.0,163.14639596511537,16.314639596511537
right_knee,46,0,0,0,0,19,3,0,0,26,0.0,154.16470246579772,15.416470246579772
