Joints,0,1,2,3,4,5,6,7,8,9,Min,Max,Step
left_shoulder,81,5,3,1,1,0,1,0,0,1,0.0,37.952250123531925,3.7952250123531925
right_shoulder,82,4,3,0,0,1,0,0,1,2,0.0,45.216449484361505,4.52164494843615
left_elbow,69,9,2,4,4,2,0,1,1,1,0.0,36.15039609921717,3.615039609921717
right_elbow,62,4,5,2,4,4,3,5,2,2,0.0,28.278858439351264,2.8278858439351264
left_hip,75,9,2,2,0,0,2,0,1,2,0.0,29.43131012860425,2.943131012860425
right_hip,76,10,1,1,2,0,1,1,0,1,0.0,38.02498924769349,3.802498924769349
left_knee,73,7,3,4,4,0,0,1,0,1,0.0,44.23669559109054,4.423669559109054
right_knee,72,4,3,6,5,0,2,0,0,1,0.0,38.750610383335115,3.8750610383335116
