Joints,0,1,2,3,4,5,6,7,8,9,Min,Max,Step
left_shoulder,1,2,0,5,9,69,12,1,0,2,-99.75996591695153,83.54002903364021,18.32999949505917
right_shoulder,2,0,3,4,44,37,9,0,1,1,-97.72492930992145,97.9458932650662,19.567082257498768
left_elbow,3,4,1,3,13,60,4,5,3,5,-157.94755909499813,137.46904798283578,29.541660707783393
right_elbow,2,4,3,5,22,48,8,1,5,3,-168.3727248230833,161.30633176050438,32.967905658358774
left_hip,2,0,5,4,46,31,5,3,4,1,-128.72354910709623,130.09295605862155,25.88165051657178
right_hip,2,7,5,5,48,20,8,0,2,4,-106.77783244084353,118.0202446651256,22.479807710596916
left_knee,2,2,10,4,47,21,5,8,1,1,-160.2689733527969,164.54017304684518,32.48091463996421
right_knee,1,2,6,10,34,32,5,8,2,1,-156.1006301883003,156.5764499455903,31.26770801338907
