Joints,0,1,2,3,4,5,6,7,8,9,Min,Max,Step
left_shoulder,51,21,12,10,1,2,2,0,0,2,0.8334413494073535,128.71201401586148,12.787857266645414
right_shoulder,58,20,6,5,3,7,1,0,0,1,0.0,171.58762274209374,17.158762274209373
left_elbow,7,8,7,2,6,5,4,7,26,29,0.0,179.49833219141158,17.94983321914116
right_elbow,8,7,6,7,3,8,13,11,19,19,0.6603831079217606,179.99994845441043,17.933956534648864
left_hip,2,4,2,2,20,36,26,3,2,4,0.0,174.14726797865399,17.4147267978654
right_hip,3,2,6,11,7,33,16,8,13,2,0.0,177.70892067980296,17.770892067980295
left_knee,12,6,3,4,5,10,3,8,9,41,0.0,178.92083811981541,17.892083811981543
right_knee,12,5,0,10,8,12,7,7,8,32,0.0,179.0250094471371,17.90250094471371
