Joints,0,1,2,3,4,5,6,7,8,9,Min,Max,Step
left_shoulder,1,0,0,3,106,87,6,0,0,1,-75.76357941261028,75.71749775625655,15.148107716886685
right_shoulder,1,0,0,4,71,123,4,0,0,1,-143.55154394231738,140.87770009682777,28.442924403914517
left_elbow,1,3,2,4,11,144,28,4,2,5,-63.66596234032876,49.52032111089776,11.318628345122654
right_elbow,2,1,2,7,56,122,8,3,1,2,-178.9571819744761,173.4166469351394,35.237382890961555
left_hip,5,4,8,101,71,5,4,5,0,1,-87.94936076927263,132.9520868870277,22.09014476563003
right_hip,1,4,3,5,24,133,19,8,6,1,-130.24522194643848,108.68528139700508,23.893050334344352
left_knee,1,1,0,0,55,143,2,0,1,1,-171.0902956259824,164.40668443784568,33.54969800638281
right_knee,1,2,1,10,34,129,19,4,2,2,-178.08833619254352,157.36866731464326,33.545700350718676
