Joints,0,1,2,3,4,5,6,7,8,9,Min,Max,Step
left_shoulder,2,2,6,9,134,39,8,0,3,1,-30.13419843567953,34.37539474242658,6.450959317810611
right_shoulder,2,5,10,11,121,41,7,2,3,2,-38.57534472920535,43.601854434021995,8.217719916322736
left_elbow,1,1,3,1,2,125,62,2,5,2,-90.05353398324863,62.77504859431138,15.282858257756004
right_elbow,1,0,3,6,6,35,136,6,4,7,-117.1768601441061,72.02979440858917,18.92066545526953
left_hip,3,2,3,3,132,50,5,3,1,2,-100.83688034976858,108.60510369107759,20.944198404084617
right_hip,1,1,1,5,8,54,107,17,5,5,-134.35011020845346,82.90315529066599,21.72532654991194
left_knee,1,3,2,12,31,98,37,10,5,5,-38.026174200509566,30.53151124956213,6.8557685450071695
right_knee,4,9,16,55,82,21,7,6,3,1,-73.12394108242398,102.31469127090756,17.543863235333156
