Joints,0,1,2,3,4,5,6,7,8,9,Min,Max,Step
left_shoulder,23,3,6,0,2,1,1,27,8,3,0.0,107.08838707407412,10.708838707407413
right_shoulder,8,1,3,0,23,18,11,4,4,2,0.0,114.82537842496129,11.482537842496129
left_elbow,3,2,1,1,4,3,0,13,40,7,0.0,175.1912553669593,17.51912553669593
right_elbow,4,18,3,1,3,13,6,4,5,17,0.0,179.87454298017474,17.987454298017475
left_hip,20,0,1,3,2,10,13,4,15,6,0.0,168.7000682516653,16.87000682516653
right_hip,20,3,4,4,9,6,4,5,1,18,0.0,144.1254074446335,14.412540744463351
left_knee,3,0,5,1,0,0,0,8,24,33,0.0,179.3601999951565,17.93601999951565
right_knee,3,5,2,0,2,3,6,35,5,13,0.0,174.97227996554196,17.497227996554194
