Joints,0,1,2,3,4,5,6,7,8,9,Min,Max,Step
left_shoulder,3,0,4,15,4,43,0,2,0,3,0.0,77.75300307904409,7.775300307904409
right_shoulder,3,0,0,0,43,14,9,0,2,3,0.0,76.78814482950241,7.678814482950242
left_elbow,3,0,0,0,18,39,0,6,5,3,0.0,154.13388747248845,15.413388747248845
right_elbow,7,0,0,4,1,19,3,38,0,2,0.0,179.9999940848827,17.99999940848827
left_hip,3,0,0,0,0,4,0,0,14,53,0.0,175.7912865835138,17.57912865835138
right_hip,55,1,14,0,0,0,0,0,0,4,0.0,75.02820214936999,7.502820214936999
left_knee,3,0,0,0,0,0,0,0,43,28,0.0,179.07865192574457,17.907865192574455
right_knee,3,0,0,0,0,0,0,5,3,63,0.0,178.4350329453565,17.84350329453565
