Joints,0,1,2,3,4,5,6,7,8,9,Min,Max,Step
left_shoulder,11,0,1,4,7,2,1,13,31,4,0.0,96.11283617603752,9.611283617603751
right_shoulder,17,1,7,13,12,23,0,0,0,1,0.0,176.25449011607085,17.625449011607085
left_elbow,10,0,0,2,0,7,3,4,11,37,0.0,163.17221531256706,16.317221531256706
right_elbow,16,0,0,3,0,1,2,8,5,39,0.0,179.14345165737743,17.914345165737743
left_hip,11,0,1,3,2,3,2,35,9,8,0.0,178.54158367324482,17.85415836732448
right_hip,38,8,14,2,2,3,3,0,1,3,0.0,174.92511689835985,17.492511689835986
left_knee,11,0,2,0,0,1,1,2,29,28,0.0,179.48261378513203,17.9482613785132
right_knee,13,1,2,1,1,2,8,27,5,14,0.0,178.52739906788068,17.852739906788067
