Joints,0,1,2,3,4,5,6,7,8,9,Min,Max,Step
left_shoulder,9,3,1,18,3,34,4,1,0,1,0.0,148.7526405487978,14.875264054879782
right_shoulder,19,1,2,2,8,10,8,22,0,2,0.0,135.09179570095134,13.509179570095133
left_elbow,5,1,2,0,2,2,14,8,34,6,0.0,173.2604848987205,17.32604848987205
right_elbow,5,16,0,0,1,0,5,7,31,9,0.0,175.57761943773636,17.557761943773635
left_hip,8,3,0,3,0,2,6,8,9,35,0.0,178.525867249769,17.8525867249769
right_hip,30,20,8,2,2,3,1,2,0,6,0.0,169.02775910239598,16.902775910239598
left_knee,5,0,2,2,2,3,0,1,6,53,0.0,179.71936756976052,17.971936756976053
right_knee,6,0,1,1,8,5,6,4,26,17,0.0,179.0378797141649,17.903787971416488
