Joints,0,1,2,3,4,5,6,7,8,9,Min,Max,Step
left_shoulder,4,5,0,15,0,5,18,9,14,4,0.0,93.49455869721994,9.349455869721995
right_shoulder,17,6,4,7,6,33,0,0,0,1,0.0,163.58972884332908,16.358972884332907
left_elbow,6,1,0,0,0,6,8,22,21,10,0.0,173.14623766817908,17.31462376681791
right_elbow,12,1,0,4,4,1,6,24,10,12,0.0,180.0,18.0
left_hip,8,0,1,1,2,1,4,7,37,13,0.0,174.91530614383737,17.491530614383738
right_hip,34,16,3,7,3,8,0,1,1,1,0.0,170.80712500620913,17.080712500620912
left_knee,11,0,3,1,2,0,1,1,7,48,0.0,178.88716887194568,17.88871688719457
right_knee,10,4,1,0,0,3,23,6,8,19,0.0,179.7191383456386,17.97191383456386
