Joints,0,1,2,3,4,5,6,7,8,9,Min,Max,Step
left_shoulder,63,7,2,0,0,0,0,0,0,1,0.0,141.26367990133028,14.126367990133028
right_shoulder,51,10,6,4,0,1,0,0,0,1,0.0,120.5734759178244,12.05734759178244
left_elbow,59,8,4,1,0,0,0,0,0,1,0.0,177.75021947261482,17.775021947261482
right_elbow,42,10,6,6,2,4,0,1,0,2,0.0,145.9124706561741,14.59124706561741
left_hip,61,7,0,1,2,1,0,0,0,1,0.0,190.42998397474332,19.04299839747433
right_hip,46,20,2,1,3,0,0,0,0,1,0.0,184.23829455858623,18.423829455858623
left_knee,60,8,2,0,0,1,1,0,0,1,0.0,247.0762913173701,24.70762913173701
right_knee,47,6,5,0,7,4,1,1,1,1,0.0,225.6735388364792,22.567353883647918
