Joints,0,1,2,3,4,5,6,7,8,9,Min,Max,Step
left_shoulder,65,3,0,2,0,2,0,0,0,1,0.0,142.93252816858384,14.293252816858384
right_shoulder,46,11,6,5,2,1,0,1,0,1,0.0,119.82748072781371,11.982748072781371
left_elbow,55,12,5,0,0,0,0,0,0,1,0.0,188.93587684273518,18.89358768427352
right_elbow,46,10,3,4,8,1,0,0,0,1,0.0,162.73029450369285,16.273029450369286
left_hip,54,4,9,1,1,0,0,2,0,2,0.0,194.64577005189244,19.464577005189245
right_hip,42,15,9,1,0,3,2,0,0,1,0.0,184.79884231668998,18.479884231668997
left_knee,52,8,3,3,1,1,3,0,0,2,0.0,259.33960235693854,25.933960235693853
right_knee,48,8,4,3,7,1,0,0,0,2,0.0,225.13513786484108,22.513513786484108
