Joints,0,1,2,3,4,5,6,7,8,9,Min,Max,Step
left_shoulder,59,9,2,0,0,0,0,0,2,1,0.0,144.70698773888938,14.470698773888937
right_shoulder,52,10,4,3,0,0,0,0,1,3,0.0,131.64968758919656,13.164968758919656
left_elbow,52,5,3,4,4,0,1,1,1,2,0.0,189.20896570034873,18.920896570034873
right_elbow,58,2,1,5,2,0,0,2,0,3,0.0,182.94825191817586,18.294825191817587
left_hip,55,3,6,4,1,0,1,0,2,1,0.0,186.6829503318687,18.668295033186872
right_hip,52,6,5,5,1,0,1,0,2,1,0.0,195.66736659952858,19.56673665995286
left_knee,53,10,1,0,2,4,1,1,0,1,0.0,233.99439748216844,23.399439748216842
right_knee,51,9,2,3,4,1,0,2,0,1,0.0,224.92044097152456,22.492044097152455
