Joints,0,1,2,3,4,5,6,7,8,9,Min,Max,Step
left_shoulder,69,2,0,1,0,0,0,0,0,1,0.0,151.3003370062694,15.130033700626939
right_shoulder,56,10,4,2,0,0,0,0,0,1,0.0,130.83370053736328,13.083370053736328
left_elbow,59,11,2,0,0,0,0,0,0,1,0.0,190.27938652949038,19.02793865294904
right_elbow,53,14,2,0,3,0,0,0,0,1,0.0,192.7374526949896,19.27374526949896
left_hip,56,7,5,2,0,0,2,0,0,1,0.0,198.7338644024935,19.87338644024935
right_hip,49,13,5,1,3,1,0,0,0,1,0.0,178.5438137072352,17.85438137072352
left_knee,63,5,0,0,0,2,2,0,0,1,0.0,245.6848487410413,24.56848487410413
right_knee,46,14,2,2,6,2,0,0,0,1,0.0,229.1352529757439,22.913525297574388
