Joints,0,1,2,3,4,5,6,7,8,9,Min,Max,Step
left_shoulder,1,0,1,0,5,37,8,4,0,1,-137.34093217127517,107.70187296330204,24.50428051345773
right_shoulder,2,0,3,3,24,19,4,1,0,1,-126.5648432975635,133.17002390993198,25.97348672074955
left_elbow,1,0,3,2,22,19,5,2,2,1,-146.35177773641234,144.40397717499823,29.075575491141052
right_elbow,3,3,3,9,21,8,2,3,3,2,-150.2832281827685,170.91820728838456,32.120143547115305
left_hip,2,1,1,2,2,7,29,5,1,7,-98.62052262788056,58.41348438440069,15.70340070122812
right_hip,2,0,2,1,11,27,7,3,2,2,-90.1213735153577,75.71414009765464,16.583551361301232
left_knee,1,1,1,3,4,11,22,4,3,7,-76.22454078974485,42.38862357219614,11.861316436194102
right_knee,1,2,5,8,32,2,5,0,1,1,-63.81402599938761,83.19002048295468,14.700404648234226
