Joints,0,1,2,3,4,5,6,7,8,9,Min,Max,Step
left_shoulder,1,0,1,0,5,38,9,2,0,1,-137.33671596599032,107.71379140174145,24.50505073677317
right_shoulder,1,0,1,2,3,14,24,7,3,2,-119.67487445306269,74.44122225325137,19.411609670631407
left_elbow,1,1,5,5,32,7,1,2,2,1,-96.25477977405792,114.90344487903049,21.115822465308838
right_elbow,1,3,6,3,23,11,4,2,3,1,-150.28698295496528,169.09659810573396,31.938358106069927
left_hip,2,3,2,1,7,34,2,1,1,4,-69.85618757881915,64.6633975335485,13.451958511236768
right_hip,2,1,0,4,18,22,5,2,1,2,-48.36134711848257,45.66806477566521,9.402941189414776
left_knee,2,1,0,3,5,23,11,5,4,3,-50.389818500867456,35.51773521795579,8.590755371882324
right_knee,1,0,1,1,4,9,32,5,1,3,-98.72965361693103,61.91387702177811,16.06435306387091
