Joints,0,1,2,3,4,5,6,7,8,9,Min,Max,Step
left_shoulder,1,0,1,1,5,37,8,3,0,1,-137.33797652209563,106.13441915809256,24.34723956801882
right_shoulder,1,0,1,2,3,13,25,7,4,1,-118.81082179127672,73.81598849301236,19.2626810284289
left_elbow,5,5,9,20,5,4,5,2,1,1,-61.99927760086645,114.90609616261149,17.69053737634779
right_elbow,3,5,2,5,23,7,4,1,4,3,-150.2847987093684,169.09749426958274,31.938229297895106
left_hip,1,0,4,4,36,7,3,1,0,1,-136.37628708923978,153.52765075509365,28.990393784433337
right_hip,2,3,1,2,28,14,3,2,0,2,-73.444787956481,78.00055926134044,15.144534721782144
left_knee,1,0,0,1,4,32,11,3,3,2,-140.5511640057438,96.6832744341479,23.723443843989173
right_knee,1,1,1,2,3,27,14,5,2,1,-83.45625828509763,60.157592781769,14.361385106686669
