Joints,0,1,2,3,4,5,6,7,8,9,Min,Max,Step
left_shoulder,1,1,0,1,39,11,3,0,0,1,-137.33842829837104,145.12280674049592,28.246123503886693
right_shoulder,1,1,3,1,26,20,3,1,0,1,-130.60611718623556,134.7725332924168,26.53786504786524
left_elbow,1,0,3,8,26,13,1,2,2,1,-129.00479318177392,146.6734366489106,27.567822983068453
right_elbow,2,3,6,3,27,5,3,2,5,1,-150.28917937294702,169.09798731823142,31.938716669117838
left_hip,4,1,3,7,30,5,2,0,3,2,-59.1196522300484,74.5028709866978,13.362252321674617
right_hip,2,3,0,5,32,9,3,2,0,1,-68.70483190803932,77.70690283396675,14.641173474200606
left_knee,1,0,1,10,38,3,3,0,0,1,-145.78348018924137,174.99149880191715,32.077497899115855
right_knee,1,0,1,1,4,40,7,1,0,2,-174.59439315943902,130.37806916479107,30.49724623242301
