Joints,0,1,2,3,4,5,6,7,8,9,Min,Max,Step
left_shoulder,6,23,12,10,3,0,0,1,0,2,2.1640685468509666,154.56926103753258,15.24051924906816
right_shoulder,6,17,21,5,2,3,0,0,0,3,2.6023482142128564,156.5583013710021,15.395595315678921
left_elbow,5,0,1,5,8,5,5,8,7,13,4.133618910934328,175.83555231535846,17.170193340442413
right_elbow,4,5,5,6,6,13,2,4,6,6,1.8235003392370173,176.0641646359739,17.424066429673687
left_hip,4,2,3,20,9,3,1,4,6,5,57.24845054917383,151.1250740063106,9.387662345713672
right_hip,2,3,0,2,5,7,23,5,5,5,42.41438896352617,120.61697344497051,7.820258448144436
left_knee,2,1,2,0,4,5,3,4,7,29,96.69895995472031,180.0,8.330104004527968
right_knee,1,0,2,1,0,3,7,3,4,36,68.54461596822605,178.79098847357784,11.024637250535179
