Joints,0,1,2,3,4,5,6,7,8,9,Min,Max,Step
left_shoulder,4,24,7,16,3,0,0,1,0,2,2.1662835351354675,155.0083964156165,15.284211288048102
right_shoulder,7,15,21,5,2,4,0,0,0,3,2.60446145397978,158.3757289927891,15.577126753880933
left_elbow,5,0,1,5,7,5,7,2,7,18,3.710462450406971,173.691915879623,16.998145342921603
right_elbow,5,4,3,9,4,16,3,4,5,4,1.8235017750100468,173.967181974378,17.214368019936796
left_hip,1,0,0,4,2,23,7,5,8,7,0.0,161.72389379105869,16.17238937910587
right_hip,1,0,0,2,2,1,8,22,12,9,0.0,120.62041663153684,12.062041663153684
left_knee,2,1,0,5,3,7,4,4,6,25,96.660417894877,180.0,8.333958210512307
right_knee,2,1,0,1,3,4,6,3,6,31,94.46836488432699,178.43219488928128,8.396383000495433
