Joints,0,1,2,3,4,5,6,7,8,9,Min,Max,Step
left_shoulder,5,23,11,12,3,0,0,1,0,2,2.167354075592141,154.5805659252259,15.241321184963379
right_shoulder,7,14,21,5,1,4,0,0,1,4,2.598552234792256,156.57356796823078,15.39750157334385
left_elbow,5,1,1,5,7,8,4,8,10,8,3.708075647505464,179.0017323293971,17.529365668189165
right_elbow,4,7,3,7,4,13,5,2,6,6,1.823607604122896,170.92159492235433,16.909798731823145
left_hip,1,0,2,3,6,23,4,3,7,8,20.426056350705835,154.09896818989932,13.367291183919349
right_hip,3,2,4,19,17,9,1,0,1,1,42.43835593767765,169.1971635234729,12.675880758579531
left_knee,1,0,0,0,0,2,3,8,8,35,1.3030566597701398,180.0,17.869694334022988
right_knee,1,0,0,1,0,3,0,7,9,36,3.8377618526623976,180.0,17.61622381473376
