Joints,0,1,2,3,4,5,6,7,8,9,Min,Max,Step
left_shoulder,5,29,13,6,1,0,0,1,0,2,2.1642685655605605,155.01488307577753,15.285061451021699
right_shoulder,9,16,17,7,1,2,3,0,0,2,2.604449935081832,145.58945317181343,14.29850032367316
left_elbow,4,0,1,5,6,8,5,8,5,15,3.715625485628809,171.94361408316297,16.822798859753416
right_elbow,3,6,3,2,8,13,6,5,5,6,1.8236113723505447,179.99992399496202,17.81763126226115
left_hip,4,2,7,23,4,4,6,3,3,1,57.22185312399708,159.75453378875832,10.253268066476124
right_hip,2,2,0,0,1,7,26,6,6,7,42.45207255564622,120.6425842885384,7.819051173289218
left_knee,1,2,1,0,4,4,2,7,3,33,109.79484615389342,180.0,7.020515384610661
right_knee,1,1,1,1,0,3,2,2,7,39,79.70250809014621,178.43216170707726,9.872965361693105
