Joints,0,1,2,3,4,5,6,7,8,9,Min,Max,Step
left_shoulder,4,24,10,15,1,0,0,1,0,2,2.1644116061217393,154.57777605658518,15.241336445046343
right_shoulder,7,12,21,7,2,3,3,0,0,2,2.6065783533218183,145.59289829444984,14.2986319941128
left_elbow,4,0,1,5,8,8,6,5,11,9,3.711756456258517,179.00270861348167,17.529095215722315
right_elbow,4,6,4,7,4,14,1,3,7,7,0.0,175.0474720616011,17.50474720616011
left_hip,1,0,1,4,16,16,4,6,6,3,8.202923020770093,172.91521214082042,16.47122891200503
right_hip,3,3,4,22,16,6,1,0,0,2,42.425642879582355,170.44925893590397,12.802361605632157
left_knee,1,0,0,0,0,2,4,9,8,33,19.636051884237858,180.0,16.036394811576216
right_knee,3,1,0,1,3,5,4,4,9,27,93.83750549270351,180.0,8.616249450729654
