Joints,0,1,2,3,4,5,6,7,8,9,Min,Max,Step
left_shoulder,39,6,5,5,0,0,0,0,0,1,1.274291734652471,290.49174557746767,28.921745384281518
right_shoulder,41,1,2,5,4,2,0,0,0,1,1.035551439842349,288.5776233498733,28.754207191003097
left_elbow,38,8,3,6,0,0,0,0,0,1,1.0292249791365702,282.67996202299463,28.165073704385804
right_elbow,39,3,2,4,2,2,3,0,0,1,1.1722623363761444,255.15000059994125,25.39777382635651
left_hip,40,5,5,2,3,0,0,0,0,1,0.874091901075689,290.07415733518644,28.920006543411073
right_hip,41,2,2,5,3,2,0,0,0,1,1.7535452890765648,296.14628656273436,29.43927412736578
left_knee,41,4,6,4,0,0,0,0,0,1,0.6661209990744001,283.1453375639918,28.24792165649174
right_knee,41,2,3,2,5,2,0,0,0,1,0.7999053521729039,274.34544622828497,27.354554087611206
