Joints,0,1,2,3,4,5,6,7,8,9,Min,Max,Step
left_shoulder,40,5,4,6,0,0,0,0,0,1,1.375904873631278,289.58464533504286,28.82087404614116
right_shoulder,41,3,3,2,2,4,0,0,0,1,0.6779452237783572,285.9785130742823,28.530056785050398
left_elbow,38,7,7,3,0,0,0,0,0,1,0.8577961562683482,282.6616662383062,28.180387008203788
right_elbow,40,4,3,2,1,2,3,0,0,1,0.22772875553664576,286.14953600106566,28.5921807245529
left_hip,43,2,4,4,2,0,0,0,0,1,0.8653932242878776,289.26387525138813,28.839848202710026
right_hip,42,3,1,3,4,2,0,0,0,1,0.23299472650983824,293.4865594711948,29.3253564744685
left_knee,42,4,4,5,0,0,0,0,0,1,0.7228904322125417,283.17449667536636,28.245160624315382
right_knee,39,6,2,2,1,4,1,0,0,1,0.5881745505900517,268.60915805547404,26.8020983504884
