Joints,0,1,2,3,4,5,6,7,8,9,Min,Max,Step
left_shoulder,39,5,4,6,1,0,0,0,0,1,0.3806396117029007,289.6480295475876,28.92673899358847
right_shoulder,39,2,5,4,3,2,0,0,0,1,0.9041386471287663,286.67854494819835,28.577440630106956
left_elbow,38,7,5,4,1,0,0,0,0,1,0.4692143251534038,282.7662344682357,28.22970201430823
right_elbow,36,5,4,4,2,2,2,0,0,1,0.423050086156404,256.2265786987336,25.58035286125772
left_hip,41,4,3,4,3,0,0,0,0,1,0.8716808885788405,290.0697404304375,28.919805954185865
right_hip,40,2,3,4,4,2,0,0,0,1,1.2919694484207562,288.20748088959334,28.691551144117263
left_knee,41,4,4,6,0,0,0,0,0,1,0.1001597990803487,283.2946466486408,28.319448684956047
right_knee,39,3,4,3,3,3,0,0,0,1,0.9269101699237514,284.45412302441224,28.352721285448848
