Joints,0,1,2,3,4,5,6,7,8,9,Min,Max,Step
left_shoulder,38,5,3,1,6,2,0,0,0,1,1.5845516711930807,256.0419247930638,25.44573731218707
right_shoulder,38,4,3,5,4,1,0,0,0,1,1.4565446991619262,284.977775947528,28.352123124836606
left_elbow,35,5,4,2,6,3,0,0,0,1,0.6974426595420807,232.1624095759623,23.14649669164202
right_elbow,37,6,3,5,1,2,1,0,0,1,1.03078786735152,289.54956954096696,28.85187816736154
left_hip,39,4,2,4,4,2,0,0,0,1,0.5794133009961354,258.9533996013003,25.837398630030417
right_hip,41,2,2,6,3,1,0,0,0,1,1.346000147669287,276.958028630046,27.561202848237667
left_knee,39,4,1,3,5,3,0,0,0,1,0.4750242404434538,226.68508765219025,22.62100634117468
right_knee,40,3,3,5,3,1,0,0,0,1,0.6315813745701154,300.67953797169605,30.004795659712595
