Joints,0,1,2,3,4,5,6,7,8,9,Min,Max,Step
left_shoulder,42,6,1,4,2,0,0,0,0,1,0.43861182028705537,288.83642964371586,28.83978178234288
right_shoulder,42,4,3,2,2,2,0,0,0,1,0.3785718541121169,286.8068541684516,28.642828231433946
left_elbow,41,6,3,3,2,0,0,0,0,1,0.5637709548545002,282.0337947465195,28.1470023791665
right_elbow,41,3,3,3,2,0,3,0,0,1,1.2764136186281505,254.52093021500343,25.32445165963753
left_hip,44,4,1,2,4,0,0,0,0,1,0.8675585599760826,289.42047779173294,28.855291923175685
right_hip,45,2,1,2,3,2,0,0,0,1,0.5970941519010167,295.33363505646395,29.473654090456296
left_knee,46,2,2,4,1,0,0,0,0,1,0.6650065664528303,283.4412717998456,28.27762652333928
right_knee,43,4,2,1,3,2,0,0,0,1,0.5825211158420726,285.74134773506427,28.515882661922216
