Joints,0,1,2,3,4,5,6,7,8,9,Min,Max,Step
left_shoulder,37,7,3,3,5,0,0,0,0,1,0.39845782875578456,258.16991961130583,25.777146178255002
right_shoulder,38,5,5,3,2,2,0,0,0,1,1.057359969719485,301.3550055991844,30.02976456294649
left_elbow,36,7,5,2,5,0,0,0,0,1,0.509577815447291,226.8819138442872,22.63723360288399
right_elbow,37,8,4,2,0,3,1,0,0,1,1.020324563383939,293.7865109536611,29.276618639027717
left_hip,39,6,1,4,5,0,0,0,0,1,0.8682303174068109,263.0263282836035,26.21580979661967
right_hip,40,4,2,5,2,2,0,0,0,1,0.4721186613612475,297.26188839437907,29.67897697330178
left_knee,41,3,2,4,5,0,0,0,0,1,0.5122826523137695,233.35615470572583,23.284387205341208
right_knee,40,2,5,4,2,2,0,0,0,1,0.8842279578656959,286.51197553128986,28.562774757342417
