Joints,0,1,2,3,4,5,6,7,8,9,Min,Max,Step
left_shoulder,42,3,3,3,1,1,0,1,0,2,0.9258584311510416,263.0909292981248,26.21650708669738
right_shoulder,41,3,2,4,3,1,0,1,0,1,0.2531586476256258,284.0995468361049,28.384638818847925
left_elbow,41,6,1,3,2,0,0,0,2,1,0.5388138222190088,272.2033732773337,27.166455945511466
right_elbow,41,3,5,2,1,2,1,0,0,1,0.8088307333222814,288.8669027297327,28.805807199641045
left_hip,42,3,3,2,3,0,0,1,0,2,0.8751770744339397,277.68446619392245,27.680928911948847
right_hip,43,3,1,2,4,0,1,0,1,1,0.6445357635007671,277.1527218820188,27.650818611851804
left_knee,43,2,3,3,2,0,1,0,1,1,0.4513071381732852,253.6623477596033,25.321104062143
right_knee,42,3,2,2,5,0,1,0,0,1,0.8838198789471776,298.3141312441545,29.743031136520734
