Joints,0,1,2,3,4,5,6,7,8,9,Min,Max,Step
left_shoulder,42,4,4,1,4,0,0,0,0,1,0.0,264.10623518427786,26.410623518427787
right_shoulder,43,2,2,3,3,0,2,0,0,1,0.0,264.12517144093533,26.412517144093535
left_elbow,41,4,3,4,3,0,0,0,0,1,0.0,259.24025767396785,25.924025767396785
right_elbow,41,5,2,2,1,2,2,0,0,1,0.0,265.07324540268934,26.507324540268932
left_hip,43,3,1,5,3,0,0,0,0,1,0.0,267.2416574289814,26.72416574289814
right_hip,43,3,1,5,1,2,0,0,0,1,0.0,269.27612217546505,26.927612217546503
left_knee,45,2,3,3,2,0,0,0,0,1,0.0,259.1732371120964,25.91732371120964
right_knee,42,4,2,5,0,1,1,0,0,1,0.0,272.01054471581875,27.201054471581877
