Joints,0,1,2,3,4,5,6,7,8,9,Min,Max,Step
left_shoulder,1,0,0,5,47,12,0,0,0,1,-137.9399509179188,156.2146907688746,29.415464168679335
right_shoulder,2,0,0,0,41,21,0,0,0,2,-68.25492068663578,71.09359403348077,13.934851472011658
left_elbow,2,1,2,4,42,8,3,1,2,1,-144.06607453323392,161.15419202281237,30.522026655604634
right_elbow,1,1,1,6,33,18,3,1,0,2,-77.13660868322957,80.08161252616216,15.721822120939173
left_hip,1,1,0,0,1,6,27,22,5,3,-60.22656295287725,26.761822680106498,8.698838563298374
right_hip,1,0,2,2,19,31,7,3,0,1,-55.46379730597703,50.688256730427725,10.61520540364048
left_knee,2,0,1,2,4,25,21,7,3,1,-37.25491219300298,25.104724473454127,6.235963666645709
right_knee,1,1,0,1,6,11,28,14,2,2,-33.99265203613456,19.204426517779353,5.319707855391393
