Joints,0,1,2,3,4,5,6,7,8,9,Min,Max,Step
left_shoulder,1,0,0,2,22,39,1,0,0,1,-158.44710912142142,155.23368061296827,31.36807897343897
right_shoulder,1,0,0,1,52,11,0,0,0,1,-62.70689807676237,69.8626007651502,13.256949884191258
left_elbow,3,0,4,3,33,14,5,1,1,2,-144.3531524996952,156.66566227141325,30.10188147711085
right_elbow,2,0,0,3,18,36,4,1,0,2,-96.7670853398386,88.7723727020549,18.553945804189354
left_hip,1,1,0,1,0,7,25,21,8,2,-60.305754595031225,26.81366983792878,8.711942443296003
right_hip,1,0,2,2,19,31,8,2,0,1,-55.44806212274877,50.73061378140299,10.61786759041518
left_knee,2,0,1,1,4,16,28,9,4,1,-40.48915765184231,25.687596998682718,6.6176754650525
right_knee,1,0,1,0,5,18,30,8,2,1,-39.675434764380604,23.94046227488934,6.361589703926995
