Joints,0,1,2,3,4,5,6,7,8,9,Min,Max,Step
left_shoulder,1,0,0,2,33,28,1,0,0,1,-143.83621947984346,145.5878887000091,28.942410817985262
right_shoulder,1,0,0,1,47,16,0,0,0,1,-66.13017265976609,71.14657544919349,13.727674810895955
left_elbow,2,0,3,3,13,34,5,3,1,2,-162.70009460881562,149.4456122035453,31.214570681236097
right_elbow,2,0,1,4,37,18,1,1,1,1,-90.99593768110441,94.85407919464176,18.585001687574618
left_hip,1,0,0,1,4,9,23,22,3,3,-48.92985877032371,23.07323898155689,7.20030977518806
right_hip,3,0,4,18,19,14,3,2,0,3,-24.889490138092484,29.483858199165482,5.437334833725796
left_knee,1,0,0,2,7,53,2,0,0,1,-135.1800242498333,122.98090440800443,25.816092865783773
right_knee,1,0,0,1,1,10,27,18,4,4,-39.87658951923317,17.802082903403402,5.767867242263655
