Joints,0,1,2,3,4,5,6,7,8,9,Min,Max,Step
left_shoulder,24,24,10,5,1,0,0,0,0,2,0.4969847330913363,162.0891315339991,16.159214680090777
right_shoulder,6,25,24,7,2,0,0,0,0,2,2.4869919971450485,74.78378797201323,7.229679597486816
left_elbow,3,1,1,2,1,2,5,4,20,27,0.0,177.5869284515384,17.75869284515384
right_elbow,3,6,6,2,3,3,0,6,15,22,73.00763226180018,180.0,10.699236773819976
left_hip,1,0,0,1,2,8,10,13,24,7,20.4171112125524,107.32019165929036,8.690308044673795
right_hip,18,13,18,12,4,0,0,0,0,1,75.91166420732705,166.99133475309063,9.107967054576363
left_knee,3,3,2,5,5,4,8,9,10,17,140.71993015581774,179.0162647394304,3.8296334583612577
right_knee,4,3,4,5,2,3,1,12,23,9,132.14260362093972,179.83016707938103,4.768756345844139
