Joints,0,1,2,3,4,5,6,7,8,9,Min,Max,Step
left_shoulder,22,26,10,6,0,0,0,0,0,2,1.9306524564996224,159.7014533408878,15.777080088438819
right_shoulder,8,24,23,8,2,0,0,0,0,1,3.1119734270571127,74.84086338067138,7.172888995361427
left_elbow,4,2,0,4,1,0,4,5,24,22,12.145076330979204,179.9999334987601,16.78548571677809
right_elbow,5,6,6,2,2,2,0,6,17,20,77.89811297904446,180.0,10.21018870209555
left_hip,1,0,0,1,2,8,12,16,20,6,20.53882420471475,107.333129153853,8.679430494913824
right_hip,15,14,21,11,4,0,0,0,0,1,75.83742167467504,166.92210462988496,9.108468295520993
left_knee,2,1,4,6,5,4,11,8,13,12,139.04007858437362,179.73057477080513,4.069049618643163
right_knee,5,2,4,3,3,3,3,10,23,10,131.6409756941545,179.55891592253477,4.791794022838019
