Joints,0,1,2,3,4,5,6,7,8,9,Min,Max,Step
left_shoulder,26,23,10,6,0,0,0,0,0,1,1.945505177079752,161.14088094098022,15.919537576390045
right_shoulder,5,20,25,11,3,0,0,0,0,2,0.6343186852992282,74.44095102262564,7.38066323373264
left_elbow,3,0,1,1,2,1,4,6,26,22,16.110804251199962,179.99993345493,16.388912920373006
right_elbow,3,5,6,1,2,4,1,4,18,22,73.99691152894167,180.0,10.600308847105836
left_hip,1,0,0,2,0,8,12,11,24,8,20.336453303698203,107.32073553067993,8.698428222698173
right_hip,14,9,22,13,7,0,0,0,0,1,73.1263162945511,167.03727847722726,9.39109621826762
left_knee,2,1,4,5,5,5,8,11,10,15,139.08847281923178,179.57763047107414,4.048915765184233
right_knee,5,1,5,5,2,2,2,9,24,11,131.50712901212285,180.0,4.849287098787727
