Joints,0,1,2,3,4,5,6,7,8,9,Min,Max,Step
left_shoulder,61,2,0,0,0,0,0,0,0,2,0.10324415364929906,100.94883581606895,10.084559166241965
right_shoulder,62,1,0,0,0,0,0,0,0,2,0.1125120529036342,82.1639326076147,8.205142055471105
left_elbow,55,4,3,1,0,0,0,0,0,2,0.11002004697488513,107.19284763365565,10.708282758668076
right_elbow,58,3,0,2,0,0,0,0,0,2,0.11702906110280112,70.22618090844472,7.010915184734192
left_hip,61,2,0,0,0,0,0,0,0,2,0.15247462169358084,101.73454146063395,10.158206683894036
right_hip,62,1,0,0,0,0,0,0,0,2,0.1520303787540218,85.0614823685917,8.490945198983768
left_knee,63,0,0,0,0,0,0,0,0,2,0.04330853207018583,98.34298963165662,9.829968109958644
right_knee,62,1,0,0,0,0,0,0,0,2,0.18034252279698104,94.39597841332169,9.421563589052472
