Joints,0,1,2,3,4,5,6,7,8,9,Min,Max,Step
left_shoulder,63,0,0,0,0,0,1,0,0,1,0.09996044855950403,142.5446232508281,14.24446628022686
right_shoulder,63,0,0,0,0,0,1,0,0,1,0.09044508303472876,157.70136443419446,15.761091935115974
left_elbow,58,3,2,0,0,0,1,0,0,1,0.2741844011221697,138.04653505757636,13.777235065645419
right_elbow,61,0,2,0,0,0,1,0,0,1,0.09327363298867176,126.94846569754559,12.685519206455691
left_hip,62,1,0,0,0,1,0,0,0,1,0.1735884723539198,140.4415838239643,14.026799535161038
right_hip,63,0,0,0,0,0,1,0,0,1,0.0866983410756897,147.42783184518674,14.734113350411103
left_knee,63,0,0,0,0,0,0,1,0,1,0.15821820517621962,175.98993001225517,17.583171180707897
right_knee,63,0,0,0,0,0,0,1,0,1,0.08302347652516588,177.16035086934045,17.70773273928153
