Joints,0,1,2,3,4,5,6,7,8,9,Min,Max,Step
left_shoulder,62,2,0,0,0,0,0,0,0,1,0.1386059577935444,103.0982503518796,10.295964439408605
right_shoulder,62,2,0,0,0,0,0,0,0,1,0.13615019502929301,75.32526962823967,7.518911943321038
left_elbow,57,3,3,1,0,0,0,0,0,1,0.26624460261108723,105.78259048084615,10.551634587823507
right_elbow,58,4,0,0,2,0,0,0,0,1,0.0558299428922501,65.03231935720355,6.49764894143113
left_hip,61,3,0,0,0,0,0,0,0,1,0.11190052101377408,97.16533741860093,9.705343689758715
right_hip,62,2,0,0,0,0,0,0,0,1,0.19509615076512246,78.34245195216495,7.814735580139983
left_knee,63,1,0,0,0,0,0,0,0,1,0.08382148005804976,96.69030533876094,9.660648385870289
right_knee,63,1,0,0,0,0,0,0,0,1,0.09367560623809244,84.34012362782165,8.424644802158356
