Joints,0,1,2,3,4,5,6,7,8,9,Min,Max,Step
left_shoulder,1,3,4,5,25,36,13,3,2,2,-128.63059420958587,123.41458819249056,25.204518240207648
right_shoulder,2,0,0,12,13,37,18,10,1,1,-153.39418417008912,125.05387058734672,27.844805475743584
left_elbow,4,2,4,11,39,15,9,5,2,3,-159.89669541699732,166.49754156149427,32.63942369784915
right_elbow,2,3,2,5,14,34,17,6,6,5,-151.7538335485242,117.26780201491823,26.90216355634425
left_hip,2,2,3,4,30,39,8,3,2,1,-156.13867066673274,148.97285947783692,30.511153014456966
right_hip,4,3,2,12,45,15,5,3,3,2,-156.85632939615738,176.63321996895164,33.34895493651091
left_knee,5,5,7,11,42,10,5,3,4,2,-126.35693370739378,155.97918145258336,28.23361151599771
right_knee,1,4,7,9,44,17,4,4,3,1,-155.38991972049118,168.19846027296663,32.35883799934578
