Joints,0,1,2,3,4,5,6,7,8,9,Min,Max,Step
left_shoulder,18,12,24,13,10,6,1,7,2,1,1.03098502624184,133.19137698260707,13.216039195636522
right_shoulder,22,25,13,7,11,1,8,6,0,1,0.9433115902788012,180.0,17.90566884097212
left_elbow,4,8,6,6,9,11,18,9,8,15,0.0,175.82209043989488,17.582209043989486
right_elbow,4,5,8,11,24,15,8,6,4,9,9.416948493783794,177.27042018028226,16.78534716864985
left_hip,5,4,12,11,19,6,14,3,11,9,2.7688869198234776,180.0,17.723111308017653
right_hip,3,1,4,16,13,23,15,6,7,6,0.0,180.0,18.0
left_knee,4,3,5,11,10,6,5,3,16,31,0.0,180.0,18.0
right_knee,5,3,3,6,3,7,12,16,13,26,0.0,180.0,18.0
