Joints,0,1,2,3,4,5,6,7,8,9,Min,Max,Step
left_shoulder,19,19,25,11,7,5,6,1,0,1,1.254785873491126e-05,158.46503010651531,15.846501755865656
right_shoulder,16,18,25,5,4,10,2,2,6,6,8.790137685928289e-06,140.63327040912196,14.063326161898427
left_elbow,10,9,3,9,7,9,18,6,11,12,0.0,180.0,18.0
right_elbow,5,3,7,11,27,15,10,7,2,7,2.6273488134714155e-05,178.3045554019907,17.830452912850255
left_hip,2,2,10,17,18,8,12,6,13,6,4.3992797955939835,177.13283629800122,17.273355650240724
right_hip,5,3,4,15,14,21,13,7,5,7,3.376854210619737,180.0,17.662314578938027
left_knee,3,2,3,11,9,8,5,4,13,36,0.0,179.75964405258597,17.975964405258598
right_knee,4,2,7,6,3,6,15,12,11,28,0.0,179.99996283386912,17.999996283386913
