Joints,0,1,2,3,4,5,6,7,8,9,Min,Max,Step
left_shoulder,19,21,32,7,4,6,1,2,1,1,0.5456248996566929,175.55458607060703,17.50089611709503
right_shoulder,21,29,15,5,8,3,5,7,0,1,0.7636316255011604,178.77148989068615,17.8007858265185
left_elbow,4,10,6,6,11,10,17,7,8,15,0.0,180.0,18.0
right_elbow,3,4,17,14,24,10,9,5,1,7,14.67814571593082,177.1364692202853,16.24583235043545
left_hip,3,3,7,19,19,10,12,6,8,7,1.0114716560321022,180.0,17.898852834396788
right_hip,5,2,5,12,16,26,12,7,3,6,5.936775917799884,178.09277403266046,17.215599811486058
left_knee,5,2,2,10,9,8,7,7,14,30,0.0,180.0,18.0
right_knee,4,2,9,7,3,4,13,12,13,27,3.2795785386882166,179.75825784280426,17.647867930411604
