Joints,0,1,2,3,4,5,6,7,8,9,Min,Max,Step
left_shoulder,56,4,4,3,11,5,4,4,1,1,0.17289296239690896,222.71159240597592,22.253869944357902
right_shoulder,55,5,1,3,4,7,6,6,2,4,0.1761495786038616,176.29438019762,17.611823061901614
left_elbow,52,6,4,2,7,7,4,4,5,2,0.3996142702301572,199.64736494129474,19.92477506710646
right_elbow,48,10,6,0,1,5,11,7,0,5,0.18181967530685744,175.96973635152668,17.57879166762198
left_hip,56,4,1,7,6,5,7,2,3,2,0.2556929912958955,197.51474575880516,19.72590527675093
right_hip,54,4,2,5,3,9,5,2,4,5,0.10797124747301266,171.21539670971242,17.11074254622394
left_knee,54,6,0,1,8,4,8,3,3,6,0.15630239208088428,201.04981157133426,20.089350917925337
right_knee,55,3,3,4,0,6,4,9,3,6,0.2795217296035984,179.44707222114357,17.916755049154
