Joints,0,1,2,3,4,5,6,7,8,9,Min,Max,Step
left_shoulder,59,5,2,2,3,6,3,8,3,2,0.18390953727793707,195.0643740327021,19.488046449542416
right_shoulder,59,5,2,3,2,12,3,3,2,2,0.0756100266289188,188.25306680290115,18.817745677627222
left_elbow,55,7,4,3,2,6,3,9,1,3,0.1956822668074928,187.431947282351,18.72362650155435
right_elbow,56,9,1,9,3,8,3,2,1,1,0.06947740039386674,215.8922175733363,21.582274017294242
left_hip,58,6,1,4,8,4,3,5,3,1,0.17078795063144073,197.4511974407576,19.728040949012616
right_hip,58,3,4,4,2,11,4,3,0,4,0.18732733587086392,175.4636872031495,17.527635986727866
left_knee,57,7,2,0,3,9,6,5,2,2,0.0975504567382406,197.3537180925468,19.725616763580856
right_knee,55,4,6,4,0,3,11,3,2,5,0.04238563192566038,168.87868320940294,16.883629757747727
