Joints,0,1,2,3,4,5,6,7,8,9,Min,Max,Step
left_shoulder,54,7,5,4,2,3,4,8,5,1,0.01849339582561194,190.53898288935486,19.052048949352926
right_shoulder,55,7,5,0,7,6,7,4,0,2,0.18705478413885293,204.52575429848287,20.4338699514344
left_elbow,53,9,6,0,1,7,6,6,3,2,0.4586666791378469,189.36767054791144,18.89090038687736
right_elbow,54,8,5,3,5,8,4,4,0,2,0.1498015485015658,208.52744481802796,20.83776432695264
left_hip,54,3,4,5,3,4,5,1,8,6,0.3193804629844798,158.52018395935727,15.82008034963728
right_hip,55,3,8,3,2,6,2,10,2,2,0.14575868140558332,174.28093257394298,17.413517389253737
left_knee,48,14,1,4,2,9,8,2,3,2,0.2604464021236504,201.62653334456363,20.136608694243996
right_knee,53,10,5,0,4,7,7,5,0,2,0.2968662650460854,200.66265293913284,20.036578667408676
