Joints,0,1,2,3,4,5,6,7,8,9,Min,Max,Step
left_shoulder,63,5,2,0,0,3,5,3,5,7,0.0,174.81197877142642,17.48119787714264
right_shoulder,63,4,1,2,1,5,11,2,2,2,0.0,187.51201357968955,18.751201357968956
left_elbow,61,6,3,0,2,4,5,5,3,4,0.0,179.6588363734433,17.96588363734433
right_elbow,56,12,1,0,4,2,10,1,5,2,0.0,181.68656842396638,18.168656842396636
left_hip,62,4,2,2,1,2,6,2,4,8,0.0,165.0348223712731,16.503482237127308
right_hip,62,2,4,2,0,2,7,3,6,5,0.0,156.61874734214572,15.661874734214573
left_knee,60,9,1,0,1,2,9,4,3,4,0.0,189.19967725994786,18.919967725994788
right_knee,58,8,3,1,2,3,7,2,4,5,0.0,186.42305660771703,18.642305660771704
