Joints,0,1,2,3,4,5,6,7,8,9,Min,Max,Step
left_shoulder,1,0,0,2,2,72,200,7,1,1,-66.73873266464204,41.275844067380156,10.801457673202222
right_shoulder,5,11,21,42,66,66,33,24,14,4,-5.3951571405296965,5.356183856794537,1.0751340997324235
left_elbow,1,0,1,0,0,6,163,109,5,1,-81.26705141867055,36.58199429764039,11.784904571631088
right_elbow,1,1,0,0,10,268,3,1,1,1,-159.58557391813528,135.19658930081965,29.478216321895502
left_hip,7,5,12,18,177,36,14,10,3,4,-152.20005122633796,169.42755489277667,32.162760611911466
right_hip,2,3,11,24,29,149,27,28,10,3,-125.06144485727016,105.93149276226043,23.099293761953064
left_knee,4,3,22,18,62,136,20,12,4,5,-179.6374281739401,177.5591047262696,35.71965329002097
right_knee,3,15,12,27,149,41,20,15,3,1,-162.07564056015934,177.6865857757814,33.97622263359409
