Joints,0,1,2,3,4,5,6,7,8,9,Min,Max,Step
left_shoulder,1,0,3,1,4,75,174,19,4,5,-38.62488759214439,23.211387345498423,6.183627493764284
right_shoulder,3,1,11,27,67,76,61,23,13,4,-7.095548494581784,5.862411996518973,1.2957960491100753
left_elbow,1,0,0,0,6,11,159,98,9,2,-50.65715285536111,23.280725131387648,7.393787798674879
right_elbow,1,1,0,1,56,222,3,0,1,1,-147.7644573375856,141.8080879430044,28.957254528058996
left_hip,3,6,15,18,95,107,16,15,9,2,-154.46272277136043,153.74410120247663,30.820682397383706
right_hip,2,3,6,20,23,138,51,20,20,3,-118.78281849350685,88.23641355547981,20.701923204898662
left_knee,3,6,12,17,72,139,15,16,2,4,-178.44250311745319,176.85716691744494,35.529967003489816
right_knee,3,3,8,17,21,164,27,31,6,6,-176.63921057290005,130.35789212668408,30.699710269958416
