Joints,0,1,2,3,4,5,6,7,8,9,Min,Max,Step
left_shoulder,1,0,1,4,7,241,27,2,2,1,-57.06443017190855,45.68075999763171,10.274519016954024
right_shoulder,1,0,9,54,157,59,5,0,0,1,-12.367809491294118,15.15397202740958,2.7521781518703694
left_elbow,1,0,0,2,6,53,209,13,1,1,-72.10774054176949,42.70802944426528,11.481576998603472
right_elbow,2,1,0,1,23,253,2,1,1,2,-160.82993829657318,149.49214008164634,31.032207837821943
left_hip,6,6,12,13,171,42,16,13,5,2,-153.5523877218539,166.75078064804757,32.03031683699015
right_hip,2,5,28,38,162,28,20,1,1,1,-122.75575962316681,161.85196742347438,28.46077270466411
left_knee,5,5,19,18,62,134,18,15,5,5,-178.42925682312145,177.46852888437138,35.5897785707493
right_knee,3,3,13,24,46,152,28,10,5,2,-180.0,180.0,36.0
