Joints,0,1,2,3,4,5,6,7,8,9,Min,Max,Step
left_shoulder,1,0,1,2,1,26,182,62,8,3,-43.160657767232564,22.15626761149848,6.531692537873106
right_shoulder,5,8,19,42,55,70,40,20,18,9,-5.508646735820888,4.998516678579165,1.0507163414400056
left_elbow,1,0,1,0,0,1,25,210,43,5,-71.43958235610714,23.266728800742758,9.470631115684988
right_elbow,1,1,0,0,13,266,2,1,1,1,-158.205309007953,139.47805713769958,29.76833661456527
left_hip,5,5,6,15,178,50,12,13,1,1,-166.56560208677226,180.0,34.656560208677234
right_hip,2,5,21,27,175,30,22,2,1,1,-133.33238702084756,163.86100866978114,29.719339569062868
left_knee,5,2,15,13,59,155,13,15,4,5,-180.0,176.90733167382405,35.690733167382405
right_knee,4,2,12,16,22,170,34,15,8,3,-180.0,150.18828867937304,33.018828867937316
