Joints,0,1,2,3,4,5,6,7,8,9,Min,Max,Step
left_shoulder,4,1,2,43,182,46,5,0,2,1,-27.669348310885077,34.03922261441916,6.170857092530426
right_shoulder,1,4,8,18,59,88,58,22,22,6,-7.395340724846151,5.563370959429059,1.2958711684275208
left_elbow,1,0,0,0,7,245,32,0,0,1,-111.93097066784556,84.0872303612852,19.601820102913067
right_elbow,1,1,0,0,13,265,3,1,1,1,-161.08920174858014,138.8199941613418,29.990919590992206
left_hip,7,10,8,16,160,48,14,16,5,2,-155.7786612030494,166.74914636750117,32.25278075705506
right_hip,3,3,23,22,113,69,29,19,4,1,-117.36379111660162,120.07100540568972,23.743479652229126
left_knee,5,5,18,18,132,63,18,17,3,7,-178.44763398485557,179.35169923954555,35.779933322440115
right_knee,2,8,9,20,149,46,39,8,3,2,-177.2040426951923,179.12451617458785,35.63285588697801
