Joints,0,1,2,3,4,5,6,7,8,9,Min,Max,Step
left_shoulder,61,56,38,26,22,21,16,23,16,7,0.08260500854540682,76.724706776708,7.66421017681626
right_shoulder,7,26,32,48,48,45,27,33,13,7,31.866764830123085,80.76462317687988,4.889785834675681
left_elbow,12,4,22,23,52,70,42,31,27,3,0.7706757741609391,157.84098787211735,15.707031209795641
right_elbow,38,42,49,40,73,29,2,1,2,10,1.3824337362925991,179.53427573015315,17.81518419938606
left_hip,33,5,17,35,49,87,18,3,3,36,0.0,180.0,18.0
right_hip,1,1,4,7,10,16,72,97,17,61,8.18067367365108,180.0,17.18193263263489
left_knee,159,17,14,33,12,29,10,3,0,9,0.0,180.0,18.0
right_knee,108,24,35,33,21,15,24,16,1,9,0.0,180.0,18.0
