Joints,0,1,2,3,4,5,6,7,8,9,Min,Max,Step
left_shoulder,84,55,40,24,28,25,22,7,0,1,0.06457888264652667,100.35226910269371,10.028769022004719
right_shoulder,5,28,33,47,53,42,30,31,12,5,31.89440066287008,81.20316686428055,4.930876620141046
left_elbow,13,5,21,23,48,77,39,29,28,3,0.5391387639437357,159.2377366784675,15.869859791452377
right_elbow,38,43,49,39,75,28,1,2,0,11,0.5463787351978054,179.8329500956567,17.928657136045892
left_hip,34,5,13,40,47,85,17,4,2,39,0.0,180.0,18.0
right_hip,3,0,4,7,7,14,58,115,16,62,3.5868470360183657,180.0,17.641315296398165
left_knee,154,19,11,34,14,28,14,2,1,9,0.0,180.0,18.0
right_knee,100,22,37,29,30,13,26,19,1,9,0.0,180.0,18.0
