Joints,0,1,2,3,4,5,6,7,8,9,Min,Max,Step
left_shoulder,60,58,37,32,15,23,18,20,16,7,0.06224626715422848,78.07465503065201,7.8012408763497785
right_shoulder,6,27,33,47,49,44,33,32,8,7,31.651502886065845,81.20316277975944,4.955165989369359
left_elbow,12,6,20,20,49,81,37,31,28,2,1.0909162594149275,158.63070878124634,15.753979252183141
right_elbow,36,44,45,41,74,30,2,2,1,11,0.0,179.05139005529563,17.905139005529563
left_hip,34,6,17,45,45,86,16,3,4,30,0.0,180.0,18.0
right_hip,3,0,4,7,6,16,72,101,19,58,3.344204741865554,180.0,17.665579525813445
left_knee,169,17,11,25,10,27,13,3,0,11,0.0,180.0,18.0
right_knee,111,24,40,22,27,13,23,17,2,7,0.0,180.0,18.0
