Joints,0,1,2,3,4,5,6,7,8,9,Min,Max,Step
left_shoulder,83,57,41,25,26,25,23,5,0,1,0.042747361173245235,100.4106526874844,10.036790532631116
right_shoulder,4,30,30,48,50,43,32,32,10,7,31.889117262899624,80.78090328424324,4.889178602134358
left_elbow,13,5,20,23,50,73,42,29,28,3,0.4830062862608509,158.47570330088996,15.79926970146291
right_elbow,38,42,50,39,69,32,2,3,0,11,1.4594885996625673,178.26418030764262,17.680469170798006
left_hip,37,5,12,36,47,88,14,4,6,37,0.0,180.0,18.0
right_hip,4,0,3,7,8,10,65,104,20,65,0.0,180.0,18.0
left_knee,162,13,12,34,9,28,12,4,0,12,0.0,180.0,18.0
right_knee,109,22,33,28,23,11,24,25,0,11,0.0,180.0,18.0
