Joints,0,1,2,3,4,5,6,7,8,9,Min,Max,Step
left_shoulder,58,60,35,30,19,21,20,17,19,7,0.03177373701790547,77.63089379875676,7.759912006173886
right_shoulder,7,26,35,46,54,37,32,34,9,6,31.875162502473003,81.20450761892377,4.93293451164508
left_elbow,12,5,20,24,45,78,39,32,27,4,0.7296007456859518,158.2878473984189,15.755824665273297
right_elbow,37,42,46,39,75,31,1,2,1,12,0.3890957507267121,179.68270682998246,17.92936110792558
left_hip,33,4,14,34,37,94,17,5,4,44,0.0,180.0,18.0
right_hip,3,0,4,6,8,20,56,106,18,65,3.4288237456512825,180.0,17.65711762543487
left_knee,163,14,13,29,10,31,11,3,0,12,0.0,180.0,18.0
right_knee,107,18,37,33,24,13,24,18,1,11,0.0,180.0,18.0
