Joints,0,1,2,3,4,5,6,7,8,9,Min,Max,Step
left_shoulder,281,2,0,0,0,0,0,0,0,2,0.08092431886054302,70.91515887897863,7.0834234560118094
right_shoulder,54,79,54,49,27,15,6,0,0,1,0.05896474343010505,11.835156350090868,1.1776191606660764
left_elbow,43,104,107,26,4,0,0,0,0,1,0.4299154305637941,19.602939760434086,1.9173024329870292
right_elbow,169,107,4,3,0,1,0,0,0,1,0.2086786420479427,31.541038120743266,3.133235947869532
left_hip,240,39,0,0,0,0,2,1,1,2,0.29668752380240515,67.57348128552204,6.727679376171963
right_hip,189,83,9,1,1,0,0,0,0,2,0.18288158780717428,43.432686120850214,4.324980453304304
left_knee,202,9,8,7,4,8,3,4,25,15,0.0863909920755192,153.25149538052298,15.316510438844748
right_knee,215,11,3,2,12,11,13,15,0,3,0.04400325306607826,151.04177589386748,15.09977726408014
