Joints,0,1,2,3,4,5,6,7,8,9,Min,Max,Step
left_shoulder,281,2,0,0,0,0,0,0,1,1,0.15320033664715452,71.93120299305572,7.177800265640856
right_shoulder,70,79,72,35,17,7,3,1,0,1,0.19133576197903526,13.695379388395136,1.35040436264161
left_elbow,282,1,0,0,0,0,0,0,1,1,0.4449557856735459,85.31140214641398,8.486644636074043
right_elbow,188,88,6,1,0,1,0,0,0,1,0.15773078248145994,34.17186788587693,3.401413710339547
left_hip,246,33,0,0,0,0,2,1,1,2,0.2684391674926978,68.33124769372525,6.806280852623255
right_hip,209,70,2,0,0,0,1,1,0,2,0.03318139813413308,59.06903885258377,5.903585745444964
left_knee,207,11,12,7,20,12,4,0,2,10,0.3582378230246559,270.2938594006,26.993562157757538
right_knee,203,8,18,21,15,4,3,1,9,3,0.09436282022659426,264.89708661681743,26.480272379659084
