Joints,0,1,2,3,4,5,6,7,8,9,Min,Max,Step
left_shoulder,282,1,0,0,0,0,0,0,1,1,0.06605132001327385,71.86527215723154,7.179922083721827
right_shoulder,60,75,80,33,23,6,6,1,0,1,0.060094442755841714,13.024532007006455,1.2964437564250613
left_elbow,59,100,88,33,2,2,0,0,0,1,0.9288371972520859,17.953630365081747,1.702479316782966
right_elbow,186,92,3,2,0,1,0,0,0,1,0.12904546117656188,33.66517310167656,3.3536127640499998
left_hip,253,26,0,0,0,0,2,1,1,2,0.008242345329328339,68.53345345791696,6.852521111258764
right_hip,216,63,2,0,0,0,0,2,0,2,0.10079747243179957,59.46662654909176,5.936582907665995
left_knee,208,8,13,8,23,10,6,0,2,7,0.2745699702638064,275.12362950713026,27.484905953686642
right_knee,204,7,10,18,14,2,8,3,3,16,0.08261437157640977,240.09733760095455,24.001472322937815
