Joints,0,1,2,3,4,5,6,7,8,9,Min,Max,Step
left_shoulder,282,1,0,0,0,0,0,0,1,1,0.19802694956391004,71.89797269132382,7.16999457417599
right_shoulder,45,67,64,59,23,15,4,6,0,2,0.12051576804705955,11.04018148093543,1.0919665712888373
left_elbow,280,3,0,0,0,0,0,1,0,1,0.1359709924940171,84.98576719132734,8.484979619883331
right_elbow,170,109,3,1,1,0,0,0,0,1,0.18838613523081887,31.704650645614976,3.1516264510384158
left_hip,244,35,0,0,0,0,2,1,1,2,0.2165039613970599,68.37536056093653,6.815885659953946
right_hip,213,66,1,0,1,0,1,2,0,1,0.08701497853452621,59.094407849138975,5.9007392870604445
left_knee,218,8,14,7,20,7,1,0,5,5,0.16517382895087346,287.4305266346447,28.726535280569387
right_knee,203,7,18,21,15,7,4,0,7,3,0.08789152734346249,261.6787506809267,26.159085915358325
