Joints,0,1,2,3,4,5,6,7,8,9,Min,Max,Step
left_shoulder,281,2,0,0,0,0,0,0,1,1,0.25105474523850363,71.95881399565488,7.170775925041637
right_shoulder,71,87,57,39,17,10,3,0,0,1,0.3006617855341649,13.62508604074191,1.3324424255207745
left_elbow,283,0,0,0,0,0,0,0,1,1,0.7508699066373423,137.54221866607594,13.67913487594386
right_elbow,205,74,4,0,1,0,0,0,0,1,0.05147650641283999,39.14306603544409,3.9091589529031254
left_hip,246,33,0,0,0,0,2,1,1,2,0.0258911391801718,68.86760723828239,6.884171609910221
right_hip,212,67,1,0,1,0,0,3,0,1,0.113597559805975,59.368433279919046,5.9254835720113075
left_knee,194,12,19,5,24,8,7,0,7,9,0.2917423726571518,279.15401053653187,27.88622681638747
right_knee,192,11,12,20,20,4,9,4,2,11,0.19899985732455028,243.41388978406945,24.321488992674492
