Joints,0,1,2,3,4,5,6,7,8,9,Min,Max,Step
left_shoulder,282,1,0,0,0,0,0,0,1,1,0.25278845928125737,71.96448825940172,7.171169980012046
right_shoulder,58,88,70,35,22,5,5,1,0,1,0.050060408694578236,13.5061251771149,1.3456064768420322
left_elbow,19,53,81,87,38,3,1,2,0,1,0.050328390947746285,14.658307135379419,1.4607978744431673
right_elbow,163,113,5,2,0,1,0,0,0,1,0.09492654956926057,32.39758930912561,3.2302662759556346
left_hip,244,35,0,0,0,0,2,1,1,2,0.11267189963609887,68.36263116292646,6.824995926329036
right_hip,221,58,1,0,1,0,1,2,0,1,0.021967468708991644,60.25929038598972,6.023732291728073
left_knee,198,17,16,11,18,11,1,0,2,11,0.20645652533479972,272.1344591671732,27.19280026418384
right_knee,200,11,17,18,21,1,1,5,0,11,0.10186320615622962,237.68424863151844,23.758238542536223
