Joints,0,1,2,3,4,5,6,7,8,9,Min,Max,Step
left_shoulder,282,1,0,0,0,0,0,0,1,1,0.09817927757265103,71.96784433920556,7.18696650616329
right_shoulder,61,84,70,37,19,8,4,1,0,1,0.1425494026703143,13.263476515315967,1.3120927112645653
left_elbow,19,66,93,84,18,3,1,0,0,1,0.0850052950700782,15.870194563639775,1.5785189268569697
right_elbow,193,85,4,1,1,0,0,0,0,1,0.12705867235753482,37.46735939193978,3.7340300719582245
left_hip,245,34,0,0,0,0,2,1,1,2,0.11267076825003165,68.62757757875005,6.851490681050002
right_hip,198,74,9,1,0,0,1,0,0,2,0.11797305700827017,43.27485919345477,4.31568861364465
left_knee,194,13,13,7,24,14,7,0,2,11,0.2676702413921621,275.3386455333739,27.50709752919817
right_knee,204,11,13,19,17,4,5,7,1,4,0.1093046481508903,239.372743683074,23.92634390349231
