Joints,0,1,2,3,4,5,6,7,8,9,Min,Max,Step
left_shoulder,40,40,34,22,23,13,12,3,0,4,0.405253348879445,175.58749486147883,17.518224151259936
right_shoulder,39,53,21,30,16,12,8,6,2,4,0.4037297271931904,175.27403743230948,17.48703077051163
left_elbow,19,11,25,16,17,18,15,12,23,35,0.0,179.7357444409287,17.97357444409287
right_elbow,19,20,19,20,12,13,14,18,25,31,0.0,179.99998389103106,17.999998389103105
left_hip,2,4,5,25,68,51,22,8,3,3,0.0,177.9652618145889,17.79652618145889
right_hip,5,3,16,28,54,52,19,8,2,4,9.961936205471726,180.0,17.00380637945283
left_knee,6,2,2,5,6,1,9,7,32,121,0.0,180.0,18.0
right_knee,9,1,4,1,1,4,2,11,39,119,0.0,179.59394212775157,17.95939421277516
