Joints,0,1,2,3,4,5,6,7,8,9,Min,Max,Step
left_shoulder,11,48,23,13,12,23,35,23,2,1,0.33400426489565505,161.36550064893558,16.10314963840399
right_shoulder,33,43,16,23,30,15,8,13,7,3,0.0,172.91050105240566,17.291050105240565
left_elbow,11,29,41,18,18,8,7,10,12,37,0.0,179.7920012658251,17.97920012658251
right_elbow,27,24,21,16,13,17,8,11,18,36,0.0,179.99994496635742,17.999994496635743
left_hip,2,1,4,3,88,38,36,17,1,1,19.902870630268414,154.83326121200957,13.493039058174116
right_hip,1,0,5,17,37,51,73,1,3,3,9.531938091849488,151.6597426294635,14.212780453761399
left_knee,2,0,1,0,3,13,16,31,40,85,87.79046216181654,179.93965836315377,9.214919620133728
right_knee,1,0,1,0,2,3,6,25,53,100,66.19596488158858,179.77601492013144,11.358005003854288
