Joints,0,1,2,3,4,5,6,7,8,9,Min,Max,Step
left_shoulder,155,22,1,0,0,0,2,0,3,7,0.0,168.5024119778567,16.85024119778567
right_shoulder,155,21,2,0,0,0,1,3,4,4,0.0,168.90534683371175,16.890534683371175
left_elbow,141,32,4,0,1,2,2,2,2,4,0.0,200.2206652160012,20.02206652160012
right_elbow,106,61,8,3,0,3,2,2,4,1,0.0,214.03572533752046,21.403572533752047
left_hip,177,1,0,0,0,0,0,0,3,9,0.0,172.71378082279622,17.27137808227962
right_hip,178,0,0,0,0,0,1,4,3,4,0.0,180.75995232654202,18.0759952326542
left_knee,178,0,0,0,0,0,1,1,5,5,0.0,163.0697677462714,16.306976774627138
right_knee,171,7,0,0,0,0,0,3,1,8,0.0,156.9548337971633,15.69548337971633
