Joints,0,1,2,3,4,5,6,7,8,9,Min,Max,Step
left_shoulder,2,1,8,36,72,11,3,2,1,1,-26.75498845516373,35.93967465394282,6.269466310910655
right_shoulder,2,3,12,60,48,9,1,1,0,1,-33.323928903543326,50.883608664274576,8.420753756781789
left_elbow,3,0,1,1,48,77,4,1,1,1,-117.31814298811844,115.78946376135092,23.310760674946934
right_elbow,2,4,4,6,98,12,6,3,1,1,-110.17700370920616,130.63952300518082,24.08165267143869
left_hip,1,0,0,14,106,14,1,0,0,1,-59.68568868494239,72.08583957665086,13.177152826159322
right_hip,1,0,0,0,4,29,88,11,1,3,-68.65555312144502,39.539953407960404,10.819550652940542
left_knee,1,2,2,1,6,118,4,0,1,2,-134.39670328361728,118.29912618380342,25.269582946742077
right_knee,2,1,1,2,6,111,8,4,0,2,-134.7794002018905,109.52570636355708,24.430510656544755
