Joints,0,1,2,3,4,5,6,7,8,9,Min,Max,Step
left_shoulder,2,1,8,35,73,11,3,2,1,1,-26.734161348864923,35.93423866211961,6.266840001098451
right_shoulder,2,3,12,58,49,10,1,1,0,1,-33.32890585746274,50.88590213168313,8.421480798914587
left_elbow,3,0,0,2,72,53,4,1,1,1,-119.88788130922256,121.99521514941904,24.188309645864166
right_elbow,2,4,4,8,100,9,5,4,0,1,-107.02614288549788,130.64639247539128,23.767253536088916
left_hip,1,0,1,14,105,13,2,0,0,1,-59.62962537485981,72.0781986245957,13.170782399945551
right_hip,1,0,0,1,4,49,69,10,0,3,-68.64796683487397,42.64988963473219,11.129785646960613
left_knee,1,2,2,1,9,115,4,0,1,2,-128.0036244859046,117.18889497110337,24.519251945700802
right_knee,2,1,1,2,5,112,8,4,0,2,-134.8193593688492,109.52516548964552,24.434452485849476
