Joints,0,1,2,3,4,5,6,7,8,9,Min,Max,Step
left_shoulder,2,1,8,36,72,11,4,1,1,1,-26.691970151179373,35.939803639699655,6.263177379087903
right_shoulder,2,3,12,58,49,11,0,1,0,1,-33.329150487821096,50.88675972399274,8.421591021181385
left_elbow,3,0,0,2,71,54,4,1,1,1,-119.87645263241644,121.98228140326384,24.18587340356804
right_elbow,2,4,4,9,99,9,5,4,0,1,-107.0273006374024,130.66026294136148,23.7687563578764
left_hip,1,0,1,13,105,15,1,0,0,1,-59.627099801430894,72.08896607819273,13.171606587962366
right_hip,1,0,0,1,3,49,70,10,0,3,-68.65865585055424,42.66052635238614,11.13191822029404
left_knee,1,2,2,1,7,117,4,0,1,2,-133.30504337986716,117.20279152565362,25.050783490552078
right_knee,2,1,1,2,5,112,8,4,0,2,-134.81240667171195,109.51962679110773,24.43320334628197
