Joints,0,1,2,3,4,5,6,7,8,9,Min,Max,Step
left_shoulder,49,40,23,10,4,2,3,2,0,3,0.025682161430844383,9.918421023547188,0.9892738862116345
right_shoulder,75,32,14,9,3,1,0,1,0,1,0.023769672216281075,16.828543273502625,1.6804773601286342
left_elbow,61,30,20,10,3,3,5,1,1,2,0.017482738840291636,16.32968530968343,1.6312202570843137
right_elbow,91,27,9,4,1,1,1,0,1,1,0.014740663517014488,41.61868413108688,4.160394346756986
left_hip,36,46,30,10,6,2,1,2,2,1,0.013077743655174449,8.939293586594198,0.8926215842939025
right_hip,81,39,10,3,0,1,0,0,0,2,0.01109918274966588,19.42028103931102,1.9409181856561353
left_knee,53,38,27,9,5,1,1,0,1,1,0.021279206094114888,13.453634046996394,1.3432354840902279
right_knee,84,32,7,3,3,0,0,4,2,1,0.020497075176424732,20.326263974883872,2.0305766899707445
