Joints,0,1,2,3,4,5,6,7,8,9,Min,Max,Step
left_shoulder,63,0,0,0,0,0,0,0,1,2,0.14733817049792536,171.72839943073575,17.15810612602378
right_shoulder,63,0,0,0,0,0,0,0,1,2,0.16731832958111048,191.46100199355155,19.129368366397042
left_elbow,61,2,0,0,0,0,0,1,1,1,0.045820566455734055,199.62195837396104,19.957613780750528
right_elbow,63,0,0,0,0,0,0,0,1,2,0.2160004139680812,199.62195837396104,19.940595795999293
left_hip,63,0,0,0,0,0,0,0,0,3,0.5069005050857625,168.76202230151952,16.825512179643376
right_hip,63,0,0,0,0,0,0,0,1,2,0.18775430104302365,188.6456162246964,18.84578619236534
left_knee,62,1,0,0,0,0,0,0,0,3,0.20787146528233755,167.65401375998854,16.74461422947062
right_knee,59,4,0,0,0,0,0,0,1,2,0.08557694970099236,177.70237770480782,17.761680075510682
