Joints,0,1,2,3,4,5,6,7,8,9,Min,Max,Step
left_shoulder,1,0,0,0,0,0,1,0,91,1,-145.29056815962386,32.348648350518644,17.763921651014243
right_shoulder,1,0,1,0,0,0,0,89,1,2,-107.92873275241234,36.799538942890976,14.472827169530333
left_elbow,1,0,0,0,91,1,0,0,0,1,-131.09507354402368,142.80596291574128,27.390103645976495
right_elbow,1,0,0,0,0,0,90,1,0,2,-156.84036637014157,91.60400790987421,24.844437428001584
left_hip,1,0,0,0,1,90,0,0,1,1,-138.69099542557905,133.25912525486007,27.19501206804391
right_hip,2,0,0,0,91,0,0,0,0,1,-160.99980914878282,167.46782725981913,32.84676364086019
left_knee,1,2,0,0,1,0,89,0,0,1,-58.90481687413903,26.769476906032523,8.567429378017152
right_knee,1,0,0,0,0,0,0,2,0,91,-52.09112564664694,2.533967856087628,5.462509350273457
