Joints,0,1,2,3,4,5,6,7,8,9,Min,Max,Step
left_shoulder,34,5,2,8,5,0,2,3,32,3,0.7483159737391681,92.25828886184846,9.15099728881093
right_shoulder,34,3,1,9,5,33,2,1,3,3,0.0,142.01681341816985,14.201681341816984
left_elbow,1,3,0,1,3,0,24,3,11,48,4.398654502587757,178.47759009372848,17.407893559114072
right_elbow,3,3,2,2,2,5,1,2,49,25,0.0,180.0,18.0
left_hip,3,23,0,0,2,4,6,25,23,8,0.0,177.50940057764709,17.75094005776471
right_hip,26,18,1,2,3,8,13,4,14,5,0.0,128.72070569995708,12.872070569995708
left_knee,3,0,7,3,30,2,3,15,7,24,0.0,176.77077689055142,17.677077689055142
right_knee,17,1,4,5,0,2,14,20,24,7,64.19816317345513,178.83330047482124,11.463513730136611
