Joints,0,1,2,3,4,5,6,7,8,9,Min,Max,Step
left_shoulder,8,20,0,0,2,7,1,29,15,12,0.0,79.2218208859732,7.92218208859732
right_shoulder,3,2,8,22,27,15,6,10,0,1,0.0,116.67537025028584,11.667537025028583
left_elbow,7,10,6,0,0,1,0,23,4,43,0.0,180.0,18.0
right_elbow,4,13,4,0,1,1,26,0,5,40,0.0,168.75537824514714,16.875537824514716
left_hip,13,0,0,0,0,2,21,32,1,25,0.0,177.52962129543303,17.752962129543302
right_hip,26,0,26,8,2,4,3,23,1,1,0.0,130.18365045714359,13.018365045714358
left_knee,2,2,2,0,0,29,10,25,9,15,0.0,179.99989376777526,17.999989376777528
right_knee,4,0,0,0,0,21,0,17,22,30,0.0,172.88994794445216,17.288994794445216
