Joints,0,1,2,3,4,5,6,7,8,9,Min,Max,Step
left_shoulder,18,26,13,0,18,4,13,0,0,2,0.0,170.9171137501924,17.09171137501924
right_shoulder,25,20,11,7,10,3,5,6,0,7,0.0,147.88547380205222,14.788547380205221
left_elbow,17,0,0,0,21,0,0,8,18,30,0.0,178.29835162808988,17.829835162808987
right_elbow,11,5,6,5,4,0,0,6,22,35,0.0,175.21738236810825,17.521738236810826
left_hip,15,5,0,18,9,13,13,1,11,9,0.0,176.66277907538966,17.666277907538966
right_hip,32,15,8,4,18,2,0,10,0,5,0.0,165.6429625098327,16.56429625098327
left_knee,4,8,6,7,4,5,11,3,22,24,0.0,179.999929420231,17.999992942023102
right_knee,4,0,0,2,6,10,5,15,17,35,0.0,176.80323511978455,17.680323511978454
