Joints,0,1,2,3,4,5,6,7,8,9,Min,Max,Step
left_shoulder,13,23,5,36,7,9,0,0,0,1,0.0,160.55742252980895,16.055742252980895
right_shoulder,7,12,27,23,14,3,1,6,0,1,0.0,157.3259640668101,15.732596406681008
left_elbow,2,2,0,5,0,0,0,5,62,18,0.0,179.9999630403765,17.99999630403765
right_elbow,6,1,0,1,9,6,3,11,28,29,0.0,174.8041928294667,17.48041928294667
left_hip,3,7,0,4,0,11,2,16,45,6,0.0,167.72124307668037,16.772124307668037
right_hip,9,28,1,19,2,11,18,5,0,1,0.0,171.41573562961892,17.14157356296189
left_knee,2,0,0,47,8,9,6,7,2,13,0.0,177.7796525923384,17.77796525923384
right_knee,2,0,13,22,0,2,3,16,7,29,0.0,167.4733045829523,16.74733045829523
