Joints,0,1,2,3,4,5,6,7,8,9,Min,Max,Step
left_shoulder,56,11,7,6,4,7,0,0,0,3,1.5918370413538334,171.38963416772685,16.979779712637303
right_shoulder,23,4,2,28,5,10,11,4,2,5,3.6715135845140474,122.88925077391757,11.921773718940353
left_elbow,15,4,0,2,25,3,0,2,14,29,8.13639899156587,180.0,17.186360100843412
right_elbow,5,1,3,2,37,1,0,11,18,16,8.134360095166548,175.82611022635723,16.769175013119067
left_hip,15,6,6,0,5,1,36,18,4,3,0.0,179.99988541288909,17.999988541288907
right_hip,17,3,8,3,16,32,6,7,1,1,0.0,158.83351796926624,15.883351796926624
left_knee,14,5,1,7,0,26,5,7,15,14,26.305222366006397,180.0,15.36947776339936
right_knee,2,1,1,2,25,1,13,8,7,34,47.6520578720104,180.0,13.23479421279896
