Joints,0,1,2,3,4,5,6,7,8,9,Min,Max,Step
left_shoulder,87,5,0,0,0,0,0,0,0,1,0.0,230.0537912199826,23.00537912199826
right_shoulder,89,3,0,0,0,0,0,0,0,1,0.0,237.21358068744598,23.7213580687446
left_elbow,86,6,0,0,0,0,0,0,0,1,0.0,230.60097782643732,23.06009778264373
right_elbow,88,4,0,0,0,0,0,0,0,1,0.0,240.75130540013237,24.075130540013237
left_hip,89,3,0,0,0,0,0,0,0,1,0.0,238.59250557797012,23.85925055779701
right_hip,88,4,0,0,0,0,0,0,0,1,0.0,243.38292814827494,24.338292814827494
left_knee,89,3,0,0,0,0,0,0,0,1,0.0,247.6304925411132,24.76304925411132
right_knee,87,4,1,0,0,0,0,0,0,1,0.0,241.75230194777433,24.175230194777434
