Joints,0,1,2,3,4,5,6,7,8,9,Min,Max,Step
left_shoulder,91,1,0,0,0,0,0,0,0,1,0.0,208.57683109426853,20.85768310942685
right_shoulder,91,1,0,0,0,0,0,0,0,1,0.0,211.40636034076869,21.14063603407687
left_elbow,90,2,0,0,0,0,0,0,0,1,0.0,206.78645000932048,20.678645000932047
right_elbow,91,0,1,0,0,0,0,0,0,1,0.0,189.75249030605931,18.97524903060593
left_hip,92,0,0,0,0,0,0,0,0,1,0.0,206.35992439857185,20.635992439857183
right_hip,91,1,0,0,0,0,0,0,0,1,0.0,211.85856982590613,21.185856982590614
left_knee,91,1,0,0,0,0,0,0,0,1,0.0,191.2352387164908,19.12352387164908
right_knee,91,1,0,0,0,0,0,0,0,1,0.0,193.8553583374884,19.38553583374884
