Joints,0,1,2,3,4,5,6,7,8,9,Min,Max,Step
left_shoulder,88,2,0,2,0,0,0,0,0,1,0.0,226.7684505135289,22.676845051352892
right_shoulder,88,2,2,0,0,0,0,0,0,1,0.0,238.2709219893161,23.82709219893161
left_elbow,87,3,0,0,1,1,0,0,0,1,0.0,235.39266010925445,23.539266010925445
right_elbow,87,3,0,0,2,0,0,0,0,1,0.0,249.94159822262574,24.994159822262574
left_hip,88,2,0,0,2,0,0,0,0,1,0.0,240.89136811190502,24.089136811190503
right_hip,88,2,0,0,0,2,0,0,0,1,0.0,240.89136811190502,24.089136811190503
left_knee,89,1,2,0,0,0,0,0,0,1,0.0,236.58626691063418,23.658626691063418
right_knee,90,1,1,0,0,0,0,0,0,1,0.0,247.73520067730843,24.773520067730843
