Joints,0,1,2,3,4,5,6,7,8,9,Min,Max,Step
left_shoulder,90,2,0,0,0,0,0,0,0,1,0.0,227.2891976940697,22.72891976940697
right_shoulder,87,4,1,0,0,0,0,0,0,1,0.0,229.99763512778983,22.999763512778983
left_elbow,88,4,0,0,0,0,0,0,0,1,0.0,232.4003670570412,23.24003670570412
right_elbow,88,4,0,0,0,0,0,0,0,1,0.0,249.62107001927197,24.962107001927198
left_hip,88,4,0,0,0,0,0,0,0,1,0.0,238.418739007378,23.841873900737802
right_hip,87,5,0,0,0,0,0,0,0,1,0.0,242.34727635264682,24.234727635264683
left_knee,87,5,0,0,0,0,0,0,0,1,0.0,237.06338159157062,23.706338159157063
right_knee,88,3,1,0,0,0,0,0,0,1,0.0,250.09937712661448,25.009937712661447
