Joints,0,1,2,3,4,5,6,7,8,9,Min,Max,Step
left_shoulder,1,1,4,5,3,65,6,4,3,2,-101.94839681104813,89.47729968812651,19.142569649917462
right_shoulder,1,2,2,4,9,66,2,2,3,3,-97.91980150720642,88.75452040056992,18.66743219077763
left_elbow,2,3,3,1,7,67,3,3,3,2,-160.11242244693537,143.37082532655725,30.348324777349262
right_elbow,4,2,6,4,65,1,3,2,4,3,-134.24799386782752,152.84171853591124,28.70897124037387
left_hip,2,1,2,4,3,68,5,4,3,2,-147.55128978758222,110.97999924242636,25.85312890300085
right_hip,1,2,4,5,65,9,3,1,0,4,-113.92483501212179,114.66208392000163,22.858691893212338
left_knee,4,5,2,3,66,1,4,1,6,2,-112.36423460003886,125.92117905613712,23.828541365617596
right_knee,3,1,2,5,69,3,4,4,2,1,-136.67732571975085,140.41759044705728,27.709491616680822
