Joints,0,1,2,3,4,5,6,7,8,9,Min,Max,Step
left_shoulder,32,1,2,8,7,31,2,5,1,5,0.0,102.22212318122236,10.222212318122235
right_shoulder,34,28,5,2,10,9,3,1,1,1,2.639730397847864,127.50731922840436,12.48675888305565
left_elbow,2,1,0,0,8,1,24,12,34,12,2.1651556142879063,180.0,17.783484438571215
right_elbow,7,7,25,3,2,1,1,24,17,7,0.0,178.93176160059642,17.893176160059642
left_hip,5,0,4,3,22,2,14,35,4,5,32.09610020116641,174.06844035255645,14.197234015139003
right_hip,5,28,5,9,11,28,4,1,1,2,0.0,151.2704985631515,15.12704985631515
left_knee,2,22,10,3,2,4,3,10,11,27,3.0169462677708525,175.9692389919229,17.295229272415206
right_knee,6,1,22,3,1,6,11,6,7,31,22.32863467596766,179.36490878558448,15.703627410961683
