Joints,0,1,2,3,4,5,6,7,8,9,Min,Max,Step
left_shoulder,13,5,8,31,8,20,2,6,0,1,7.334506977343296e-05,140.62454707777422,14.062447373270444
right_shoulder,26,13,7,4,9,6,22,6,0,1,0.0,122.558743013385,12.2558743013385
left_elbow,5,1,0,1,8,0,2,15,37,25,0.0,180.0,18.0
right_elbow,8,3,23,3,3,2,1,5,18,28,0.0,177.87460094560032,17.787460094560032
left_hip,7,0,2,4,1,9,10,38,19,4,32.04360182765018,180.0,14.795639817234985
right_hip,20,6,26,4,23,8,3,3,0,1,4.199246173480402,139.39152754429335,13.519228137081294
left_knee,31,3,3,6,3,1,2,14,9,22,42.354176112758736,175.9231466929404,13.356897058018163
right_knee,4,17,2,24,9,8,7,6,10,7,56.25053871812644,179.36857944803475,12.311804072990832
