Joints,0,1,2,3,4,5,6,7,8,9,Min,Max,Step
left_shoulder,82,2,0,0,0,0,3,3,0,3,0.0,198.83810733174985,19.883810733174986
right_shoulder,82,1,1,0,0,0,1,4,0,4,0.0,175.89139819260188,17.58913981926019
left_elbow,80,3,1,0,0,1,2,3,0,3,0.0,200.106450340701,20.0106450340701
right_elbow,78,6,0,0,1,1,3,0,2,2,0.0,225.94503579818345,22.594503579818344
left_hip,82,2,0,0,0,1,3,3,0,2,0.0,208.85274049104527,20.885274049104527
right_hip,82,2,0,0,0,2,1,0,4,2,0.0,218.4600769719068,21.84600769719068
left_knee,82,2,0,0,0,3,3,0,1,2,0.0,219.7671998054992,21.97671998054992
right_knee,82,1,1,0,0,1,1,0,3,4,0.0,183.60541688200684,18.360541688200684
