Joints,0,1,2,3,4,5,6,7,8,9,Min,Max,Step
left_shoulder,76,2,1,0,1,1,2,4,3,3,0.0,202.50517446828076,20.250517446828077
right_shoulder,78,0,1,0,0,4,4,0,0,6,0.0,214.23172372688808,21.423172372688807
left_elbow,72,6,1,0,0,1,2,5,2,4,0.0,186.8643567441161,18.68643567441161
right_elbow,71,8,0,0,0,6,2,0,1,5,0.0,212.88188997506532,21.28818899750653
left_hip,75,3,1,0,1,2,4,2,2,3,0.0,208.7278328250693,20.87278328250693
right_hip,75,4,0,0,1,2,3,0,4,4,0.0,215.0308385064647,21.50308385064647
left_knee,76,0,3,0,0,1,5,3,2,3,0.0,189.52139407629585,18.952139407629584
right_knee,76,2,1,0,0,2,5,1,4,2,0.0,201.90255563275744,20.190255563275745
