Joints,0,1,2,3,4,5,6,7,8,9,Min,Max,Step
left_shoulder,78,2,0,0,0,6,2,0,1,4,0.0,197.95421993016987,19.795421993016987
right_shoulder,78,2,0,0,2,4,1,2,2,2,0.0,234.12321795137788,23.41232179513779
left_elbow,77,2,1,0,1,4,4,1,1,2,0.0,206.63408246230236,20.663408246230237
right_elbow,74,6,0,0,3,2,4,1,2,1,0.0,211.5015162262549,21.15015162262549
left_hip,78,2,0,0,0,1,5,0,2,5,0.0,183.03718368175842,18.303718368175844
right_hip,78,2,0,0,1,3,0,4,1,4,0.0,221.10586152694398,22.1105861526944
left_knee,77,1,2,0,0,3,5,0,3,2,0.0,180.73249060080445,18.073249060080446
right_knee,78,1,1,0,2,2,2,4,2,1,0.0,219.68233142304172,21.96823314230417
