Joints,0,1,2,3,4,5,6,7,8,9,Min,Max,Step
left_shoulder,119,80,18,11,6,1,2,1,1,1,11.293661113115144,143.5588673637397,13.226520625062454
right_shoulder,11,121,76,14,10,2,3,1,1,1,2.8233602341276813,125.20360795612213,12.238024772199445
left_elbow,2,7,3,1,10,6,21,33,62,95,1.940379390717928,179.9999927053548,17.805961331463685
right_elbow,3,3,5,5,7,7,4,17,68,121,0.0,179.9999991462264,17.99999991462264
left_hip,3,4,3,20,102,92,12,1,2,1,0.0,180.0,18.0
right_hip,3,1,1,10,37,154,25,5,1,3,0.0,161.9241851232732,16.19241851232732
left_knee,3,0,1,0,0,1,6,18,48,163,20.55000705259453,180.0,15.944999294740548
right_knee,1,0,0,0,1,3,3,28,45,159,8.925259729811883,180.0,17.10747402701881
