Joints,0,1,2,3,4,5,6,7,8,9,Min,Max,Step
left_shoulder,18,56,69,31,9,15,12,8,2,20,0.0,92.61583386945021,9.261583386945022
right_shoulder,20,93,79,20,6,7,2,1,9,3,0.0,127.29138811470457,12.729138811470458
left_elbow,18,23,8,12,12,23,10,34,55,45,0.0,178.79899299034423,17.879899299034424
right_elbow,12,8,7,4,27,4,2,31,31,114,0.0,180.0,18.0
left_hip,5,8,4,18,109,74,13,1,0,8,0.0,180.0,18.0
right_hip,7,0,1,11,57,135,12,3,4,10,0.0,180.0,18.0
left_knee,4,0,4,0,4,1,14,13,58,142,0.0,180.0,18.0
right_knee,10,0,0,0,0,8,3,30,31,158,0.0,180.0,18.0
