Joints,0,1,2,3,4,5,6,7,8,9,Min,Max,Step
left_shoulder,46,121,43,15,6,3,2,2,0,2,1.3547747051753367,172.9628276716353,17.160805296645997
right_shoulder,52,111,42,15,4,7,5,1,2,1,4.2174249474313505,160.2712926215131,15.605386767408177
left_elbow,9,7,3,13,4,16,16,40,49,83,0.5969259767711904,178.78614288786187,17.818921691109068
right_elbow,6,3,9,5,8,8,12,21,53,115,0.0,179.99998702376405,17.999998702376406
left_hip,8,9,2,25,59,111,18,4,0,4,1.0587545451909468,165.31622933470445,16.42574747895135
right_hip,8,2,1,25,81,88,23,2,4,6,7.600900548242433,174.07804764498937,16.647714709674695
left_knee,5,0,0,3,3,4,4,18,54,149,0.0,180.0,18.0
right_knee,5,1,0,1,5,5,9,26,34,154,0.8114893366007088,180.0,17.91885106633993
