Joints,0,1,2,3,4,5,6,7,8,9,Min,Max,Step
left_shoulder,33,126,36,26,10,0,5,0,2,2,1.2194205112254983,154.7758932201068,15.355647270888129
right_shoulder,16,86,72,34,10,6,2,9,2,3,0.9708147617436292,145.55667143224338,14.458585667049974
left_elbow,10,5,6,5,10,13,16,49,49,77,0.0,180.0,18.0
right_elbow,15,6,19,7,10,12,14,12,42,103,0.0,180.0,18.0
left_hip,6,5,10,16,68,93,22,6,6,8,0.0,174.3170759406693,17.43170759406693
right_hip,10,5,10,17,78,101,13,2,2,2,0.0,177.28979446402005,17.728979446402004
left_knee,3,4,7,4,6,2,9,18,25,162,2.8751586158750917,180.0,17.712484138412492
right_knee,7,4,6,0,4,6,9,11,51,142,7.211951899974871,180.0,17.278804810002512
