Joints,0,1,2,3,4,5,6,7,8,9,Min,Max,Step
left_shoulder,35,137,34,18,9,1,4,0,0,2,0.0,170.6643876899528,17.06643876899528
right_shoulder,22,109,78,11,5,5,3,2,2,3,0.0,145.82917556922425,14.582917556922425
left_elbow,5,0,9,7,13,16,22,34,53,81,0.0,179.999946729724,17.9999946729724
right_elbow,2,5,6,3,8,18,12,27,42,117,0.0,179.9999230087395,17.99999230087395
left_hip,6,7,8,26,54,111,13,6,4,5,0.0,170.7682768968214,17.07682768968214
right_hip,6,4,5,21,84,96,12,1,6,5,0.0,180.0,18.0
left_knee,6,1,1,1,3,2,10,13,51,152,0.0,180.0,18.0
right_knee,7,1,2,5,5,3,5,11,52,149,0.0,180.0,18.0
