Joints,0,1,2,3,4,5,6,7,8,9,Min,Max,Step
left_shoulder,1,1,49,213,35,0,0,0,0,1,-9.836993053538189,18.477719596760274,2.8314712650298457
right_shoulder,2,7,28,121,124,13,2,2,0,1,-7.883771832313059,12.411810752060582,2.0295582584373637
left_elbow,1,15,64,119,77,18,5,0,0,1,-11.223679833383713,19.929811888919414,3.1153491722303137
right_elbow,2,4,14,29,71,95,57,18,7,3,-11.376916530127444,10.307166345928637,2.168408287605608
left_hip,2,1,3,27,68,117,57,18,6,1,-12.040423588357784,10.08050036495476,2.212092395331254
right_hip,1,0,0,0,126,172,0,0,0,1,-171.2573855888084,169.61500322276927,34.08723888115776
left_knee,2,2,9,3,36,227,10,4,3,4,-140.12354221898642,127.45395251461541,26.757749473360178
right_knee,2,6,14,12,123,109,13,15,3,3,-82.39224330712472,83.21813633156607,16.561037963869083
