Joints,0,1,2,3,4,5,6,7,8,9,Min,Max,Step
left_shoulder,1,0,22,183,89,4,0,0,0,1,-10.815349626463316,17.798538120443336,2.861388774690665
right_shoulder,5,4,43,115,98,28,2,2,2,1,-6.644809652376446,10.41293672649703,1.7057746378873473
left_elbow,3,13,63,99,92,22,6,1,0,1,-11.097064127530802,18.76575967136374,2.986282379889454
right_elbow,3,6,37,70,119,49,12,3,0,1,-11.458344706502745,15.722021347095337,2.718036605359808
left_hip,1,1,7,38,65,113,53,18,3,1,-11.149105432817805,10.080899094388911,2.123000452720671
right_hip,1,0,0,0,128,170,0,0,0,1,-171.20616214409003,169.58954451137845,34.07957066554687
left_knee,2,2,7,10,204,63,3,5,3,1,-159.7692731681793,166.9116347764136,32.66809079445929
right_knee,2,4,19,7,163,75,14,13,1,2,-81.87940837038587,86.7510347977364,16.86304431681222
