Joints,0,1,2,3,4,5,6,7,8,9,Min,Max,Step
left_shoulder,1,0,29,203,65,1,0,0,0,1,-10.26530340116756,17.811929947471587,2.8077233348639146
right_shoulder,5,6,58,132,82,12,2,2,0,1,-6.877507234449452,11.903363980465386,1.8780871214914834
left_elbow,4,20,92,96,69,14,4,0,0,1,-9.59996064349322,18.750693633581182,2.8350654277074403
right_elbow,1,2,10,33,62,95,59,28,8,2,-12.869937096312047,10.630611904357053,2.35005490006691
left_hip,1,1,7,36,75,108,49,16,6,1,-10.915223318536023,9.893970945407917,2.0809194263943933
right_hip,1,0,0,0,154,144,0,0,0,1,-170.39709535817352,170.64605669200196,34.10431520501754
left_knee,2,2,6,2,27,243,9,3,2,4,-139.7782455316003,121.70366874499277,26.148191427659313
right_knee,2,3,16,10,109,125,12,18,3,2,-81.83072040954646,80.40500028840958,16.223572069795594
