Joints,0,1,2,3,4,5,6,7,8,9,Min,Max,Step
left_shoulder,1,1,32,203,61,1,0,0,0,1,-9.791176787525837,17.305066474877588,2.709624326240343
right_shoulder,1,3,19,123,131,17,5,0,0,1,-9.58429010483414,14.262164248414932,2.3846454353249076
left_elbow,5,24,93,122,46,9,0,0,0,1,-11.27809876340099,23.808380610424514,3.50864793738255
right_elbow,2,4,8,37,89,90,49,14,6,1,-12.224662245812226,11.686150732826473,2.3910812978638702
left_hip,1,0,0,0,250,48,0,0,0,1,-91.31140720316758,96.23664867520183,18.75480558783694
right_hip,1,0,0,0,150,147,1,0,0,1,-170.36221130131017,170.60551166096366,34.096772296227385
left_knee,2,1,7,5,152,118,7,4,3,1,-161.1801950548004,161.68856551820002,32.28687605730005
right_knee,2,15,18,193,45,22,2,1,1,1,-80.60718205944198,133.51310876092967,21.412029082037165
