Joints,0,1,2,3,4,5,6,7,8,9,Min,Max,Step
left_shoulder,2,0,0,1,23,78,68,45,45,38,21.07765771020786,48.236241118477814,2.715858340826994
right_shoulder,25,41,54,24,23,36,30,25,23,19,40.70735065656034,65.0702235388758,2.436287288231547
left_elbow,17,46,65,48,27,28,32,16,18,3,89.05229912169328,127.3619220557017,3.8309622934008445
right_elbow,23,28,30,40,22,24,31,58,38,6,81.23678821157466,130.42935965190838,4.919257144033367
left_hip,1,0,0,0,0,0,0,0,0,299,0.0,180.0,18.0
right_hip,1,0,0,0,0,0,0,63,190,46,3.106574477150988,179.8690555457084,17.67624810685574
left_knee,191,81,6,5,4,7,4,0,1,1,0.0,180.0,18.0
right_knee,2,5,23,173,29,49,15,2,1,1,0.0,165.18359966283353,16.518359966283352
