Joints,0,1,2,3,4,5,6,7,8,9,Min,Max,Step
left_shoulder,1,1,0,1,21,78,65,47,50,36,20.990136124462005,48.15035243103364,2.7160216306571634
right_shoulder,17,40,57,25,29,30,32,27,28,15,40.346423649010184,65.06499541751536,2.47185717685052
left_elbow,4,29,59,70,34,24,33,22,22,3,86.06579851052099,127.46296809803265,4.1397169587511655
right_elbow,17,31,29,45,16,27,27,49,48,11,81.34836113276835,129.00328699975384,4.7654925866985565
left_hip,1,0,0,0,0,0,0,0,2,297,81.98865301660075,180.0,9.801134698339922
right_hip,1,0,0,0,0,0,0,69,187,43,3.1059976139647567,180.0,17.689400238603525
left_knee,190,81,8,5,3,6,2,2,1,2,0.0,178.6036752090408,17.86036752090408
right_knee,3,3,28,167,33,49,15,0,1,1,0.0,165.1611516609045,16.51611516609045
