Joints,0,1,2,3,4,5,6,7,8,9,Min,Max,Step
left_shoulder,146,112,28,11,1,0,0,0,0,1,0.03831291118019245,8.574764464750633,0.8536451553570441
right_shoulder,91,122,60,10,10,3,2,0,0,1,0.06644837931140951,7.584256355626577,0.7517807976315167
left_elbow,264,31,2,0,1,0,0,0,0,1,0.08398325775201769,28.16613338827631,2.8082150130524295
right_elbow,153,93,42,8,1,0,0,1,0,1,0.031657851535057506,10.693576193455609,1.0661918341920553
left_hip,98,91,61,29,8,6,1,2,2,1,0.062441502330301615,13.395686329694069,1.3333244827363768
right_hip,86,106,63,21,4,4,5,4,5,1,0.13119342676037668,14.814652275158279,1.4683458848397903
left_knee,294,1,2,0,0,0,0,0,1,1,0.056272841822574776,53.73913423596692,5.368286139414435
right_knee,287,8,2,0,0,0,0,0,0,2,0.050788266815896814,171.96410988271006,17.19133216158942
