Joints,0,1,2,3,4,5,6,7,8,9,Min,Max,Step
left_shoulder,94,123,43,25,12,1,0,0,0,1,0.019903359094781026,6.372475711470442,0.6352572352375662
right_shoulder,96,122,56,14,5,4,1,0,0,1,0.021617504026910102,8.208792445902953,0.8187174941876043
left_elbow,257,38,2,0,1,0,0,0,0,1,0.0688595862907975,27.79158161744505,2.772272203115425
right_elbow,133,120,31,13,0,0,1,0,0,1,0.03767405603022366,10.3961386619792,1.0358464605948976
left_hip,102,101,47,27,11,5,1,3,1,1,0.05696272726246445,13.341655825398949,1.3284693098136484
right_hip,89,109,65,14,6,3,3,5,4,1,0.1484853179668975,15.387585882357824,1.5239100564390926
left_knee,294,2,1,0,0,0,0,0,1,1,0.03796612404741717,53.39536320848392,5.335739708443651
right_knee,289,6,2,0,0,0,0,0,0,2,0.07720498837200865,171.77006500247117,17.169286001409915
