Joints,0,1,2,3,4,5,6,7,8,9,Min,Max,Step
left_shoulder,128,120,34,13,2,1,0,0,0,1,0.04055279268807989,8.113714455184013,0.8073161662495932
right_shoulder,84,101,61,31,14,1,3,2,1,1,0.04481113560796157,6.671811676551952,0.662700054094399
left_elbow,256,39,2,0,0,1,0,0,0,1,0.05199704796307625,27.86393548083274,2.7811938432869665
right_elbow,115,113,54,11,3,1,1,0,0,1,0.04222140296553306,9.577901961650683,0.9535680558685151
left_hip,92,98,57,28,8,9,1,4,1,1,0.0723841056769972,12.45499185555362,1.2382607749876624
right_hip,100,101,54,18,8,5,4,3,5,1,0.2423622636168843,14.741886489642875,1.449952422602599
left_knee,294,2,0,1,0,0,0,0,1,1,0.08909579625049466,52.276552692416075,5.218745689616558
right_knee,289,6,2,0,0,0,0,0,0,2,0.057570099278560015,171.68120355926501,17.162363345998646
