Joints,0,1,2,3,4,5,6,7,8,9,Min,Max,Step
left_shoulder,114,112,50,13,6,2,1,0,0,1,0.09747333114548833,6.78592120346531,0.668844787231982
right_shoulder,119,110,49,14,2,3,0,1,0,1,0.023230452740710082,9.23000792125332,0.9206777468512609
left_elbow,267,28,2,0,0,1,0,0,0,1,0.03966951796390987,29.077678720681853,2.9038009202717943
right_elbow,170,88,32,6,1,0,0,1,0,1,0.07287621657812828,11.454873773505359,1.138199755692723
left_hip,121,96,51,16,7,2,2,0,2,2,0.06870414440065907,15.188931946050946,1.5120227801650288
right_hip,90,110,54,19,6,7,4,5,1,3,0.017551932423864467,15.525964863666651,1.5508412931242785
left_knee,294,1,1,1,0,0,0,0,1,1,0.04096506044620234,53.99504185224744,5.395407679180123
right_knee,290,7,0,0,0,0,0,0,0,2,0.07236461207032245,171.79686381037502,17.17244991983047
