Joints,0,1,2,3,4,5,6,7,8,9,Min,Max,Step
left_shoulder,55,54,60,36,26,4,0,0,4,1,0.0,139.45333310933148,13.945333310933147
right_shoulder,41,79,80,26,6,2,1,1,3,1,0.6767220646716872,151.0543650893699,15.03776430246982
left_elbow,2,6,16,6,11,5,14,32,52,96,16.745820411285933,180.0,16.325417958871405
right_elbow,8,3,13,9,4,6,10,34,74,79,7.044837729491596,179.99999548225452,17.295515775276293
left_hip,2,1,1,10,29,102,72,14,4,5,4.651725720824822,156.90850165910538,15.225677593828056
right_hip,2,1,9,32,74,100,15,1,5,1,9.725527441174644e-05,174.95382424888027,17.495372699360583
left_knee,7,3,6,8,3,13,7,19,50,124,2.8330178832682904,180.0,17.71669821167317
right_knee,10,3,3,3,3,14,4,27,37,136,0.0,180.0,18.0
