Joints,0,1,2,3,4,5,6,7,8,9,Min,Max,Step
left_shoulder,180,11,4,2,4,8,14,8,6,2,0.1851449215580714,45.0843375644419,4.489919264288384
right_shoulder,146,38,5,3,3,6,14,11,7,6,0.4585142130135548,42.74723113591935,4.228871692290579
left_elbow,180,18,2,6,16,8,5,2,0,2,0.21128617783611214,94.2885294493182,9.407724327148209
right_elbow,135,37,14,5,8,12,14,8,4,2,0.2627395169254128,86.3545375194688,8.60917980025434
left_hip,125,55,5,6,15,20,9,2,0,2,0.10458669332715728,38.708203233394755,3.86036165400676
right_hip,170,20,20,21,5,1,1,0,0,1,0.1695359969078814,63.96583577144836,6.379629977454048
left_knee,135,38,28,21,11,3,1,1,0,1,0.1359264449099447,74.11148156972901,7.397555512481906
right_knee,130,28,29,21,15,11,3,0,0,2,0.26188798848594524,66.13418986078973,6.58723018723038
