Joints,0,1,2,3,4,5,6,7,8,9,Min,Max,Step
left_shoulder,212,6,0,0,0,2,1,4,12,2,0.03211966489658012,38.29349751046926,3.826137784557268
right_shoulder,192,24,2,0,0,1,3,1,10,6,0.060018543520172725,36.38090572895425,3.6320887185434074
left_elbow,200,17,0,1,1,1,4,8,2,5,0.2862944989354142,66.61723330745741,6.633093880852199
right_elbow,178,30,3,1,0,0,5,10,3,9,0.1794468535517748,64.70851838263147,6.452907152907969
left_hip,139,54,21,3,1,0,2,3,9,7,0.2084873234469878,23.34280779512628,2.3134320471679293
right_hip,132,59,22,4,1,4,5,3,5,4,0.11775331791895124,25.44499009824568,2.532723678032673
left_knee,106,62,22,18,10,7,8,2,1,3,0.16305185168083702,36.023878372671454,3.586082652099062
right_knee,123,52,18,14,10,11,4,2,3,2,0.15291992149618566,38.895452806618685,3.87425328851225
