Joints,0,1,2,3,4,5,6,7,8,9,Min,Max,Step
left_shoulder,162,44,28,0,0,0,0,2,1,2,0.0,146.59150797905022,14.659150797905022
right_shoulder,144,35,49,6,0,0,0,0,1,4,0.0,132.93930417112279,13.293930417112279
left_elbow,140,29,45,13,5,4,0,1,1,1,0.0,166.96465170292518,16.69646517029252
right_elbow,113,29,33,33,18,6,1,3,2,1,0.0,138.42558852785132,13.842558852785132
left_hip,166,63,5,0,0,0,2,1,1,1,0.0,159.88798216889919,15.988798216889919
right_hip,152,72,10,0,0,0,0,2,0,3,0.0,142.63420358679082,14.263420358679081
left_knee,131,76,20,4,2,2,2,1,0,1,0.0,165.29238282541587,16.529238282541588
right_knee,123,61,39,7,3,1,0,2,2,1,0.0,145.01850567695746,14.501850567695746
