Joints,0,1,2,3,4,5,6,7,8,9,Min,Max,Step
left_shoulder,4,16,14,12,11,12,43,12,12,6,53.5191280152673,84.734853455629,3.1215725440361695
right_shoulder,7,8,16,9,58,14,8,9,8,5,38.300264710671506,178.1514766136163,13.985121190294478
left_elbow,12,9,11,11,10,11,18,27,29,4,116.29664716287621,171.62209037397903,5.532544321110279
right_elbow,6,9,23,33,8,6,3,16,19,19,0.0,180.0,18.0
left_hip,2,5,10,28,20,26,18,17,12,4,83.95367487397449,94.10629033978441,1.0152615465809873
right_hip,5,8,20,22,25,26,27,4,3,2,94.21352583753622,104.10606408390585,0.9892538246369611
left_knee,38,4,0,0,1,38,1,0,0,60,0.0,180.0,18.0
right_knee,20,3,1,0,0,45,0,0,0,73,0.0,179.8992031447804,17.989920314478038
