Joints,0,1,2,3,4,5,6,7,8,9,Min,Max,Step
left_shoulder,22,45,29,17,11,8,3,0,4,2,0.12905790360663488,7.149741859790867,0.7020683956184233
right_shoulder,35,33,24,21,5,10,8,2,1,2,0.16715270704945245,6.752774758416638,0.6585622051367186
left_elbow,80,40,13,3,2,1,0,1,0,1,0.04711880029051421,21.857726765263752,2.1810607964973237
right_elbow,114,13,1,5,4,2,1,0,0,1,0.3834430802494659,72.25228092973555,7.186883784948608
left_hip,40,48,29,9,7,4,1,1,1,1,0.11413007915951826,8.402235844588501,0.8288105765428984
right_hip,33,48,15,19,10,7,4,3,1,1,0.10576556525452027,6.989203708245922,0.6883438142991402
left_knee,44,42,27,11,10,2,1,3,0,1,0.1588019330918932,9.795725459169836,0.9636923526077942
right_knee,40,37,31,15,11,3,2,1,0,1,0.06050656547717436,9.870875641319518,0.9810369075842342
