Joints,0,1,2,3,4,5,6,7,8,9,Min,Max,Step
left_shoulder,1,0,0,4,87,33,2,0,0,1,-127.19206230782623,129.93108797505758,25.712315028288373
right_shoulder,1,0,0,3,65,55,3,0,0,1,-144.67652138800787,144.71829726410874,28.93948186521166
left_elbow,1,2,3,5,26,79,6,0,5,1,-163.2636913508779,157.4568660637706,32.07205574146485
right_elbow,1,1,1,15,64,28,14,2,1,1,-140.3461792021044,143.9761371754587,28.432231637756303
left_hip,1,3,6,5,84,15,7,4,2,1,-114.10339760418064,126.4103605181063,24.0513758122287
right_hip,2,3,5,11,17,58,13,12,4,3,-95.0979687344147,79.36226999662631,17.44602387310411
left_knee,8,2,10,5,30,46,8,4,6,9,-157.28448710192575,154.8362917156917,31.212077881761743
right_knee,4,6,12,12,40,26,7,9,8,4,-115.76410054726554,119.49188349865032,23.52559840459159
