Joints,0,1,2,3,4,5,6,7,8,9,Min,Max,Step
left_shoulder,1,1,0,0,6,111,7,0,0,2,-139.18704198379666,114.15394890538806,25.334099088918464
right_shoulder,2,3,10,104,8,0,0,0,0,1,-79.47942712268834,156.32920944598854,23.58086365686769
left_elbow,2,2,0,4,41,71,4,0,2,2,-148.82827893374784,145.73646553316172,29.45647444669096
right_elbow,1,2,6,6,75,22,11,3,1,1,-100.8766277842396,105.64847442368256,20.652510220792223
left_hip,3,12,2,8,74,13,2,7,4,3,-78.12493180279645,89.66976647851398,16.77946982813104
right_hip,4,3,4,10,28,54,16,3,3,3,-88.10752931463742,84.89824753027239,17.300577684490975
left_knee,6,6,5,7,27,49,16,2,2,8,-159.5986948621145,154.45044642658306,31.404914128869763
right_knee,1,5,4,8,14,58,14,8,11,5,-137.188905568425,106.02891895304614,24.32178245214712
