Joints,0,1,2,3,4,5,6,7,8,9,Min,Max,Step
left_shoulder,116,5,3,2,1,0,0,0,0,1,15.394758643800227,140.0043232081072,12.460956456430697
right_shoulder,83,24,16,2,0,0,0,0,2,1,8.636408691880437,179.15764062743688,17.052123193555644
left_elbow,2,1,3,0,0,2,5,0,13,102,26.14564682342936,175.16818268210739,14.902253585867804
right_elbow,1,0,5,0,0,2,29,0,71,20,12.722700553103694,176.02790802291756,16.330520746981385
left_hip,2,3,9,3,14,80,11,4,0,2,6.634911824782733,172.66651015206543,16.60315983272827
right_hip,1,5,5,2,27,41,26,20,0,1,11.28336040370139,174.1432884573708,16.28599280536694
left_knee,10,25,12,10,8,19,1,2,3,38,0.0,177.98727217286122,17.79872721728612
right_knee,3,11,15,19,30,9,0,28,10,3,0.0,175.30283142386656,17.530283142386658
