Joints,0,1,2,3,4,5,6,7,8,9,Min,Max,Step
left_shoulder,117,6,2,1,1,0,0,0,0,1,14.738546047538927,133.2089599319358,11.847041388439687
right_shoulder,110,2,15,0,0,0,0,0,0,1,17.743130356235046,179.5659143014278,16.182278394519276
left_elbow,1,1,1,1,1,1,2,3,12,105,5.351820343530831,177.7334487648822,17.23816284213514
right_elbow,1,0,2,1,0,1,30,0,51,42,12.225814514437495,173.14455928534116,16.091874477090364
left_hip,5,3,5,4,5,90,11,3,0,2,0.0,175.6599432740619,17.56599432740619
right_hip,3,1,6,1,8,63,20,23,2,1,0.0,176.25778790164608,17.62577879016461
left_knee,9,23,11,11,11,26,3,0,5,29,0.0,179.1347279516449,17.913472795164488
right_knee,7,10,13,22,30,10,0,22,10,4,0.0,177.111407900971,17.711140790097097
