Joints,0,1,2,3,4,5,6,7,8,9,Min,Max,Step
left_shoulder,23,80,17,1,1,1,2,0,0,3,13.303716524595671,59.112103591251135,4.580838706665546
right_shoulder,1,0,0,27,68,10,11,0,0,11,0.0,54.00227911270286,5.400227911270286
left_elbow,4,0,0,0,1,3,0,1,71,48,49.66975567282315,179.81367824194942,13.014392256912622
right_elbow,1,0,0,3,0,1,29,0,67,27,0.0,176.75802817392483,17.675802817392483
left_hip,2,2,6,3,1,61,42,5,4,2,2.2863401508843904,161.58447708050969,15.929813692962528
right_hip,2,2,3,1,1,20,56,9,15,19,15.905012326179236,140.5860004439877,12.468098811780845
left_knee,7,32,15,7,10,22,1,1,3,30,0.0,178.15380981332768,17.81538098133277
right_knee,5,8,14,28,28,13,0,18,9,5,0.0,178.22520861283348,17.822520861283348
