Joints,0,1,2,3,4,5,6,7,8,9,Min,Max,Step
left_shoulder,106,14,3,3,1,0,0,0,0,1,8.950909812226621,148.5558320888644,13.960492227663776
right_shoulder,88,21,18,0,0,0,0,0,0,1,10.112575794276779,179.5664931547187,16.945391736044193
left_elbow,1,0,1,4,0,1,4,2,5,110,6.050639330731351,175.1328187262325,16.908217939550116
right_elbow,1,0,1,2,1,0,34,1,33,55,14.350039652102273,171.61922694144903,15.726918728934672
left_hip,5,2,7,2,1,78,21,4,6,2,0.0,172.54503183628327,17.254503183628326
right_hip,3,0,4,7,5,8,48,16,22,15,0.0,145.1516395991995,14.515163959919951
left_knee,13,27,13,8,11,20,2,1,7,26,0.0,179.54215516931404,17.954215516931406
right_knee,3,13,16,25,25,9,0,20,15,2,2.0513753769095118,173.1096798206726,17.10583044437631
