Joints,0,1,2,3,4,5,6,7,8,9,Min,Max,Step
left_shoulder,108,9,5,2,0,0,0,0,2,2,9.362161931679292,148.54920391547594,13.918704198379668
right_shoulder,107,1,17,0,1,0,0,0,0,2,18.594893052618467,177.0754743651573,15.848058131253886
left_elbow,3,1,2,0,0,0,4,0,6,112,17.961573899892098,173.14105134533622,15.517947744544411
right_elbow,5,0,1,2,0,31,0,0,74,15,52.882740762804225,171.60191803922004,11.87191772764158
left_hip,1,3,14,2,11,81,11,1,3,1,2.1934366384527224,175.6169580938261,17.34235214553734
right_hip,1,1,6,5,19,55,22,17,1,1,7.090392289544098,174.58218543390132,16.74917931443572
left_knee,10,25,14,13,12,18,1,3,4,28,0.0,178.55322853136985,17.855322853136986
right_knee,1,11,18,23,29,11,0,21,12,2,0.3666141741135271,175.0439803517755,17.4677366177662
