Joints,0,1,2,3,4,5,6,7,8,9,Min,Max,Step
left_shoulder,114,8,3,2,0,0,0,0,0,1,15.217145314243753,139.98868273819974,12.477153742395599
right_shoulder,68,42,17,0,0,0,0,0,0,1,7.432727614274976,179.56507209683997,17.2132344482565
left_elbow,1,3,2,0,0,3,2,0,24,93,29.812395564740477,177.30919581715438,14.749680025241389
right_elbow,2,0,4,0,0,0,34,0,78,10,12.246303321836074,177.47339208287465,16.522708876103856
left_hip,1,7,7,1,23,77,9,0,1,2,11.32224631592155,175.3464449161125,16.402419860019094
right_hip,2,1,6,3,2,6,50,18,22,18,7.437307268030362,140.17015126020294,13.273284399217257
left_knee,10,28,13,9,9,20,3,1,3,32,0.0,178.15974549759892,17.815974549759893
right_knee,4,12,16,18,29,14,0,14,19,2,0.0,173.1215888216813,17.31215888216813
