Joints,0,1,2,3,4,5,6,7,8,9,Min,Max,Step
left_shoulder,115,6,2,3,0,0,1,0,0,1,14.355292580271904,136.30722547733058,12.195193289705866
right_shoulder,89,21,16,1,0,0,0,0,0,1,10.104550612279573,179.56564253258946,16.94610919203099
left_elbow,1,4,1,0,2,4,1,2,35,78,33.121759208651426,177.74073745631267,14.461897824766126
right_elbow,2,1,5,0,0,0,32,1,44,43,12.233698551669107,173.1339436732811,16.0900245121612
left_hip,1,3,8,2,20,75,10,5,1,3,9.093312217797848,173.46471570066623,16.43714034828684
right_hip,2,5,5,3,56,22,23,11,0,1,19.274198358207578,180.0,16.072580164179243
left_knee,13,26,15,9,10,19,2,0,4,30,0.0,178.86061976812337,17.886061976812336
right_knee,6,13,10,21,26,16,0,12,22,2,0.0,173.15581550805186,17.315581550805184
