Joints,0,1,2,3,4,5,6,7,8,9,Min,Max,Step
left_shoulder,110,0,9,0,0,0,2,0,4,2,0.0,107.81455430787723,10.781455430787723
right_shoulder,101,0,18,0,0,0,5,1,0,2,0.0,115.63576137121193,11.563576137121192
left_elbow,117,0,0,0,3,1,0,0,0,6,0.0,105.09162513567028,10.509162513567029
right_elbow,115,2,0,4,2,0,2,0,0,2,0.0,111.6192401975435,11.16192401975435
left_hip,118,7,0,0,0,0,0,0,0,2,0.0,113.29710897705891,11.32971089770589
right_hip,115,9,1,0,0,0,0,0,0,2,0.0,119.51243360684052,11.951243360684051
left_knee,78,30,13,3,1,0,0,0,1,1,0.0,139.95228621558013,13.995228621558013
right_knee,79,40,6,0,0,0,0,0,0,2,0.0,137.87076627746626,13.787076627746625
