Joints,0,1,2,3,4,5,6,7,8,9,Min,Max,Step
left_shoulder,101,6,5,0,3,2,0,2,3,5,0.0,150.85820605849423,15.085820605849424
right_shoulder,94,18,0,2,1,4,1,0,4,3,0.0,182.2389594255333,18.22389594255333
left_elbow,110,1,2,0,0,0,2,4,2,6,0.0,148.69302359563585,14.869302359563585
right_elbow,108,2,4,1,0,4,2,1,1,4,0.0,148.4448427832044,14.84448427832044
left_hip,112,3,2,0,0,0,0,2,4,4,0.0,164.5846356552839,16.45846356552839
right_hip,102,15,0,0,0,0,2,2,2,4,0.0,167.1814743646555,16.71814743646555
left_knee,71,37,9,0,0,0,0,3,2,5,0.0,173.21659443753728,17.321659443753727
right_knee,80,32,3,2,0,1,1,0,2,6,0.0,159.25694347032996,15.925694347032996
