Joints,0,1,2,3,4,5,6,7,8,9,Min,Max,Step
left_shoulder,106,1,9,0,0,4,0,2,3,2,0.052463704990046565,124.94143555429598,12.488897184930593
right_shoulder,97,18,0,1,2,3,2,2,0,2,0.052077402643957514,151.74360715842639,15.169152975578243
left_elbow,114,0,0,2,0,0,2,4,2,3,0.09008555551412713,121.92838953459595,12.183830397908183
right_elbow,111,0,0,4,1,1,5,1,0,4,0.04612377391620162,111.97321032408294,11.192708655016673
left_hip,111,6,4,1,0,0,0,0,3,2,0.08754071545391444,130.55696798040765,13.046942726495374
right_hip,105,14,2,1,0,0,0,1,1,3,0.08577919733695791,131.7076348008452,13.162185560350824
left_knee,81,28,10,3,0,0,1,2,1,1,0.0587313645341795,163.99295623482703,16.393422487029287
right_knee,83,27,11,0,1,0,1,0,0,4,0.021634170287446363,138.7118090780083,13.869017490772084
