Joints,0,1,2,3,4,5,6,7,8,9,Min,Max,Step
left_shoulder,110,0,1,10,0,0,0,4,0,2,0.0,94.9284861743857,9.49284861743857
right_shoulder,94,0,20,7,0,0,2,1,1,2,0.0,99.81054255173136,9.981054255173136
left_elbow,119,0,0,0,2,0,0,0,0,6,0.0,96.66125493408137,9.666125493408137
right_elbow,119,0,0,0,0,2,0,0,0,6,0.0,82.83513838567862,8.283513838567861
left_hip,86,20,10,3,0,4,0,0,1,3,0.0,37.43656521780606,3.7436565217806064
right_hip,62,23,11,6,4,2,0,1,14,4,0.0,26.54081407932853,2.654081407932853
left_knee,67,6,5,11,17,7,4,6,3,1,0.0,62.880612977185784,6.288061297718579
right_knee,73,10,7,8,17,7,0,2,1,2,0.0,59.075948140712,5.9075948140712
