Joints,0,1,2,3,4,5,6,7,8,9,Min,Max,Step
left_shoulder,113,0,0,8,0,0,0,2,2,2,0.06363462532054245,88.01550189449854,8.7951867269178
right_shoulder,108,0,6,7,0,0,0,4,0,2,0.09490024851087456,99.76456740877674,9.966966716026587
left_elbow,119,0,0,0,3,1,0,0,0,4,0.0882963330251256,105.46844967121727,10.538015333819214
right_elbow,117,0,2,0,0,4,2,0,0,2,0.04431343862635053,77.05169724498347,7.700738380635713
left_hip,90,20,11,0,0,4,0,0,0,2,0.2134477953710744,37.91039405439675,3.7696946259025674
right_hip,69,21,12,10,3,1,1,0,6,4,0.13354041254948965,25.504807615985648,2.5371267203436156
left_knee,69,10,7,5,16,9,5,1,4,1,0.08996752448777688,53.16038759360354,5.307042006911576
right_knee,68,13,5,5,9,13,9,3,0,2,0.01875567747625929,45.37603273589387,4.5357277058417615
