Joints,0,1,2,3,4,5,6,7,8,9,Min,Max,Step
left_shoulder,110,9,0,0,0,0,4,0,1,3,0.0,163.37805107001256,16.337805107001255
right_shoulder,97,22,0,0,0,1,2,1,2,2,0.0,193.5040119158921,19.35040119158921
left_elbow,117,0,2,0,0,0,2,2,0,4,0.0,160.07557832067536,16.007557832067537
right_elbow,113,0,6,0,0,0,4,2,0,2,0.0,168.79793336012474,16.879793336012476
left_hip,115,4,0,0,0,0,1,1,2,4,0.0,155.64542210053503,15.564542210053503
right_hip,110,9,0,0,0,0,0,4,0,4,0.0,157.52330257891262,15.752330257891263
left_knee,84,31,2,2,0,0,1,1,2,4,0.0,157.46911504933956,15.746911504933957
right_knee,89,30,0,0,0,0,0,2,2,4,0.0,149.28807122006913,14.928807122006912
