Joints,0,1,2,3,4,5,6,7,8,9,Min,Max,Step
left_shoulder,110,12,0,2,1,0,0,0,0,2,0.0,194.3754746999309,19.43754746999309
right_shoulder,99,23,0,2,1,0,1,0,0,1,0.0,203.14514376640668,20.314514376640666
left_elbow,120,0,2,0,1,2,0,0,0,2,0.0,195.7851293790375,19.57851293790375
right_elbow,120,0,2,1,2,0,1,0,0,1,0.0,192.93899332985146,19.293899332985145
left_hip,118,7,0,0,0,0,0,0,0,2,0.0,182.89771094669723,18.289771094669725
right_hip,112,13,0,0,0,0,0,0,0,2,0.0,144.66324871426718,14.466324871426718
left_knee,79,34,10,2,0,0,0,1,0,1,0.0,175.78259099498382,17.578259099498382
right_knee,91,33,0,1,0,0,0,1,0,1,0.0,167.22899020093897,16.722899020093898
