Joints,0,1,2,3,4,5,6,7,8,9,Min,Max,Step
left_shoulder,106,0,11,0,0,4,4,0,0,2,0.0,139.7059558743412,13.970595587434122
right_shoulder,95,22,2,0,4,0,2,0,0,2,0.0,155.99363082385054,15.599363082385054
left_elbow,115,0,0,1,1,0,0,2,4,4,0.0,108.77033180482668,10.877033180482668
right_elbow,113,2,6,0,0,4,0,0,0,2,0.0,149.7960993795297,14.979609937952969
left_hip,115,4,4,0,2,0,0,0,0,2,0.0,133.81530879265878,13.381530879265878
right_hip,107,16,0,2,0,0,0,0,0,2,0.0,139.45965661948568,13.945965661948568
left_knee,74,26,15,7,1,1,1,0,0,2,0.0,136.3797118771586,13.63797118771586
right_knee,80,31,8,5,1,0,0,0,0,2,0.0,139.44533069140138,13.944533069140139
