Joints,0,1,2,3,4,5,6,7,8,9,Min,Max,Step
left_shoulder,107,11,0,0,5,2,0,0,0,2,0.0,164.84644038831908,16.48464403883191
right_shoulder,104,14,0,6,1,0,0,1,0,1,0.0,198.2491721654105,19.82491721654105
left_elbow,116,0,2,0,0,1,6,0,1,1,0.0,153.86353014301355,15.386353014301354
right_elbow,114,0,4,0,4,3,0,0,0,2,0.0,155.24076259416532,15.524076259416532
left_hip,118,5,2,0,0,0,0,0,1,1,0.0,150.76265701614216,15.076265701614215
right_hip,110,15,0,0,0,0,0,0,0,2,0.0,151.65275371318018,15.165275371318018
left_knee,74,39,5,6,1,0,0,0,0,2,0.0,154.6340580481367,15.46340580481367
right_knee,81,29,11,3,1,0,0,0,0,2,0.0,131.686008305917,13.1686008305917
