Joints,0,1,2,3,4,5,6,7,8,9,Min,Max,Step
left_shoulder,1,1,0,178,59,0,0,0,0,1,-58.396926562094144,93.58899113504937,15.198591769714348
right_shoulder,1,1,1,4,22,138,63,8,0,2,-26.97976679130229,20.2821033999488,4.72618701912511
left_elbow,1,0,2,2,101,130,2,0,0,2,-112.24475835890527,111.78339548134035,22.402815384024564
right_elbow,6,1,2,70,152,2,2,2,2,1,-102.70885755940547,150.05149327001683,25.27603508294223
left_hip,1,0,1,2,5,39,112,65,13,2,-38.230120615625175,19.036049452802327,5.726617006842751
right_hip,2,0,3,5,54,139,30,3,1,3,-36.5260683037227,32.266139759649356,6.879220806337205
left_knee,3,0,3,9,183,34,4,1,2,1,-91.8984582960491,101.79346183457727,19.36919201306263
right_knee,2,1,5,16,201,10,3,0,0,2,-107.26997463201351,133.46578955055978,24.073576418257332
