Joints,0,1,2,3,4,5,6,7,8,9,Min,Max,Step
left_shoulder,226,9,0,0,0,0,0,0,0,4,0.04658364357147298,33.25421092748525,3.320762728391378
right_shoulder,211,23,1,0,0,0,0,0,0,4,0.07284865074692391,31.350470546586934,3.127762189584001
left_elbow,221,11,1,0,1,1,0,0,0,4,0.05429403339212592,53.1702492917495,5.311595525835737
right_elbow,222,11,4,0,0,0,0,0,0,2,0.07570491152142457,56.8596866810902,5.678398176956877
left_hip,183,42,9,3,0,0,0,0,0,2,0.012129000173502992,22.038948485127506,2.2026819484954006
right_hip,158,58,17,4,0,0,0,0,0,2,0.031552342300552906,18.687502562252,1.8655950219951447
left_knee,114,80,18,9,8,4,0,1,3,2,0.045326373529143836,20.400891571014053,2.035556519748491
right_knee,161,43,17,4,6,5,0,1,1,1,0.0769853679282478,27.357229955340905,2.728024458741266
