Joints,0,1,2,3,4,5,6,7,8,9,Min,Max,Step
left_shoulder,230,7,0,0,0,0,0,0,0,2,0.05397844887238053,32.60329435505521,3.254931590618283
right_shoulder,214,21,2,0,0,0,0,0,0,2,0.04434617056786118,31.293204086519648,3.1248857915951787
left_elbow,220,13,0,0,1,1,0,0,0,4,0.061983541409719664,52.920617735527856,5.285863419411814
right_elbow,221,12,1,1,0,0,0,0,1,3,0.08945037408621774,57.741153034894296,5.7651702660808075
left_hip,184,42,9,2,0,0,0,0,0,2,0.05293184853115263,22.035824848836146,2.1982893000304995
right_hip,164,59,9,4,0,1,0,0,0,2,0.07753918026787872,18.56613611560247,1.8488596935334587
left_knee,116,65,25,17,4,6,0,3,1,2,0.04479982807460247,21.237916446729837,2.1193116618655234
right_knee,166,50,10,7,4,0,0,0,1,1,0.05136764312222974,32.13273039688898,3.2081362753766753
