Joints,0,1,2,3,4,5,6,7,8,9,Min,Max,Step
left_shoulder,229,8,0,0,0,0,0,0,0,2,0.03923797904112298,33.35914429078753,3.331990631174641
right_shoulder,214,21,2,0,0,0,0,0,0,2,0.03110101415046073,31.68113871800934,3.165003770385888
left_elbow,220,15,0,0,1,1,0,0,0,2,0.014494470229524424,52.29575726378899,5.228126279355947
right_elbow,227,8,2,0,0,0,0,0,0,2,0.06578011580019502,57.849026627394025,5.778324651159383
left_hip,184,44,6,3,0,0,0,0,0,2,0.067011772218003,21.893452290890217,2.1826440518672214
right_hip,162,61,12,1,1,0,0,0,0,2,0.045071169785214936,19.341112529609997,1.9296041359824785
left_knee,117,71,21,14,4,3,3,2,2,2,0.06347399853149775,22.289915046728158,2.2226441048196657
right_knee,157,47,13,7,6,5,1,0,2,1,0.015148627303608119,27.49451546983573,2.747936684253212
