Joints,0,1,2,3,4,5,6,7,8,9,Min,Max,Step
left_shoulder,1,0,2,10,34,77,9,2,1,1,-97.08145048800516,95.37623378230872,19.245768427031393
right_shoulder,1,0,3,7,25,92,6,2,0,1,-137.0932941478845,134.32673556192424,27.142002970980883
left_elbow,1,5,5,14,85,16,5,2,2,2,-132.0140246570302,155.71693867705358,28.773096333408375
right_elbow,5,4,9,18,58,20,7,6,6,4,-148.36884952491832,157.2556685006756,30.562451802559394
left_hip,2,2,2,11,89,21,6,0,3,1,-118.7146363210603,131.34819293230655,25.00628292533669
right_hip,3,4,6,8,73,26,6,4,5,2,-116.29110490373051,119.47685538659272,23.576796029032323
left_knee,5,5,0,6,21,80,9,6,2,3,-176.3033932351316,170.35967018221697,34.66630634173484
right_knee,4,4,6,9,74,21,6,5,3,5,-169.55682079128857,174.2218644991082,34.37786852903966
