Joints,0,1,2,3,4,5,6,7,8,9,Min,Max,Step
left_shoulder,40,42,27,11,9,2,3,1,0,2,0.1150392907169132,159.69882436355468,15.958378507283777
right_shoulder,62,37,21,11,2,2,0,0,0,2,0.23925698462929684,164.42554490649985,16.418628792187057
left_elbow,5,2,7,10,15,30,24,17,10,17,1.4920858455351946,179.99999487735812,17.850790903182293
right_elbow,10,5,6,6,9,12,23,19,16,31,3.9379508894131536,177.6528331219421,17.371488223252896
left_hip,6,3,9,26,49,26,3,10,1,4,4.537984188114469,179.70811549329414,17.517013130517967
right_hip,7,3,8,12,41,43,12,6,2,3,8.775597717100213,175.74201402506782,16.696641630796762
left_knee,14,11,4,4,5,6,6,13,16,58,0.0,180.0,18.0
right_knee,16,5,6,5,3,6,13,3,16,64,0.1455988025316636,179.99998543571263,17.9854386633181
