Joints,0,1,2,3,4,5,6,7,8,9,Min,Max,Step
left_shoulder,12,26,33,19,14,8,8,10,4,3,0.481015207001034,86.61675230302586,8.613573709602482
right_shoulder,51,44,19,13,5,2,1,0,1,1,0.07148649755986962,149.2466083543863,14.917512185682643
left_elbow,4,4,4,5,33,32,12,10,16,17,7.8437231360651625,178.619689863137,17.077596672707184
right_elbow,3,2,5,3,2,16,16,24,33,33,0.0,179.75740966075264,17.975740966075264
left_hip,1,3,8,16,66,29,4,5,2,3,15.94567197958647,166.81825016677303,15.087257818718657
right_hip,5,1,3,6,15,49,44,9,2,3,13.822512274345346,154.5550184816575,14.073250620731216
left_knee,6,7,2,5,4,6,7,6,18,76,0.0,180.0,18.0
right_knee,3,3,5,4,8,9,3,3,23,76,0.0,180.0,18.0
