Joints,0,1,2,3,4,5,6,7,8,9,Min,Max,Step
left_shoulder,44,42,27,7,13,1,1,1,0,1,1.3923464645154504,150.51941899079554,14.912707252628012
right_shoulder,57,44,17,8,4,2,2,0,1,2,0.19361934483233587,180.0,17.980638065516764
left_elbow,5,8,6,6,15,34,19,9,21,14,6.307450495182349,180.0,17.369254950481768
right_elbow,5,4,7,4,11,5,18,22,33,28,0.0,179.99993746435862,17.999993746435862
left_hip,3,2,4,22,55,33,7,4,5,2,0.0,180.0,18.0
right_hip,3,4,4,8,24,67,17,2,4,4,0.0,173.7294504360307,17.37294504360307
left_knee,8,4,4,6,6,6,3,14,23,63,0.0,180.0,18.0
right_knee,7,5,3,6,9,6,4,12,29,56,0.0,179.87228553106883,17.98722855310688
