Joints,0,1,2,3,4,5,6,7,8,9,Min,Max,Step
left_shoulder,9,18,40,12,17,14,8,10,5,4,0.1685852087055645,78.5265619863395,7.835797677763394
right_shoulder,45,38,16,13,11,7,4,2,0,1,0.0,101.62776531676943,10.162776531676943
left_elbow,2,0,1,3,14,48,18,11,18,22,1.2504736688560671,178.8714424626165,17.762096879376042
right_elbow,1,0,1,2,1,11,27,34,27,33,8.745350297218403,180.0,17.12546497027816
left_hip,5,12,17,67,21,9,2,3,0,1,36.61925490731986,170.13629986626373,13.351704495894388
right_hip,1,3,2,7,37,66,14,5,1,1,19.876607611485188,166.01435039903697,14.613774278755177
left_knee,7,2,1,5,2,4,7,11,19,79,0.0,179.7706149609087,17.97706149609087
right_knee,6,0,1,0,5,3,8,9,31,74,0.3132897860593631,179.86299415929835,17.9549704373239
