Joints,0,1,2,3,4,5,6,7,8,9,Min,Max,Step
left_shoulder,10,38,23,23,19,9,4,7,3,1,1.1039255160372334,89.97776008589813,8.88738345698609
right_shoulder,44,42,17,9,9,9,5,1,0,1,0.0,97.91868947599579,9.791868947599578
left_elbow,2,0,0,2,19,46,16,15,20,17,1.3936744842350957,179.84332700527446,17.844965252103936
right_elbow,4,3,6,1,4,14,22,30,30,23,19.82800825222949,179.99999275549038,16.017198450326088
left_hip,1,5,7,31,64,19,3,2,1,4,20.829973739929965,168.69477844463984,14.786480470470988
right_hip,5,1,3,4,15,79,25,2,1,2,0.4996949228423071,174.60847378303035,17.410877886018802
left_knee,9,3,1,4,1,5,10,6,19,79,0.0,179.9999991462264,17.99999991462264
right_knee,7,1,1,2,6,5,6,15,23,71,1.7723641007192232,179.95712762331314,17.818476352259392
