Joints,0,1,2,3,4,5,6,7,8,9,Min,Max,Step
left_shoulder,1,1,0,4,7,46,6,5,2,2,-143.14734150063978,113.41448590567154,25.656182740631124
right_shoulder,2,3,2,4,40,16,1,2,1,3,-50.325967704747114,54.36194698630538,10.468791469105248
left_elbow,3,2,9,10,37,5,3,3,1,1,-113.9076142402302,156.59242236022098,27.05000366004512
right_elbow,1,2,3,5,8,34,7,8,5,1,-130.6464897786985,102.93306360891023,23.357955338760874
left_hip,1,0,2,8,36,16,9,0,0,2,-86.24597191112326,87.6815067610322,17.392747867215547
right_hip,1,3,1,8,9,38,9,2,1,2,-128.33230326232132,123.76190822387971,25.209421148620095
left_knee,1,0,4,5,1,12,35,5,2,9,-130.55585864621978,80.74778150236033,21.130364014858003
right_knee,4,3,6,3,7,38,4,2,0,7,-118.43834377847891,114.92613228050207,23.3364476058981
