Joints,0,1,2,3,4,5,6,7,8,9,Min,Max,Step
left_shoulder,1,0,1,3,9,48,5,4,2,1,-145.28317987528226,121.92563045895564,26.720881033423794
right_shoulder,2,2,3,6,41,13,1,3,1,2,-50.73509507502321,56.59627026766344,10.733136534268667
left_elbow,3,3,8,10,36,4,5,2,2,1,-105.15920926057476,143.94961119466512,24.91088204552399
right_elbow,1,2,1,4,8,36,8,11,1,2,-139.46346869178998,103.13891523803993,24.260238392982984
left_hip,1,3,0,9,36,16,5,0,1,3,-86.25489037331097,87.68502835192413,17.3939918725235
right_hip,1,2,1,8,15,35,8,1,1,2,-128.22843484377552,126.3256013597832,25.455403620355867
left_knee,1,3,6,2,44,7,2,8,0,1,-130.40758126645272,141.23205025013985,27.16396315165926
right_knee,6,2,4,0,40,7,6,1,2,6,-109.4416158990843,114.97168354757237,22.441329944665668
