Joints,0,1,2,3,4,5,6,7,8,9,Min,Max,Step
left_shoulder,1,1,1,3,7,47,5,5,2,2,-143.15448824268262,113.56643282441843,25.672092106710096
right_shoulder,2,3,3,3,33,22,2,3,1,2,-51.80070763685409,55.35317291584401,10.715388055269806
left_elbow,3,0,10,10,37,4,6,2,1,1,-116.9785917409098,156.58793710676986,27.356652884767968
right_elbow,1,3,5,6,11,34,5,5,2,2,-127.50428874235605,122.160871345827,24.966516008818303
left_hip,1,1,1,8,37,16,8,0,0,2,-87.32258528382398,88.75004844265604,17.607263372648006
right_hip,1,3,1,8,14,33,10,1,1,2,-128.3113480734305,126.41918107128711,25.473052914471765
left_knee,1,0,4,4,2,10,41,1,1,10,-130.27412715577273,80.54610723087737,21.082023438665004
right_knee,5,2,7,3,38,5,4,3,3,4,-113.81454800350409,119.93518498618059,23.37497329896847
