Joints,0,1,2,3,4,5,6,7,8,9,Min,Max,Step
left_shoulder,1,1,1,4,6,46,5,5,3,2,-145.41742123306756,113.70318310461944,25.9120604337687
right_shoulder,3,4,2,12,43,5,0,2,1,2,-40.37998125166864,55.94491685527247,9.63248981069411
left_elbow,3,1,11,8,36,5,5,2,2,1,-114.10738124211115,151.2897172714246,26.539709851353578
right_elbow,1,2,3,9,6,37,5,7,2,2,-136.19967463228727,119.83085109609254,25.60305257283798
left_hip,1,1,2,8,36,17,6,0,0,3,-87.32628089557717,88.7400278554751,17.606630875105225
right_hip,1,2,2,8,8,41,7,1,2,2,-128.2795827046083,124.73319908587378,25.30127817904821
left_knee,2,0,7,3,33,18,1,8,0,2,-134.52207873573423,137.92933827048532,27.245141700621957
right_knee,5,2,4,2,41,6,5,3,1,5,-113.93275521237328,116.13005774635195,23.006281295872526
