Joints,0,1,2,3,4,5,6,7,8,9,Min,Max,Step
left_shoulder,1,1,1,2,8,47,5,5,2,2,-143.15204418142844,113.73730393828451,25.688934811971293
right_shoulder,2,2,4,4,34,21,1,3,0,3,-49.99447065626667,52.72990921688832,10.272437987315499
left_elbow,3,1,10,10,38,3,5,2,1,1,-114.15040046166078,156.5926031019515,27.074300356361235
right_elbow,2,2,4,8,11,32,4,9,0,2,-124.30448839785451,119.80262643199237,24.410711482984695
left_hip,1,1,3,8,30,21,7,0,0,3,-87.32525482271869,88.73725060215212,17.606250542487075
right_hip,1,3,2,8,17,29,8,2,2,2,-128.2454050989366,126.71080657235856,25.495621167129514
left_knee,1,2,7,3,19,28,4,7,2,1,-127.03786805968046,123.40778849929785,25.04456565589784
right_knee,4,4,6,2,31,12,5,2,2,6,-114.82272512174507,116.04548596728534,23.086821108903038
