Joints,0,1,2,3,4,5,6,7,8,9,Min,Max,Step
left_shoulder,4,10,0,32,3,15,7,0,0,3,2.422881454280939,172.02559591703547,16.960271446275453
right_shoulder,12,12,4,7,1,0,4,23,9,2,2.8848469922913145,71.06016184060336,6.817531484831204
left_elbow,1,0,2,11,9,2,12,28,2,7,10.88952800164752,174.4315510534934,16.35420230518459
right_elbow,2,4,0,2,12,4,25,18,2,5,1.3062396221391108,172.31584161803346,17.100960199589434
left_hip,3,0,0,0,0,21,9,5,20,16,37.57174126599842,127.79688361735724,9.02251423513588
right_hip,2,2,3,0,0,0,30,0,5,32,8.580668780315126,138.11513248808222,12.953446370776707
left_knee,8,0,0,3,16,24,0,1,3,19,28.457173726997066,179.0158639821521,15.055869025515502
right_knee,4,0,1,22,7,6,15,0,4,15,0.0,180.0,18.0
