Joints,0,1,2,3,4,5,6,7,8,9,Min,Max,Step
left_shoulder,3,9,0,34,3,18,4,0,0,3,2.4227006684076025,172.02550256538123,16.960280189697365
right_shoulder,13,10,4,5,1,0,5,23,11,2,3.565024722716549,71.02704487708235,6.74620201543658
left_elbow,1,0,3,11,9,1,19,21,2,7,10.893060607920637,177.40552380082053,16.65124631928999
right_elbow,2,3,0,3,12,4,19,23,5,3,1.3058484035493474,170.40735897337132,16.910151056982198
left_hip,2,0,0,0,0,18,15,2,23,14,38.63911682035421,126.86756851494059,8.822845169458638
right_hip,2,2,3,0,0,0,33,0,7,27,8.588900470113776,138.03980969555917,12.945090922544539
left_knee,7,0,0,3,15,23,0,1,6,19,28.802196168878353,180.0,15.119780383112165
right_knee,4,0,0,20,4,9,14,0,4,19,0.0,180.0,18.0
