Joints,0,1,2,3,4,5,6,7,8,9,Min,Max,Step
left_shoulder,3,9,0,34,3,18,4,0,0,3,2.4224896503851605,172.02553374711974,16.96030440967346
right_shoulder,13,10,5,6,0,0,7,20,9,4,3.5641135667743953,70.99462217058557,6.743050860381118
left_elbow,1,0,2,12,9,1,15,26,2,6,10.889739707437155,177.4088431508781,16.651910344344095
right_elbow,1,4,1,2,11,3,29,15,5,3,1.3060395477031321,177.27339164025048,17.596735209254735
left_hip,2,0,0,0,1,17,14,3,23,14,37.57723383871408,127.77754170503755,9.020030786632347
right_hip,2,1,4,0,0,0,32,0,6,29,8.112882254302171,138.04879278571715,12.993591053141497
left_knee,8,0,0,2,16,25,0,0,3,20,26.61015816938023,179.01702614259895,15.240686797321867
right_knee,2,0,2,20,8,8,13,0,4,17,0.0,180.0,18.0
