Joints,0,1,2,3,4,5,6,7,8,9,Min,Max,Step
left_shoulder,57,0,0,0,0,0,0,0,7,9,0.10310311378706083,108.99775707135807,10.889465395757101
right_shoulder,56,0,1,0,0,0,0,0,0,16,0.09245856363283417,98.79249764892809,9.870003908529526
left_elbow,48,1,3,1,4,0,0,2,1,13,0.10709933496132057,115.00254350949244,11.489544417453113
right_elbow,52,0,2,3,0,4,6,2,0,4,0.07488952891407047,173.267182281315,17.319229275240094
left_hip,57,0,0,0,0,0,0,0,8,8,0.09560603939427713,76.39920871530033,7.630360267590605
right_hip,57,0,0,0,0,0,0,0,3,13,0.11144195768532847,88.89656367068446,8.878512171299914
left_knee,48,3,1,0,0,1,7,9,1,3,0.17827021930886203,101.79259541945291,10.161432520014404
right_knee,45,3,1,0,1,9,0,0,6,8,0.019899520299391755,127.16601049660105,12.714611097630165
