Joints,0,1,2,3,4,5,6,7,8,9,Min,Max,Step
left_shoulder,54,1,0,0,0,0,0,0,7,11,0.15998468281026773,109.52173055608299,10.936174587327272
right_shoulder,55,0,0,0,0,0,0,0,0,18,0.07559223198125417,98.43403440262102,9.835844217063975
left_elbow,46,1,4,1,3,0,0,3,0,15,0.213771898487504,114.6808543463131,11.44670824478256
right_elbow,50,0,2,3,0,3,11,0,0,4,0.16071810100285322,172.95206513122918,17.27913470302263
left_hip,55,0,0,0,0,0,0,0,7,11,0.08011894232522045,76.06377432245485,7.598365538012963
right_hip,55,0,0,0,0,0,0,0,3,15,0.13845465413481356,89.27189741276014,8.913344275862531
left_knee,48,3,0,0,0,0,7,12,1,2,0.301995993950904,96.4516808791364,9.61496848851855
right_knee,45,3,0,0,0,7,1,0,4,13,0.1266270264037876,121.23641119620876,12.110978416980497
