Joints,0,1,2,3,4,5,6,7,8,9,Min,Max,Step
left_shoulder,55,0,0,0,0,0,0,0,11,7,0.10487032812466167,109.53797408739031,10.943310375926565
right_shoulder,55,0,0,0,0,0,0,0,0,18,0.19870477236108885,97.88881701460951,9.769011224224844
left_elbow,47,2,2,1,3,0,0,1,1,16,0.16676108503403328,115.30546513056039,11.513870404552636
right_elbow,51,0,2,2,0,3,10,0,0,5,0.20007036776104145,173.26854674376736,17.306847637600633
left_hip,55,0,0,0,0,0,0,0,9,9,0.10052997226587897,76.87051719994004,7.676998722767417
right_hip,55,0,0,0,0,0,0,0,3,15,0.2622495546614729,89.63362897693787,8.93713794222764
left_knee,49,2,0,0,0,0,8,10,0,4,0.2443728115347825,100.34122071784807,10.00968479063133
right_knee,47,2,0,0,0,5,1,0,3,15,0.16575721656849332,120.40222862599563,12.023647140942714
