Joints,0,1,2,3,4,5,6,7,8,9,Min,Max,Step
left_shoulder,53,0,0,0,0,0,0,0,10,10,0.12981493689302634,109.11984891139885,10.899003397450581
right_shoulder,52,0,1,0,0,0,0,0,0,20,0.18878931853717096,98.74709528433132,9.855830596579414
left_elbow,46,3,1,3,0,3,5,11,0,1,0.18572626480769647,149.72052103603522,14.953479477122752
right_elbow,49,0,3,1,0,4,10,1,0,5,0.06550377060744611,174.39146525045624,17.432596147984878
left_hip,53,0,0,0,0,0,0,0,8,12,0.2240058020883533,76.56464521593436,7.634063941384601
right_hip,53,0,0,0,0,0,0,0,3,17,0.2045492084089026,89.14839218009651,8.89438429716876
left_knee,47,3,0,0,0,0,8,14,0,1,0.22636448185466435,97.14588594079882,9.691952145894415
right_knee,44,2,0,0,0,7,1,0,4,15,0.10533363464849692,120.40991317911084,12.030457954446234
