Joints,0,1,2,3,4,5,6,7,8,9,Min,Max,Step
left_shoulder,52,1,0,0,0,0,0,0,10,10,0.12911189268078346,109.81015126190304,10.968103936922226
right_shoulder,52,0,1,0,0,0,0,0,0,20,0.2666415369715101,98.72603184804848,9.845939031107697
left_elbow,43,2,4,1,3,0,0,3,1,16,0.16351574966592908,115.58827377101801,11.542475802135208
right_elbow,48,0,3,2,0,4,10,0,0,6,0.1343707637496841,173.8709849385099,17.373661417476022
left_hip,53,0,0,0,0,0,0,0,8,12,0.062011870812056925,76.13620997872945,7.60741981079174
right_hip,53,0,0,0,0,0,0,0,4,16,0.15541780780765016,89.26067769645223,8.910525988864459
left_knee,46,3,0,0,0,0,7,15,0,2,0.17450034697400468,96.75068173799716,9.657618139102315
right_knee,43,3,0,0,0,7,1,0,5,14,0.09737602679431412,121.15662764692672,12.105925162013241
