Joints,0,1,2,3,4,5,6,7,8,9,Min,Max,Step
left_shoulder,52,1,0,0,0,0,0,0,10,10,0.13579729474449095,109.60186902859027,10.946607173384578
right_shoulder,52,0,1,0,0,0,0,0,0,20,0.1932128790580533,98.55235839027672,9.835914551121867
left_elbow,45,2,2,1,3,0,0,3,1,16,0.09854345357608313,114.93295000284529,11.48344065492692
right_elbow,49,0,3,1,0,4,11,0,0,5,0.05073416113052075,173.91352424034687,17.386279007921637
left_hip,53,0,0,0,0,0,0,0,8,12,0.10683625071268704,76.29091746620081,7.618408121548812
right_hip,53,0,0,0,0,0,0,0,4,16,0.17911522180372372,88.94502877730896,8.876591355550524
left_knee,45,3,1,0,0,0,8,13,0,3,0.29983880232577426,97.30003277809489,9.700019397576911
right_knee,41,4,0,0,1,9,0,0,7,11,0.13322114224811665,126.49352227898424,12.636030113673613
