Joints,0,1,2,3,4,5,6,7,8,9,Min,Max,Step
left_shoulder,52,1,0,0,0,0,0,0,10,10,0.14879384215427735,109.17660208772236,10.902780824556809
right_shoulder,52,0,1,0,0,0,0,0,0,20,0.01681190361769725,97.80172092516987,9.778490902155218
left_elbow,45,2,2,1,3,0,0,3,1,16,0.09041657108415056,115.30041086295854,11.52099942918744
right_elbow,49,0,3,1,0,4,11,0,0,5,0.05272275522924684,174.3270210814861,17.427429832625684
left_hip,53,0,0,0,0,0,0,0,7,13,0.05814713098431009,76.38419991474456,7.632605278376024
right_hip,53,0,0,0,0,0,0,0,2,18,0.11933960187096528,88.78559442278946,8.86662548209185
left_knee,46,3,1,0,0,0,8,13,1,1,0.10070598484666224,97.4949805898682,9.739427460502155
right_knee,42,4,0,0,0,7,1,0,6,13,0.1610828351051796,123.7528625127785,12.359177967767334
