Joints,0,1,2,3,4,5,6,7,8,9,Min,Max,Step
left_shoulder,1,1,3,8,78,124,27,2,0,2,-61.972439194124696,57.12907311052686,11.910151230465154
right_shoulder,6,15,21,50,68,53,26,6,0,1,-14.164651006705412,18.473075225342406,3.2637726232047815
left_elbow,11,6,3,23,120,58,6,7,9,3,-94.67833621016605,106.40216758427245,20.108050379443853
right_elbow,2,7,6,39,116,57,10,2,5,2,-62.8038868392831,71.91907601965427,13.47229628589374
left_hip,2,2,6,15,62,95,51,3,5,5,-27.09198609028361,24.358121851967468,5.145010794225108
right_hip,4,4,14,35,47,75,36,20,7,4,-17.175363622740573,16.507311040663257,3.3682674663403827
left_knee,2,0,1,12,120,98,10,1,1,1,-65.03068200254262,65.93297529045454,13.096365729299713
right_knee,1,2,3,6,15,195,11,5,4,4,-119.26996629687088,98.33682320979744,21.76067895066683
