Joints,0,1,2,3,4,5,6,7,8,9,Min,Max,Step
left_shoulder,1,2,2,13,87,107,27,4,1,2,-62.44235198312353,59.10874583168293,12.155109781480647
right_shoulder,1,3,17,52,84,63,23,2,0,1,-21.502690704666453,25.203827546838887,4.670651825150532
left_elbow,3,8,6,14,95,94,8,8,8,2,-119.05235899230776,121.03907038981222,24.00914293821201
right_elbow,2,1,11,19,101,88,13,4,5,2,-76.27059411978516,78.07718756311672,15.434778168290187
left_hip,1,0,0,1,18,207,17,1,0,1,-83.99279662517907,69.67092215452477,15.36637187797038
right_hip,1,0,0,1,133,110,0,0,0,1,-104.25678972115507,104.72600287694182,20.898279259809684
left_knee,2,0,2,6,72,150,10,1,1,2,-71.07517399139293,65.96464999149246,13.703982398288538
right_knee,2,2,5,8,52,159,6,5,6,1,-119.18957244155888,112.26578716294532,23.145535960450417
