Joints,0,1,2,3,4,5,6,7,8,9,Min,Max,Step
left_shoulder,2,1,2,2,46,142,43,4,1,3,-74.43015884556709,61.03115360148222,13.546131244704931
right_shoulder,2,8,12,30,52,59,51,22,8,2,-16.235227106425697,14.929964779189305,3.116519188561501
left_elbow,6,8,7,20,91,83,12,5,12,2,-98.13176207496277,101.93974145726526,20.007150353222798
right_elbow,1,2,4,13,51,110,51,6,2,6,-71.46153927733245,58.866588989266845,13.032812826659928
left_hip,1,0,4,12,63,106,44,11,4,1,-29.795152330384038,25.606927168953945,5.540207949933798
right_hip,5,5,34,57,92,39,9,4,0,1,-17.17381351846764,24.48745108750118,4.166126460596882
left_knee,3,0,1,7,60,156,13,3,1,2,-72.46860452575866,65.93364306293539,13.840224758869404
right_knee,1,2,6,20,201,7,4,3,1,1,-119.12066840121072,148.62379786005363,26.774446626126434
