Joints,0,1,2,3,4,5,6,7,8,9,Min,Max,Step
left_shoulder,5,1,12,32,54,63,60,14,4,1,14.882311279501295,101.19594844720012,8.631363716769883
right_shoulder,3,11,32,45,57,54,29,11,2,2,39.74488412255037,71.62888155598101,3.188399743343062
left_elbow,16,6,4,26,110,59,19,1,2,3,0.0,167.40096829901532,16.740096829901532
right_elbow,5,7,9,17,57,74,46,23,7,1,7.518583683436142,113.3636965504548,10.584511286701865
left_hip,1,0,0,0,0,27,159,40,12,7,14.665846279101752,135.68811067399193,12.102226439489018
right_hip,17,48,36,63,18,47,15,1,0,1,54.79464790357938,149.65962964868604,9.486498174510665
left_knee,1,0,0,0,0,3,4,14,50,174,14.313532413949853,180.0,16.56864675860502
right_knee,4,2,3,1,14,6,7,9,46,154,3.13769572864734,180.0,17.686230427135264
