Joints,0,1,2,3,4,5,6,7,8,9,Min,Max,Step
left_shoulder,136,69,21,13,2,0,1,2,0,1,0.06848327443881097,20.95548895809637,2.088700568365756
right_shoulder,119,74,29,12,9,0,0,0,1,1,0.20257570773012776,17.56007236457712,1.7357496656846993
left_elbow,171,35,8,1,0,0,0,4,19,7,0.18020143962642912,38.44733320174674,3.82671317621203
right_elbow,45,74,51,31,14,17,7,2,3,1,0.14741587305523896,9.778190453647703,0.9630774580592464
left_hip,64,84,42,22,17,5,7,2,1,1,0.10646878539266186,11.850807141214846,1.1744338355822184
right_hip,89,74,35,21,11,10,2,2,0,1,0.2329101282595572,12.730332628140935,1.2497422499881377
left_knee,77,91,36,25,5,9,0,0,1,1,0.035008613881382045,14.90911500468184,1.487410639080046
right_knee,98,77,31,14,8,9,2,0,3,3,0.2865815484679757,15.657469522456136,1.537088797398816
