Joints,0,1,2,3,4,5,6,7,8,9,Min,Max,Step
left_shoulder,239,4,0,0,0,0,0,0,0,2,0.1317852355453511,125.0795086476288,12.494772341208344
right_shoulder,241,2,0,0,0,0,0,0,0,2,0.1428360176394086,134.50631051916122,13.43634745015218
left_elbow,213,1,29,0,0,0,0,0,0,2,0.12654091069003226,136.3874168519771,13.626087594128705
right_elbow,243,0,0,0,0,0,0,0,0,2,0.03486701163334762,122.66219352346188,12.262732651182853
left_hip,242,1,0,0,0,0,0,0,0,2,0.2369330880693733,98.15107993614029,9.79141468480709
right_hip,242,1,0,0,0,0,0,0,0,2,0.16559670972554713,112.05671788316948,11.189112117344393
left_knee,243,0,0,0,0,0,0,0,0,2,0.04710315274983284,156.24511555723598,15.619801240448615
right_knee,241,2,0,0,0,0,0,0,0,2,0.17561218621918298,145.48718865231027,14.531157646609108
