Joints,0,1,2,3,4,5,6,7,8,9,Min,Max,Step
left_shoulder,46,73,51,33,14,9,9,6,4,1,0.0,155.94120434132333,15.594120434132332
right_shoulder,41,49,127,15,1,1,0,0,4,8,0.6825957539685847,177.09650855625628,17.641391280228767
left_elbow,15,8,14,58,45,34,26,32,7,7,0.0,171.06429219026347,17.106429219026346
right_elbow,9,24,19,23,42,46,11,23,32,17,0.0,175.85381991356465,17.585381991356464
left_hip,19,14,19,15,7,28,76,43,17,8,0.0,180.0,18.0
right_hip,23,24,15,28,26,27,12,6,18,67,0.0,180.0,18.0
left_knee,51,74,63,23,15,3,5,5,5,2,0.0,177.7202884692754,17.77202884692754
right_knee,72,32,45,29,17,11,9,12,7,12,0.0,180.0,18.0
