Joints,0,1,2,3,4,5,6,7,8,9,Min,Max,Step
left_shoulder,48,79,57,26,20,4,5,2,2,3,0.0,169.28307150454867,16.928307150454867
right_shoulder,28,43,75,61,13,15,8,1,0,2,0.0,168.40979953705224,16.840979953705222
left_elbow,36,22,31,38,30,22,14,15,16,22,0.49457498787566,178.79302969981183,17.829845471193615
right_elbow,16,20,35,25,28,7,13,8,34,60,1.6018213462801612e-05,179.78329652371238,17.97832805054989
left_hip,32,15,11,10,19,20,42,34,31,32,0.0,180.0,18.0
right_hip,27,20,15,8,9,28,32,23,19,65,0.0,180.0,18.0
left_knee,66,50,42,17,18,15,12,8,8,10,0.0,180.0,18.0
right_knee,64,42,19,20,21,22,11,20,13,14,0.0,180.0,18.0
