Joints,0,1,2,3,4,5,6,7,8,9,Min,Max,Step
left_shoulder,66,74,31,24,23,7,9,4,4,4,0.0,179.4321803109594,17.94321803109594
right_shoulder,52,41,89,31,11,7,3,3,6,3,0.0,174.96529336553502,17.4965293365535
left_elbow,31,12,26,49,35,22,33,15,13,10,0.0,176.44726895270958,17.644726895270956
right_elbow,12,23,39,38,28,16,17,13,36,24,0.0,179.36631166879138,17.93663116687914
left_hip,41,18,19,20,14,31,35,28,18,22,0.0,180.0,18.0
right_hip,37,16,13,13,15,20,26,20,15,71,0.0,180.0,18.0
left_knee,77,47,36,14,16,15,10,8,13,10,0.0,180.0,18.0
right_knee,92,23,23,14,20,15,16,13,13,17,0.0,180.0,18.0
