Joints,0,1,2,3,4,5,6,7,8,9,Min,Max,Step
left_shoulder,61,78,34,25,15,7,9,8,5,4,0.0,179.99994247313973,17.99999424731397
right_shoulder,48,51,85,26,5,3,6,2,9,11,0.0,177.2728572873164,17.72728572873164
left_elbow,27,13,23,41,46,30,29,21,6,10,0.0,173.55799302426055,17.355799302426057
right_elbow,21,21,37,37,25,14,20,21,28,22,0.0,178.30131716536675,17.830131716536677
left_hip,38,19,22,19,13,28,39,28,18,22,0.0,180.0,18.0
right_hip,30,14,18,17,20,19,16,21,23,68,0.0,180.0,18.0
left_knee,60,55,45,19,9,20,13,9,10,6,0.0,180.0,18.0
right_knee,82,32,37,19,16,11,14,11,13,11,0.0,180.0,18.0
