Joints,0,1,2,3,4,5,6,7,8,9,Min,Max,Step
left_shoulder,76,39,29,32,21,21,10,8,4,5,0.1394329695017021,30.92746033399556,3.0788027364493855
right_shoulder,159,64,13,3,0,0,0,0,3,3,0.20484980307845274,36.49790501590977,3.6293055212831318
left_elbow,65,71,37,31,18,14,3,1,2,3,1.144868481744452,156.31679768662494,15.517192920488046
right_elbow,107,48,43,22,9,5,2,3,4,2,0.23029675369704666,77.63807630789134,7.740777955419429
left_hip,71,62,40,21,13,21,7,4,4,2,0.4975607893486359,145.2572840358488,14.47597232465002
right_hip,80,58,33,22,22,12,9,4,4,1,1.6130748617050883,177.709065454127,17.609599059242193
left_knee,80,59,19,34,36,8,1,4,1,3,0.4346087880728916,237.53195433353383,23.709734554546095
right_knee,49,28,37,44,31,21,19,8,5,3,1.5311834802467372,190.17941097788105,18.86482274976343
