Joints,0,1,2,3,4,5,6,7,8,9,Min,Max,Step
left_shoulder,194,17,9,7,10,2,0,1,1,4,0.0,263.1296952230768,26.31296952230768
right_shoulder,206,5,6,0,6,14,2,2,0,4,0.0,205.71483393661663,20.571483393661662
left_elbow,61,78,42,19,16,19,3,2,3,2,0.0,274.93768012348113,27.493768012348113
right_elbow,114,66,34,14,3,4,1,3,2,4,0.0,190.11138827231807,19.011138827231807
left_hip,61,52,44,38,22,18,8,1,0,1,0.0,275.0925457069677,27.509254570696772
right_hip,28,54,39,39,26,23,14,13,5,4,0.0,193.312524061194,19.3312524061194
left_knee,59,44,35,40,30,17,4,1,10,5,0.0,302.1873690548585,30.218736905485848
right_knee,45,47,55,25,34,17,16,3,2,1,0.0,284.4129760071813,28.441297600718134
