Joints,0,1,2,3,4,5,6,7,8,9,Min,Max,Step
left_shoulder,107,31,17,34,40,10,0,0,2,4,0.0,232.9089447271974,23.29089447271974
right_shoulder,136,5,8,80,6,4,4,0,0,2,0.0,302.03472305299715,30.203472305299716
left_elbow,51,41,26,31,14,17,53,5,2,5,0.0,257.82739064492387,25.782739064492386
right_elbow,100,43,16,13,22,48,2,0,0,1,0.0,315.90803843566584,31.590803843566583
left_hip,55,59,56,37,13,10,7,3,1,4,0.0,254.86564370672662,25.48656437067266
right_hip,59,55,49,45,15,9,4,6,1,2,0.0,285.9518926840426,28.595189268404262
left_knee,42,43,36,22,38,25,18,12,6,3,0.0,272.92141410537363,27.29214141053736
right_knee,42,53,50,35,24,20,12,5,2,2,0.0,308.81803838493374,30.881803838493376
