Joints,0,1,2,3,4,5,6,7,8,9,Min,Max,Step
left_shoulder,110,62,27,25,8,8,3,1,0,1,0.27118962225157217,41.63850300411943,4.136731338186786
right_shoulder,65,60,65,29,12,11,1,1,0,1,0.1950212561715413,11.802804950300887,1.1607783694129346
left_elbow,82,56,37,36,24,5,4,0,0,1,0.8235321490209013,145.7777732657089,14.4954241116688
right_elbow,124,46,27,26,11,7,2,0,0,2,0.35513618686178633,66.30062517155275,6.594548898469097
left_hip,97,52,26,31,12,10,9,1,6,1,1.262888105577551,137.72017958063608,13.645729147505852
right_hip,89,48,28,20,16,21,12,4,2,5,0.5109050914437703,160.1945472176213,15.968364212617754
left_knee,116,41,24,26,19,8,4,1,2,4,0.2816971290365467,260.9672926051786,26.068559547614207
right_knee,75,35,20,37,27,16,12,14,7,2,0.6161926632573043,189.6102131996304,18.89940205363731
