Joints,0,1,2,3,4,5,6,7,8,9,Min,Max,Step
left_shoulder,156,26,15,28,16,0,0,2,1,1,0.24472874768785516,266.8378360305267,26.659310728283884
right_shoulder,164,14,1,1,3,39,18,0,2,3,0.2980680059371997,191.62459572824253,19.132652772230532
left_elbow,64,44,46,17,22,37,11,1,0,3,3.1393573731466544,290.0666251746152,28.692726780146852
right_elbow,105,56,25,14,6,5,7,20,4,3,1.3041807653249171,230.35432593597855,22.90501451706536
left_hip,60,60,45,32,19,18,5,2,2,2,0.346941666275357,251.3918714046138,25.104492973833842
right_hip,42,49,36,34,30,16,13,12,10,3,0.3572762852686626,203.62786827998488,20.327059199471627
left_knee,52,49,34,43,22,27,10,4,1,3,1.675722842821441,316.03949319764774,31.436377035482632
right_knee,40,49,42,40,21,22,19,8,1,3,1.9222411581877483,272.12936398680284,27.020712282861506
