Joints,0,1,2,3,4,5,6,7,8,9,Min,Max,Step
left_shoulder,56,39,23,14,4,0,0,0,0,1,2.9279192029265375,175.66335636102082,17.273543715809428
right_shoulder,35,42,16,8,11,9,10,4,0,2,0.0,94.34078437414156,9.434078437414156
left_elbow,3,2,1,4,14,47,18,12,14,22,0.0,179.4870462340569,17.94870462340569
right_elbow,4,7,6,3,7,5,21,29,27,28,3.1840651354436083,179.17718768075315,17.599312254530954
left_hip,1,1,3,10,32,60,19,6,3,2,0.0,158.7237916690664,15.87237916690664
right_hip,2,3,2,7,36,63,16,5,0,3,1.5054991686478607,180.0,17.849450083135213
left_knee,6,3,3,3,5,7,10,7,18,75,0.0,180.0,18.0
right_knee,7,4,0,3,7,6,5,10,26,69,0.0,178.86637385511628,17.886637385511627
