Joints,0,1,2,3,4,5,6,7,8,9,Min,Max,Step
left_shoulder,27,57,16,22,11,2,1,0,0,1,0.25509912360730513,132.94215748147508,13.268705835786779
right_shoulder,44,56,23,9,2,0,2,0,0,1,0.3297484162188216,158.2099215086761,15.78801730924573
left_elbow,2,2,2,2,7,39,28,14,12,29,0.0,179.6002399457336,17.96002399457336
right_elbow,6,10,8,4,5,8,20,19,23,34,8.779296256728985,179.27108248771333,17.049178623098435
left_hip,1,6,11,23,70,14,5,0,2,5,19.515458689415226,174.2848153806691,15.476935669125389
right_hip,2,4,1,4,42,59,11,8,2,4,1.833114951882616,176.72775524040745,17.489464028852485
left_knee,9,3,4,4,3,10,7,10,25,62,0.0,180.0,18.0
right_knee,9,6,5,4,4,3,6,12,18,70,5.147550918403361,179.83283826363422,17.468528734523083
