Joints,0,1,2,3,4,5,6,7,8,9,Min,Max,Step
left_shoulder,108,8,6,1,5,2,1,2,2,1,0.0,129.02398164021142,12.902398164021141
right_shoulder,104,15,3,0,4,3,0,5,1,1,0.0,150.40959394058862,15.040959394058863
left_elbow,96,22,4,1,4,3,3,1,0,2,0.0,130.03246041805923,13.003246041805923
right_elbow,87,22,10,5,4,3,2,2,0,1,0.0,177.27170453637956,17.727170453637957
left_hip,98,18,7,2,1,2,4,1,1,2,0.0,128.50382374005616,12.850382374005616
right_hip,101,20,1,2,2,4,2,2,1,1,0.0,163.17979544130802,16.3179795441308
left_knee,82,24,9,5,2,4,3,2,2,3,0.0,115.27052135170307,11.527052135170306
right_knee,79,31,6,6,4,5,1,1,0,3,0.0,163.5434574738018,16.35434574738018
