Joints,0,1,2,3,4,5,6,7,8,9,Min,Max,Step
left_shoulder,104,11,6,0,0,4,2,3,4,2,0.0,132.81449649940012,13.281449649940011
right_shoulder,89,18,7,3,2,5,4,2,3,3,0.0,123.74247017625464,12.374247017625464
left_elbow,103,10,6,1,2,5,1,1,6,1,0.0,156.02597395743754,15.602597395743754
right_elbow,81,19,7,6,3,6,2,7,4,1,0.0,131.52260941291007,13.152260941291008
left_hip,93,23,2,1,0,1,4,6,3,3,0.0,126.75440578870943,12.675440578870944
right_hip,85,22,4,4,2,4,2,3,6,4,0.0,125.63324910135641,12.563324910135641
left_knee,77,29,13,3,3,0,1,6,3,1,0.0,123.8887280172159,12.38887280172159
right_knee,68,21,15,3,10,5,5,3,3,3,0.0,126.43578802850416,12.643578802850417
