Joints,0,1,2,3,4,5,6,7,8,9,Min,Max,Step
left_shoulder,100,13,4,0,10,6,1,0,0,2,0.0,198.59177045683688,19.859177045683687
right_shoulder,100,12,4,2,1,8,3,0,0,6,0.0,172.70201281183574,17.270201281183574
left_elbow,97,16,4,2,13,1,1,0,0,2,0.0,238.22532798927202,23.822532798927202
right_elbow,99,16,4,2,2,4,4,3,0,2,0.0,210.980274306353,21.0980274306353
left_hip,94,18,5,6,3,4,3,0,2,1,0.0,197.85385601908808,19.785385601908807
right_hip,88,22,3,3,4,2,4,7,1,2,0.0,173.82278293932097,17.382278293932096
left_knee,85,28,9,3,4,2,2,1,0,2,0.0,230.96307778207267,23.09630777820727
right_knee,73,29,9,9,10,4,0,0,1,1,0.0,239.4677346382069,23.94677346382069
