Joints,0,1,2,3,4,5,6,7,8,9,Min,Max,Step
left_shoulder,128,0,4,0,0,1,1,0,0,2,0.2937861163754399,131.49465256424259,13.120086644786715
right_shoulder,116,12,2,2,0,0,0,1,1,2,0.3316494152136409,105.52130694555643,10.51896575303428
left_elbow,112,12,6,0,2,0,0,0,1,3,0.28112835703927874,136.61295407461634,13.633182571757706
right_elbow,91,25,4,4,3,2,2,1,3,1,0.1869322456037832,87.90973719858586,8.772280495298208
left_hip,123,8,1,0,0,0,0,0,2,2,0.5820907573953895,123.73708820862663,12.315499745123123
right_hip,112,20,0,0,0,0,0,1,1,2,0.3619379944178955,121.76213472229027,12.140019672787236
left_knee,109,11,5,3,3,1,2,0,0,2,0.27174312966969777,103.10318097962171,10.2831437849952
right_knee,68,37,14,7,4,2,0,1,2,1,0.19043612163629076,81.43738759436421,8.124695147272792
