Joints,0,1,2,3,4,5,6,7,8,9,Min,Max,Step
left_shoulder,1,1,2,207,28,0,0,0,0,1,-58.08298244635836,98.56440532702965,15.664738777338798
right_shoulder,3,1,0,12,42,120,48,9,4,1,-19.03323410415101,15.577920963988584,3.461115506813959
left_elbow,1,0,2,2,188,45,0,0,0,2,-104.8509713395587,111.965530280564,21.68165016201226
right_elbow,2,3,1,3,218,6,2,2,1,2,-131.36624062967994,150.08833243162061,28.145457306130055
left_hip,1,0,1,2,10,66,117,38,4,1,-36.24186622910025,21.269012030175414,5.751087825927566
right_hip,1,1,1,8,56,134,33,3,2,1,-36.128063174474775,31.639547286144925,6.776761046061971
left_knee,1,2,5,55,168,5,3,0,0,1,-74.67704947596812,103.80387820773626,17.848092768370435
right_knee,3,2,6,136,85,5,1,0,0,2,-100.63620157072991,153.26806335374732,25.39042649244773
