Joints,0,1,2,3,4,5,6,7,8,9,Min,Max,Step
left_shoulder,1,1,2,176,58,1,0,0,0,1,-58.261653418248436,93.4063304642871,15.166798388253554
right_shoulder,2,1,3,17,82,102,24,8,0,1,-18.929619461038012,18.198637360069945,3.712825682110795
left_elbow,2,1,2,1,84,145,1,0,1,3,-129.88895206372663,126.48579531118817,25.637474737491488
right_elbow,3,2,2,5,219,3,2,2,1,1,-112.78186957739894,143.25496736320744,25.603683694060635
left_hip,2,0,3,2,42,141,43,5,1,1,-36.121319744136436,29.470595731813432,6.559191547594985
right_hip,1,1,5,10,125,84,8,3,1,2,-33.58731698170445,35.2660246301014,6.885334161180584
left_knee,1,1,4,7,30,175,14,2,4,2,-73.32034987220608,63.032939235377185,13.635328910758325
right_knee,2,1,3,17,205,7,3,1,0,1,-104.59322329908274,132.80067863065278,23.739390192973545
