Joints,0,1,2,3,4,5,6,7,8,9,Min,Max,Step
left_shoulder,36,44,43,42,39,28,6,0,0,2,1.140422498969362,109.2162707674487,10.807584826847934
right_shoulder,9,3,2,3,32,54,59,42,27,9,0.8779001561482722,60.4217692460342,5.954386908988593
left_elbow,7,8,3,3,1,6,19,19,62,112,34.941050903475556,179.83387651272125,14.489282560924565
right_elbow,3,4,3,1,1,0,5,61,116,46,25.65464714808845,179.73305736314938,15.407841021506094
left_hip,1,1,2,6,27,105,67,26,2,3,38.383673353263795,131.66309493617226,9.327942158290845
right_hip,4,13,27,21,45,103,21,5,0,1,45.95732163850355,128.06390553595773,8.210658389745419
left_knee,1,2,3,3,5,4,5,9,46,162,43.59038513437472,180.0,13.640961486562524
right_knee,1,1,0,0,2,4,4,14,39,175,2.171467728487196,180.0,17.782853227151282
