Joints,0,1,2,3,4,5,6,7,8,9,Min,Max,Step
left_shoulder,34,47,46,40,34,32,5,0,0,2,1.1378955329679736,109.0901800646617,10.795228453169372
right_shoulder,10,2,0,3,29,49,66,39,32,10,0.8875625469013477,59.67133159705141,5.878376905015006
left_elbow,8,6,2,2,1,5,24,17,66,109,37.99716935322103,179.99999669334892,14.200282734012788
right_elbow,3,0,2,6,1,0,3,40,141,44,13.311891330512259,178.87236225216427,16.5560470921652
left_hip,1,1,2,6,26,101,76,22,2,3,38.10989315261677,131.56657943991905,9.34566862873023
right_hip,3,13,16,23,40,112,27,5,0,1,43.31143156698192,128.1360851509163,8.48246535839344
left_knee,1,0,2,1,3,8,3,6,32,184,0.0,180.0,18.0
right_knee,2,1,1,1,1,5,4,12,41,172,0.0,180.0,18.0
