Joints,0,1,2,3,4,5,6,7,8,9,Min,Max,Step
left_shoulder,36,44,43,43,35,31,6,0,0,2,1.1382149155346764,109.18119022382591,10.804297530829123
right_shoulder,13,32,136,58,0,0,0,0,0,1,0.2928811422606753,149.7112950047213,14.941841386246063
left_elbow,6,8,3,2,2,3,23,17,66,110,32.786393240720265,179.9999636569107,14.721357041619044
right_elbow,3,0,1,3,1,0,5,43,140,44,13.337370518025223,179.84229882515453,16.650492830712928
left_hip,1,0,3,10,22,105,70,23,3,3,38.19159377058267,131.78492305957585,9.35933292889932
right_hip,1,6,8,20,18,20,36,85,41,5,44.16808926983067,105.66443355787577,6.149634428804511
left_knee,2,0,2,3,7,4,4,6,48,164,39.7902851634228,180.0,14.020971483657725
right_knee,1,1,1,0,1,4,2,13,43,174,2.164584690825795,180.0,17.78354153091742
