Joints,0,1,2,3,4,5,6,7,8,9,Min,Max,Step
left_shoulder,34,45,37,48,36,32,6,0,0,2,1.895685135890552e-05,109.03998624872791,10.903996729187655
right_shoulder,9,3,1,3,34,64,57,41,23,5,0.25413571401135765,61.63350026789456,6.137936455388321
left_elbow,7,8,3,1,1,3,21,17,66,113,32.183481095733114,179.9999602376063,14.781647914187317
right_elbow,2,3,2,3,4,0,1,35,147,43,2.244658222405043,179.99999181089092,17.775533358848588
left_hip,1,1,3,5,33,96,73,23,2,3,39.33759368890856,131.49724503179002,9.215965134288147
right_hip,2,9,26,18,38,102,39,4,1,1,42.68949682154889,126.65515972854364,8.396566290699475
left_knee,1,0,1,2,3,8,4,5,26,190,0.0,180.0,18.0
right_knee,3,1,1,0,1,3,6,14,40,171,0.0,180.0,18.0
