Joints,0,1,2,3,4,5,6,7,8,9,Min,Max,Step
left_shoulder,232,5,0,0,0,0,0,0,0,2,0.08893490663438104,33.375410321279816,3.3286475414645436
right_shoulder,216,19,2,0,0,0,0,0,0,2,0.05299798381419285,32.103933912423656,3.2050935928609463
left_elbow,219,14,0,0,1,1,0,0,0,4,0.013400692152270762,52.982158222913505,5.296875753076123
right_elbow,222,13,2,0,0,0,0,0,0,2,0.04067482955656912,58.193383769555105,5.815270893999854
left_hip,189,37,9,2,0,0,0,0,0,2,0.06774894954917934,22.539450356844057,2.2471701407294877
right_hip,156,68,10,3,0,0,0,0,0,2,0.1042214667943408,19.43416090303612,1.932993943624178
left_knee,122,69,16,15,6,4,1,3,0,3,0.05757334220876895,21.33684055464308,2.1279267212434307
right_knee,154,46,16,7,5,6,2,0,1,2,0.04697886027488548,26.969370026287628,2.6922391166012742
