Joints,0,1,2,3,4,5,6,7,8,9,Min,Max,Step
left_shoulder,230,7,0,0,0,0,0,0,0,2,0.0,32.42355390711775,3.242355390711775
right_shoulder,83,78,47,24,4,0,1,1,0,1,0.0,8.142378620434151,0.8142378620434151
left_elbow,223,12,0,0,1,1,0,0,0,2,0.0,52.30988997251735,5.2309889972517345
right_elbow,230,6,1,0,0,0,0,0,0,2,0.0,57.18840801660902,5.718840801660901
left_hip,86,65,36,31,9,6,3,1,1,1,0.0,8.269009498697956,0.8269009498697957
right_hip,160,64,12,0,1,0,0,0,0,2,0.0,19.176557662416933,1.9176557662416933
left_knee,113,75,21,13,6,5,2,3,0,1,0.0,21.08680910958089,2.108680910958089
right_knee,165,44,13,7,4,3,0,1,1,1,0.0,31.819990227135392,3.1819990227135393
