Joints,0,1,2,3,4,5,6,7,8,9,Min,Max,Step
left_shoulder,230,7,0,0,0,0,0,0,0,2,0.057641642440012325,32.682292323873675,3.2624650681433662
right_shoulder,216,16,3,0,0,0,0,0,0,4,0.0974645201749836,32.05905225045541,3.1961587730280425
left_elbow,220,13,0,0,1,1,0,0,0,4,0.03186402445848028,52.92766906011671,5.289580503565824
right_elbow,224,9,0,0,0,0,0,0,2,4,0.11588148693501095,63.42415833310201,6.3308276846166995
left_hip,179,48,8,2,0,0,0,0,0,2,0.05792222058165069,21.682325701732694,2.162440348115104
right_hip,161,61,13,1,1,0,0,0,0,2,0.07795034943728106,18.831334068506575,1.8753383719069294
left_knee,112,69,25,7,11,7,4,1,2,1,0.014951347646545885,18.86465138767908,1.8849700040032533
right_knee,168,41,11,8,4,1,1,2,1,2,0.04559618265173933,31.133660074207768,3.108806389155603
