Joints,0,1,2,3,4,5,6,7,8,9,Min,Max,Step
left_shoulder,231,6,0,0,0,0,0,0,0,2,0.04319229551156973,33.72661113946062,3.368341884394906
right_shoulder,215,21,1,0,0,0,0,0,0,2,0.0800284560196036,32.602546796762795,3.252251834074319
left_elbow,221,14,0,0,1,1,0,0,0,2,0.015173536561778687,51.70154424520526,5.1686370708643485
right_elbow,223,8,4,0,0,0,0,0,0,4,0.07079534057562095,63.1285738558352,6.305777851525958
left_hip,181,46,9,1,0,0,0,0,0,2,0.0434326038928813,22.157121060204414,2.2113688456311533
right_hip,172,53,8,3,1,0,0,0,0,2,0.06965454533700079,18.959345561223262,1.888969101588626
left_knee,114,72,18,14,6,5,2,4,2,2,0.05662159147764247,20.585092544072754,2.0528470952595113
right_knee,154,49,14,6,8,3,0,1,2,2,0.011864952193935305,27.234360745420872,2.7222495793226935
