Joints,0,1,2,3,4,5,6,7,8,9,Min,Max,Step
left_shoulder,2,2,2,4,47,212,11,1,1,4,-77.3887327788303,69.69737198108105,14.708610475991136
right_shoulder,2,1,4,4,99,164,6,2,1,3,-51.15453036136336,49.43953695159627,10.059406731295958
left_elbow,2,0,0,1,4,268,8,2,0,1,-137.7112513838081,113.07051185475815,25.078176323856624
right_elbow,2,4,3,11,238,20,4,1,0,3,-140.25049792765506,161.85051552622838,30.21010134538834
left_hip,11,8,27,27,68,69,27,31,11,7,-180.0,180.0,36.0
right_hip,3,7,8,45,76,88,37,13,3,6,-180.0,180.0,36.0
left_knee,5,9,17,19,40,129,30,18,14,5,-177.76319537093985,168.62259655689698,34.63857919278368
right_knee,9,13,16,29,124,35,29,18,10,3,-161.84516526432202,173.31345512265133,33.51586203869732
