Joints,0,1,2,3,4,5,6,7,8,9,Min,Max,Step
left_shoulder,85,57,30,29,34,25,19,4,2,1,0.09617029513301167,104.41932773205042,10.432315743691742
right_shoulder,6,10,46,106,82,30,1,3,0,2,2.3210539153942142,139.73606849100196,13.741501457560775
left_elbow,10,12,29,28,70,55,39,36,4,3,0.4258522928442687,175.82422384734923,17.539837155450495
right_elbow,48,32,42,36,54,27,6,4,8,29,0.0,179.69177648560589,17.96917764856059
left_hip,44,21,21,41,34,60,18,11,16,20,0.0,180.0,18.0
right_hip,4,3,8,15,17,48,45,51,34,61,4.637811866441969,180.0,17.536218813355802
left_knee,108,34,22,19,27,32,20,6,13,5,0.0,180.0,18.0
right_knee,84,29,50,35,26,16,16,12,5,13,0.0,180.0,18.0
