Joints,0,1,2,3,4,5,6,7,8,9,Min,Max,Step
left_shoulder,71,58,41,22,31,26,18,16,2,1,0.05693550726135321,95.30815649974457,9.525122099248321
right_shoulder,1,1,1,8,25,67,81,48,41,13,4.077040843067292,80.78867786935116,7.6711637026283865
left_elbow,13,7,23,29,45,78,29,37,22,3,1.8055931027998355,161.61347490022706,15.98078817974272
right_elbow,34,43,52,30,74,24,2,3,4,20,0.6031079701294331,179.99996080072376,17.939685283059433
left_hip,36,7,21,38,24,64,13,10,20,53,0.0,180.0,18.0
right_hip,12,3,5,8,11,33,54,51,33,76,0.0,180.0,18.0
left_knee,121,27,19,27,23,20,18,9,8,14,0.0,180.0,18.0
right_knee,104,24,37,22,32,11,23,17,6,10,0.0,180.0,18.0
