Joints,0,1,2,3,4,5,6,7,8,9,Min,Max,Step
left_shoulder,117,69,43,40,11,4,1,0,0,1,0.0,172.48650527704942,17.248650527704942
right_shoulder,5,12,101,134,29,0,2,1,1,1,3.99770004081613,166.6632937774649,16.266559373664876
left_elbow,13,12,23,36,59,65,33,31,11,3,2.175860246597668,172.72983212485306,17.05539718782554
right_elbow,33,38,52,35,63,28,3,5,7,22,0.0,179.87210343706286,17.987210343706288
left_hip,45,17,22,40,24,63,24,14,5,32,0.0,180.0,18.0
right_hip,13,4,4,7,16,31,47,72,34,58,0.0,180.0,18.0
left_knee,122,30,22,16,21,29,22,8,4,12,0.0,180.0,18.0
right_knee,75,25,39,34,35,16,29,13,9,11,0.0,180.0,18.0
