Joints,0,1,2,3,4,5,6,7,8,9,Min,Max,Step
left_shoulder,112,76,43,35,13,2,1,1,2,1,0.0,171.7311587606952,17.17311587606952
right_shoulder,34,32,78,61,46,12,10,7,2,4,0.0,159.079476756059,15.9079476756059
left_elbow,19,34,26,25,67,50,28,29,3,5,0.0,178.50432445238738,17.850432445238738
right_elbow,62,43,37,24,25,22,9,7,20,37,0.10272130653666638,179.5684164484186,17.94656951418819
left_hip,44,32,28,38,32,25,31,17,16,23,0.0,180.0,18.0
right_hip,16,11,22,14,21,34,33,38,48,49,0.0,180.0,18.0
left_knee,58,42,25,26,31,28,32,20,5,19,0.0,179.53668888996052,17.953668888996052
right_knee,43,32,35,36,39,30,36,9,11,15,0.0,180.0,18.0
