Joints,0,1,2,3,4,5,6,7,8,9,Min,Max,Step
left_shoulder,77,60,44,19,24,30,24,4,1,3,0.16635821677908788,99.73162146302386,9.956526324624477
right_shoulder,1,1,5,1,21,51,79,66,44,17,0.6208951501330142,79.79820528168156,7.917731013154855
left_elbow,10,9,24,29,49,78,32,35,18,2,2.0192396104630506,166.40168723517888,16.438244762471584
right_elbow,39,41,50,37,72,24,3,4,1,15,0.9784014905174824,179.9002531561841,17.892185166566662
left_hip,40,8,11,29,30,63,23,12,16,54,0.0,180.0,18.0
right_hip,17,2,2,4,14,22,50,73,19,83,0.0,180.0,18.0
left_knee,141,25,16,29,10,20,16,12,4,13,0.0,180.0,18.0
right_knee,99,27,27,25,31,11,27,21,8,10,0.0,180.0,18.0
