Joints,0,1,2,3,4,5,6,7,8,9,Min,Max,Step
left_shoulder,117,70,44,31,13,8,1,1,0,1,0.1721960537769177,165.41291806007604,16.52407220062991
right_shoulder,12,19,81,124,37,7,2,1,2,1,0.0220640236477602,165.63781071273542,16.561574668908765
left_elbow,12,13,33,39,55,61,35,21,8,9,0.9450845428192759,177.64460245731618,17.66995179144969
right_elbow,48,32,37,40,39,24,8,8,9,41,0.14544399281402773,179.99998968381382,17.98545456909998
left_hip,43,21,19,44,29,54,23,6,25,22,0.0,180.0,18.0
right_hip,16,6,5,10,16,51,47,38,36,61,0.0,180.0,18.0
left_knee,98,40,21,22,29,35,21,8,6,6,0.0,177.7389038695089,17.77389038695089
right_knee,101,26,30,34,23,28,17,14,5,8,0.0,180.0,18.0
