Joints,0,1,2,3,4,5,6,7,8,9,Min,Max,Step
left_shoulder,277,0,1,5,0,0,0,0,0,2,0.16871007628065374,223.7483428787504,22.357963280246974
right_shoulder,269,8,0,0,1,4,1,0,0,2,0.26137478353810323,127.66315121550434,12.740177643196624
left_elbow,275,2,0,2,0,0,0,0,2,4,0.602864000074353,143.7696755342088,14.316681153413445
right_elbow,256,8,3,5,7,0,0,0,2,4,0.30147445139838025,144.1467874941255,14.384531304272713
left_hip,189,76,4,2,2,3,5,1,1,2,0.5197100298125279,79.73395690225298,7.921424687244047
right_hip,187,73,8,0,1,5,2,7,0,2,0.06494602746224652,72.86445689727441,7.2799510869812165
left_knee,121,27,27,25,19,45,15,2,3,1,0.8203906624104988,244.0842395460206,24.326384888361012
right_knee,115,33,50,26,37,13,6,1,3,1,0.054610236117459465,250.22535393390166,25.01707436977842
