Joints,0,1,2,3,4,5,6,7,8,9,Min,Max,Step
left_shoulder,260,9,1,1,7,1,0,2,1,3,0.2907592754259113,163.58085248249657,16.329009320707065
right_shoulder,270,4,0,5,2,2,0,1,0,1,0.3917777813664097,187.7680518813464,18.737627409997998
left_elbow,265,1,0,1,2,14,0,0,0,2,0.13546798067475305,254.60484828214118,25.446938030146644
right_elbow,228,23,15,4,0,1,3,6,2,3,0.3248067416817458,179.19055108347922,17.886574434179746
left_hip,245,20,12,3,0,1,0,0,0,4,0.4924426897896366,246.87002081549983,24.637757812571017
right_hip,238,25,14,3,1,0,0,0,1,3,0.1813689271267096,223.5916675394241,22.34102986122974
left_knee,78,31,31,18,35,32,46,11,2,1,0.13029784026922298,215.51923133497328,21.538893349470406
right_knee,81,20,31,34,28,21,27,23,16,4,0.5676447898872039,175.28848092834602,17.472083613845882
