Joints,0,1,2,3,4,5,6,7,8,9,Min,Max,Step
left_shoulder,64,68,70,40,28,9,8,2,8,2,0.06608333508124765,3.6830889312568083,0.3617005596175561
right_shoulder,46,67,76,44,29,13,9,7,5,3,0.02839567171635865,2.88335051599652,0.2854954844280161
left_elbow,94,96,58,28,11,7,2,2,0,1,0.04330544608355167,11.554030445374991,1.151072499929144
right_elbow,178,85,16,10,4,2,0,1,1,2,0.04655365081858928,11.005625036291597,1.0959071385473007
left_hip,244,11,0,0,0,4,5,12,14,9,0.07667845155387397,37.39213684294996,3.7315458391396086
right_hip,243,13,1,0,1,6,6,8,13,8,0.10197426925651852,36.38981526537891,3.628784099612239
left_knee,245,11,1,2,0,1,2,8,24,5,0.08201953968976973,88.25178627894846,8.816976673925868
right_knee,239,12,4,3,2,1,0,12,19,7,0.04112502958653931,89.48423598902257,8.944311095943602
