Joints,0,1,2,3,4,5,6,7,8,9,Min,Max,Step
left_shoulder,1,0,2,2,4,24,30,6,6,2,-108.31496677734863,70.93862930160641,17.9253596078955
right_shoulder,3,4,4,12,38,8,5,1,0,2,-98.0574912542363,129.94720003624371,22.80046912904801
left_elbow,1,1,4,4,6,36,14,3,5,3,-168.38186184258063,130.05713834276435,29.843900018534498
right_elbow,3,2,2,9,14,29,10,3,2,3,-163.85377795184868,154.04207322865773,31.78958511805064
left_hip,2,2,5,9,34,9,8,5,1,2,-127.42858997992504,138.84720594668457,26.62757959266095
right_hip,2,0,6,10,9,33,5,4,5,3,-140.00204495834492,130.72015920846795,27.07222041668129
left_knee,2,5,8,10,35,7,6,3,0,1,-131.23293142068815,175.00951616281773,30.624244758350585
right_knee,1,0,2,3,5,9,40,6,5,6,-121.68800977531586,72.27096123219826,19.395897100751412
