Joints,0,1,2,3,4,5,6,7,8,9,Min,Max,Step
left_shoulder,4,2,3,8,31,14,3,6,3,3,-64.16371030248868,68.69907802145475,13.286278832394345
right_shoulder,1,1,2,4,10,40,12,4,1,2,-143.52165922598974,115.88190979001776,25.94035690160075
left_elbow,5,2,3,6,28,17,6,4,3,3,-122.8251647189644,130.0489129727933,25.287407769175772
right_elbow,4,2,4,5,11,33,9,3,3,3,-171.16267816563274,158.25601421373747,32.94186923793703
left_hip,1,2,3,8,21,27,10,1,3,1,-180.0,180.0,36.0
right_hip,2,0,5,7,9,30,9,5,6,4,-140.00187561194693,111.92552703134687,25.192740264329387
left_knee,2,5,7,9,38,7,6,2,0,1,-131.2328192574779,175.00956939287616,30.62423886503541
right_knee,1,0,2,5,4,9,36,8,5,7,-126.91212870791851,72.23303053859217,19.91451592465107
