Joints,0,1,2,3,4,5,6,7,8,9,Min,Max,Step
left_shoulder,1,0,0,1,5,4,22,28,10,6,-155.54684806936683,66.36720877556196,22.191405684492878
right_shoulder,1,1,2,8,12,34,12,4,1,2,-139.98110950499048,120.10139679229928,26.008250629728977
left_elbow,1,2,5,7,13,31,8,3,6,1,-168.3825439829846,157.27570227767055,32.565824626065506
right_elbow,3,2,4,8,13,26,11,4,4,2,-163.85459202145003,154.0745752986784,31.792916732012856
left_hip,1,3,2,10,18,28,8,3,3,1,-180.0,180.0,36.0
right_hip,2,1,4,10,10,33,4,6,5,2,-140.00188261865264,130.7212157857115,27.072309840436418
left_knee,2,3,5,10,31,10,8,7,0,1,-158.76619934090715,175.00949275909056,33.37756920999978
right_knee,2,1,3,6,35,17,11,1,0,1,-146.64836882167702,155.93990909134638,30.258827791302338
