Joints,0,1,2,3,4,5,6,7,8,9,Min,Max,Step
left_shoulder,1,0,5,3,7,35,11,5,5,5,-100.52713706030664,75.71475434729315,17.62418914075998
right_shoulder,1,0,4,9,12,39,8,1,0,3,-149.69312340806155,144.81149509211252,29.450461850017405
left_elbow,2,3,5,7,28,18,6,2,3,3,-122.82547900897544,130.05567415717724,25.28811531661526
right_elbow,3,3,3,9,16,26,9,3,2,3,-163.8527292124799,163.74658116212822,32.7599310374608
left_hip,1,2,3,9,21,26,9,2,3,1,-180.0,180.0,36.0
right_hip,2,0,4,11,10,34,4,4,6,2,-140.00185769603385,130.72015920846957,27.072201690450342
left_knee,2,4,9,10,36,7,6,2,0,1,-131.2326222123932,175.00957017874796,30.624219239114126
right_knee,1,1,0,2,7,6,42,9,7,2,-171.18208113110762,99.30411849523388,27.04861996263415
