Joints,0,1,2,3,4,5,6,7,8,9,Min,Max,Step
left_shoulder,17,23,12,5,16,2,0,0,1,1,0.0,177.2766817134232,17.72766817134232
right_shoulder,19,18,14,15,4,3,0,2,0,2,0.0,160.03816613017932,16.003816613017932
left_elbow,6,2,2,10,4,3,6,5,10,29,0.0,180.0,18.0
right_elbow,7,2,3,2,2,7,10,8,20,16,0.0,178.08269577736215,17.808269577736215
left_hip,9,2,6,9,5,13,9,11,5,8,0.0,180.0,18.0
right_hip,9,7,9,5,10,19,7,3,4,4,0.0,169.77558929803968,16.97755892980397
left_knee,7,1,1,1,6,12,6,6,13,24,0.0,180.0,18.0
right_knee,3,0,1,8,2,7,15,10,7,24,0.0,180.0,18.0
