Joints,0,1,2,3,4,5,6,7,8,9,Min,Max,Step
left_shoulder,15,21,12,7,13,7,0,0,1,1,0.0,168.79488193841962,16.87948819384196
right_shoulder,19,19,15,15,3,2,0,2,0,2,0.0,160.03821083488126,16.003821083488127
left_elbow,7,2,2,8,5,4,5,4,10,30,0.0,180.0,18.0
right_elbow,10,1,1,2,3,5,12,7,21,15,0.0,178.08299280124803,17.808299280124803
left_hip,8,2,6,10,4,10,12,11,5,9,0.0,180.0,18.0
right_hip,9,4,12,7,10,18,8,3,3,3,0.0,169.77546384497808,16.977546384497806
left_knee,8,2,1,1,4,11,6,7,11,26,0.0,180.0,18.0
right_knee,4,0,1,7,2,7,15,9,8,24,0.0,180.0,18.0
