Joints,0,1,2,3,4,5,6,7,8,9,Min,Max,Step
left_shoulder,13,23,15,6,3,15,1,0,0,1,0.0,150.06449483572297,15.006449483572297
right_shoulder,20,21,15,11,5,1,1,0,1,2,0.0,164.20014277756417,16.420014277756415
left_elbow,3,2,4,8,7,5,4,4,11,29,0.0,178.79021030396987,17.879021030396988
right_elbow,8,4,1,2,2,6,10,8,22,14,0.0,178.0826470627099,17.80826470627099
left_hip,13,2,6,5,4,14,14,11,5,3,0.0,180.0,18.0
right_hip,9,7,10,6,9,20,8,2,3,3,0.0,169.77566471316,16.977566471316003
left_knee,5,1,1,1,4,16,6,7,12,24,0.0,180.0,18.0
right_knee,3,0,1,6,2,7,19,9,6,24,0.0,180.0,18.0
