Joints,0,1,2,3,4,5,6,7,8,9,Min,Max,Step
left_shoulder,69,1,0,0,0,0,0,1,1,4,0.0,191.22492526944438,19.122492526944438
right_shoulder,68,2,0,0,0,0,0,0,2,4,0.0,209.0723498920787,20.907234989207872
left_elbow,63,7,0,0,0,0,0,2,1,3,0.0,201.37021566743718,20.13702156674372
right_elbow,66,4,0,0,0,0,0,1,1,4,0.0,206.6235650292539,20.66235650292539
left_hip,69,1,0,0,0,0,0,0,3,3,0.0,194.81891327836124,19.481891327836124
right_hip,67,3,0,0,0,0,0,0,2,4,0.0,200.35381943183484,20.035381943183484
left_knee,64,6,0,0,0,0,0,1,2,3,0.0,188.88134492628654,18.888134492628655
right_knee,68,2,0,0,0,0,0,2,1,3,0.0,209.2479117189896,20.92479117189896
