Joints,0,1,2,3,4,5,6,7,8,9,Min,Max,Step
left_shoulder,67,1,0,0,0,0,0,1,2,5,0.0,202.1755168597003,20.21755168597003
right_shoulder,66,2,0,0,0,0,0,0,2,6,0.0,209.89481656009968,20.989481656009968
left_elbow,61,7,0,0,0,0,0,2,1,5,0.0,201.27285292275937,20.127285292275936
right_elbow,64,4,0,0,0,0,1,0,1,6,0.0,208.2395856357301,20.823958563573008
left_hip,67,1,0,0,0,0,0,1,2,5,0.0,201.2235540343499,20.122355403434987
right_hip,65,3,0,0,0,0,0,0,2,6,0.0,201.2223996314964,20.12223996314964
left_knee,62,6,0,0,0,0,0,1,2,5,0.0,193.0120416919313,19.30120416919313
right_knee,66,2,0,0,0,0,0,2,1,5,0.0,210.0450075778466,21.004500757784662
