Joints,0,1,2,3,4,5,6,7,8,9,Min,Max,Step
left_shoulder,65,1,0,0,0,0,0,1,2,7,0.0,197.8618380291533,19.78618380291533
right_shoulder,64,2,0,0,0,0,0,0,2,8,0.0,209.05384117634625,20.905384117634625
left_elbow,60,6,0,0,0,0,0,2,2,6,0.0,201.2190023496541,20.12190023496541
right_elbow,62,4,0,0,0,0,0,1,0,9,0.0,205.77957995155887,20.577957995155888
left_hip,65,1,0,0,0,0,0,1,3,6,0.0,198.85537273634128,19.885537273634128
right_hip,63,3,0,0,0,0,0,0,2,8,0.0,200.9689515853663,20.096895158536633
left_knee,61,5,0,0,0,0,0,1,3,6,0.0,197.01259024110675,19.701259024110676
right_knee,64,2,0,0,0,0,0,2,3,5,0.0,209.7794739296601,20.97794739296601
