Joints,0,1,2,3,4,5,6,7,8,9,Min,Max,Step
left_shoulder,68,0,0,0,0,0,1,2,2,3,0.0,202.5784441139281,20.25784441139281
right_shoulder,66,2,0,0,0,0,1,1,2,4,0.0,208.39937670556517,20.839937670556516
left_elbow,62,6,0,0,0,1,0,3,1,3,0.0,201.34155688585602,20.1341556885856
right_elbow,65,3,0,0,0,0,1,2,0,5,0.0,205.89929760971543,20.589929760971543
left_hip,68,0,0,0,0,1,1,1,2,3,0.0,201.64652537684987,20.164652537684987
right_hip,65,3,0,0,0,0,1,1,2,4,0.0,201.6658739627764,20.16658739627764
left_knee,63,5,0,0,0,0,1,2,2,3,0.0,193.86551395353462,19.38655139535346
right_knee,67,1,0,0,0,1,1,2,1,3,0.0,209.5384292328877,20.953842923288768
