Joints,0,1,2,3,4,5,6,7,8,9,Min,Max,Step
left_shoulder,67,0,1,0,0,0,0,1,2,5,0.0,201.8044363251374,20.18044363251374
right_shoulder,65,2,1,0,0,0,0,2,3,3,0.0,229.26222244150014,22.926222244150015
left_elbow,60,7,1,0,0,0,0,2,1,5,0.0,204.0093220985699,20.40093220985699
right_elbow,63,4,1,0,0,0,1,0,5,2,0.0,224.5958522214163,22.45958522214163
left_hip,67,0,1,0,0,0,1,2,4,1,0.0,229.7187209311128,22.97187209311128
right_hip,66,1,0,1,0,0,0,2,5,1,0.0,234.89028745042717,23.489028745042717
left_knee,64,3,0,1,0,0,0,3,2,3,0.0,211.4715047305209,21.14715047305209
right_knee,66,1,0,1,0,0,0,3,4,1,0.0,235.40334263663246,23.540334263663247
