Joints,0,1,2,3,4,5,6,7,8,9,Min,Max,Step
left_shoulder,63,1,0,0,0,0,0,1,3,8,0.0,202.08250441436408,20.20825044143641
right_shoulder,62,2,0,0,0,0,0,0,2,10,0.0,209.863473657946,20.9863473657946
left_elbow,58,6,0,0,0,0,0,2,2,8,0.0,204.3066573252545,20.430665732525448
right_elbow,60,4,0,0,0,0,0,1,0,11,0.0,205.8987706553121,20.58987706553121
left_hip,63,1,0,0,0,0,0,1,3,8,0.0,202.13113622760625,20.213113622760623
right_hip,61,3,0,0,0,0,0,0,2,10,0.0,202.1111502008536,20.21111502008536
left_knee,60,4,0,0,0,0,0,1,4,7,0.0,201.8081182403017,20.18081182403017
right_knee,62,2,0,0,0,0,0,2,3,7,0.0,210.01326779395507,21.001326779395505
