Joints,0,1,2,3,4,5,6,7,8,9,Min,Max,Step
left_shoulder,61,1,0,0,2,0,0,1,1,10,0.0,197.2459789635773,19.72459789635773
right_shoulder,60,2,0,0,2,0,0,0,2,10,0.0,207.3083401379232,20.73083401379232
left_elbow,56,6,0,1,1,0,0,2,2,8,0.0,201.27271254333942,20.12727125433394
right_elbow,58,4,0,1,1,0,0,1,0,11,0.0,205.91629419416242,20.591629419416243
left_hip,61,1,0,2,0,0,0,1,3,8,0.0,198.57663062779332,19.85766306277933
right_hip,59,3,0,2,0,0,0,0,2,10,0.0,202.31620378900317,20.231620378900317
left_knee,58,4,0,0,2,0,0,1,5,6,0.0,197.38862267558974,19.738862267558975
right_knee,60,2,0,2,0,0,0,2,3,7,0.0,210.41979197510497,21.041979197510496
