Joints,0,1,2,3,4,5,6,7,8,9,Min,Max,Step
left_shoulder,66,0,0,0,0,0,0,1,2,7,0.0,195.2331953793083,19.52331953793083
right_shoulder,64,2,0,0,0,0,0,0,2,8,0.0,209.04476402084873,20.904476402084875
left_elbow,60,6,0,0,0,0,0,2,2,6,0.0,201.27640574830278,20.127640574830277
right_elbow,62,4,0,0,0,0,1,0,1,8,0.0,211.64572624588348,21.16457262458835
left_hip,65,1,0,0,0,0,0,0,5,5,0.0,196.4992269266092,19.64992269266092
right_hip,63,3,0,0,0,0,0,0,2,8,0.0,201.32014832983762,20.132014832983764
left_knee,60,6,0,0,0,0,0,1,2,7,0.0,193.26844833963216,19.326844833963214
right_knee,64,2,0,0,0,0,0,2,3,5,0.0,209.2543106593661,20.92543106593661
