Joints,0,1,2,3,4,5,6,7,8,9,Min,Max,Step
left_shoulder,1,1,1,7,33,14,9,0,0,1,-151.4554778500931,157.0271274448716,30.84826052949647
right_shoulder,1,0,2,3,9,28,18,1,2,3,-133.54333977044848,97.46064430391355,23.100398407436202
left_elbow,2,0,4,3,10,28,9,6,2,3,-155.33641498045378,130.89165121268064,28.622806619313437
right_elbow,2,2,6,5,10,21,6,3,8,4,-160.69962110911897,140.99533622010102,30.169495732922
left_hip,1,3,2,5,12,28,10,4,1,1,-158.61196896432094,145.93140657050355,30.454337553482446
right_hip,3,1,0,7,14,24,11,2,3,2,-146.5962257357413,128.16034619757085,27.475657193331216
left_knee,2,3,2,8,23,15,6,1,4,3,-111.78585224111141,112.7734751291506,22.455932737026203
right_knee,3,2,5,6,21,12,7,6,3,2,-158.2933084166705,161.653025311106,31.994633372777656
