Joints,0,1,2,3,4,5,6,7,8,9,Min,Max,Step
left_shoulder,15,11,13,14,7,3,1,1,1,1,2.2893500566042237,149.9740925197245,14.768474246312028
right_shoulder,15,21,18,4,4,1,0,1,0,3,0.0,153.3864405997766,15.338644059977659
left_elbow,5,3,3,2,4,10,4,9,13,14,15.253634132246079,176.81451093548839,16.156087680324234
right_elbow,9,0,2,2,6,1,5,10,17,15,16.179283732531367,180.0,16.382071626746864
left_hip,8,1,5,8,19,8,2,6,5,5,0.0,177.54982393873874,17.754982393873874
right_hip,9,1,3,6,10,15,11,4,1,7,0.0,176.9878638866894,17.698786388668942
left_knee,3,0,1,4,3,2,11,8,13,22,0.0,179.99998551098076,17.999998551098077
right_knee,3,2,1,6,4,5,6,7,9,24,0.0,180.0,18.0
