Joints,0,1,2,3,4,5,6,7,8,9,Min,Max,Step
left_shoulder,23,15,19,4,0,4,0,0,1,1,0.0,174.29591725541974,17.429591725541975
right_shoulder,6,10,13,13,12,2,5,3,0,3,1.005877501854748,90.18421755591149,8.917834005405675
left_elbow,2,6,1,3,5,2,7,17,17,7,0.00019466039134545703,179.9998517528328,17.999965709244144
right_elbow,1,1,1,2,4,3,5,8,17,25,11.521879143595287,180.0,16.84781208564047
left_hip,3,3,4,11,17,5,7,5,8,4,11.488529790352958,174.14397239735274,16.265544260699976
right_hip,4,7,3,12,11,16,5,4,2,3,4.637485450293917,177.0697511727842,17.24322657224903
left_knee,1,0,1,0,6,4,15,7,10,23,6.286111296119538,179.21785693895214,17.293174564283262
right_knee,1,1,0,5,2,2,9,9,13,25,1.333863544143204,180.0,17.86661364558568
