Joints,0,1,2,3,4,5,6,7,8,9,Min,Max,Step
left_shoulder,14,7,15,7,11,8,0,0,4,1,3.9078218674547444e-05,126.50397505243829,12.650393597421962
right_shoulder,10,20,9,8,4,12,2,0,0,2,0.0,157.76167992321854,15.776167992321854
left_elbow,5,6,0,1,3,4,12,8,4,24,4.082682152525743,178.42526413887776,17.434258198635206
right_elbow,10,7,0,3,2,2,3,8,8,24,2.5377829312868396,180.0,17.746221706871317
left_hip,7,6,9,4,19,8,8,3,1,2,0.0,176.82834662946937,17.682834662946938
right_hip,4,4,3,3,9,15,12,6,8,3,0.0,171.71895443563287,17.171895443563287
left_knee,1,1,4,2,2,11,3,11,10,22,12.622888606160496,179.9998982897911,16.737700968363065
right_knee,1,1,3,7,1,1,13,5,16,19,2.381051350563498,179.99998604922368,17.761893469866017
