Joints,0,1,2,3,4,5,6,7,8,9,Min,Max,Step
left_shoulder,61,4,0,0,0,0,0,0,0,1,0.07820933826289207,153.01422575305213,15.293601641478924
right_shoulder,61,3,1,0,0,0,0,0,0,1,0.35020782387984273,156.7982583135779,15.644805048969804
left_elbow,50,13,2,0,0,0,0,0,0,1,0.4708458112377359,148.06902629978353,14.75981804885458
right_elbow,60,5,0,0,0,0,0,0,0,1,0.6296994201061988,161.65140973286233,16.102171031275613
left_hip,61,4,0,0,0,0,0,0,0,1,0.3782277709064528,159.86320495130542,15.9484977180399
right_hip,59,6,0,0,0,0,0,0,0,1,0.2823842607936745,158.76851780298566,15.848613354219198
left_knee,61,4,0,0,0,0,0,0,0,1,0.3219325541665101,150.0925515309409,14.977061897677439
right_knee,61,4,0,0,0,0,0,0,0,1,0.258129954412478,151.142164009697,15.088403405528453
