Joints,0,1,2,3,4,5,6,7,8,9,Min,Max,Step
left_shoulder,8,39,95,121,24,6,2,0,3,2,0.9691441957350544,120.60153108460705,11.963238688887198
right_shoulder,2,8,16,12,55,84,69,35,15,4,2.3917263435564764,87.36364761879284,8.497192127523636
left_elbow,9,8,9,7,41,89,75,44,10,8,4.0053217905872325,173.35430427917672,16.93489824885895
right_elbow,1,2,4,7,61,126,65,21,6,7,8.462461507488246,175.938332161555,16.747587065406673
left_hip,18,16,9,11,19,27,8,23,48,121,0.0,180.0,18.0
right_hip,35,3,10,9,20,19,8,31,82,83,0.059952135554516214,180.0,17.99400478644455
left_knee,125,82,37,14,15,6,5,5,8,3,0.0,180.0,18.0
right_knee,101,59,25,15,33,26,14,12,6,9,0.0,180.0,18.0
