Joints,0,1,2,3,4,5,6,7,8,9,Min,Max,Step
left_shoulder,7,16,48,121,73,14,8,6,4,3,5.17542345871955,91.05430398424654,8.5878880525527
right_shoulder,5,13,17,38,70,78,49,22,6,2,0.619694724080953,92.87074481775213,9.225105009367116
left_elbow,5,7,0,4,16,107,81,46,26,8,3.2582876687319606,169.1683687299735,16.591008106124157
right_elbow,4,4,4,18,72,117,60,8,6,7,13.27548052295858,179.81222415827202,16.653674363531344
left_hip,17,11,9,7,18,13,13,21,50,141,0.20820719642769436,180.0,17.97917928035723
right_hip,34,4,10,9,10,17,18,48,65,85,0.0,180.0,18.0
left_knee,125,54,39,17,20,7,11,8,8,11,0.0,180.0,18.0
right_knee,100,31,22,37,32,29,16,11,8,14,0.0,180.0,18.0
