Joints,0,1,2,3,4,5,6,7,8,9,Min,Max,Step
left_shoulder,4,9,22,58,107,71,20,5,2,2,1.5014586506150829,83.46355764201806,8.196209899140298
right_shoulder,7,7,9,20,48,88,71,31,14,5,0.7387453676892907,86.91175135907056,8.617300599138128
left_elbow,4,5,1,4,27,127,92,30,5,5,0.05927474180058966,178.64460064527188,17.85853259034713
right_elbow,1,1,1,8,72,113,80,12,3,9,7.335820173003249,177.28676480120106,16.995094462819782
left_hip,8,12,8,7,8,11,20,23,47,156,0.0,180.0,18.0
right_hip,38,2,8,8,13,11,14,39,80,87,0.0,180.0,18.0
left_knee,116,71,39,24,9,8,7,5,8,13,0.0,180.0,18.0
right_knee,102,45,22,29,38,18,19,13,8,6,0.0,180.0,18.0
