Joints,0,1,2,3,4,5,6,7,8,9,Min,Max,Step
left_shoulder,2,1,0,0,14,41,87,88,43,24,7.449197257532692,53.477762344839455,4.602856508730676
right_shoulder,2,2,5,17,97,77,70,21,5,4,13.462557932693976,85.39202988277991,7.192947195008593
left_elbow,1,0,1,2,83,104,76,29,3,1,48.90067453284272,143.43547203483527,9.453479750199257
right_elbow,1,0,0,0,0,36,100,101,60,2,7.872048804620057,142.4579795153021,13.458593071068204
left_hip,1,0,0,1,2,1,1,2,14,278,0.0,180.0,18.0
right_hip,26,2,1,2,1,0,3,34,93,138,0.06363365028358127,180.0,17.993636634971644
left_knee,141,108,10,12,7,5,4,2,4,7,0.0,180.0,18.0
right_knee,52,31,33,57,54,40,15,4,6,8,0.0,176.1912635443081,17.61912635443081
