Joints,0,1,2,3,4,5,6,7,8,9,Min,Max,Step
left_shoulder,139,120,27,8,2,1,0,0,0,2,0.09803309834197113,21.684174319154874,2.15861412208129
right_shoulder,92,111,58,25,5,3,3,0,1,1,0.19255387031240967,18.87950863358049,1.8686954763268082
left_elbow,244,50,1,0,1,0,1,0,0,2,0.3700653797316095,100.28248321551969,9.991241783578808
right_elbow,270,20,3,2,2,0,0,0,1,1,0.4917068010297712,79.51292539157613,7.9021218590546365
left_hip,158,98,31,7,1,1,1,0,1,1,0.7821082564159609,89.88066802334312,8.909855976692715
right_hip,121,96,52,17,11,0,0,0,0,2,0.44733884454925,92.78834231981651,9.234100347526725
left_knee,272,3,3,7,2,5,4,0,1,2,0.2901601089247636,110.6897129737527,11.039955286482794
right_knee,169,69,15,2,7,4,3,28,1,1,0.7558786657124076,215.4676022209864,21.4711723555274
