Joints,0,1,2,3,4,5,6,7,8,9,Min,Max,Step
left_shoulder,259,11,11,2,2,4,0,7,1,2,0.11048045795917948,121.63157915313904,12.152109869517986
right_shoulder,244,25,19,3,0,1,0,3,0,4,0.20118148847868347,114.30023194913878,11.40990504606601
left_elbow,233,29,13,1,9,1,1,2,0,10,0.09018031731454752,186.61400213989415,18.65238218225796
right_elbow,235,19,14,16,7,0,2,2,1,3,0.19756521241230696,183.419172286225,18.32216070738127
left_hip,122,94,38,16,7,7,7,4,1,3,0.5034411147075606,145.12769552783763,14.462425441313007
right_hip,110,89,47,20,19,7,3,1,2,1,0.7165841599353026,138.46925903742778,13.775267487749247
left_knee,121,38,52,20,31,22,1,9,3,2,0.5501019375588941,224.01144933779918,22.346134740024027
right_knee,92,48,32,18,20,16,17,26,26,4,0.6216281003278786,204.1391341734261,20.35175060730982
