Joints,0,1,2,3,4,5,6,7,8,9,Min,Max,Step
left_shoulder,3,4,0,1,106,0,0,5,0,2,-20.753476141929536,25.517170212522174,4.627064635445169
right_shoulder,1,0,0,3,2,41,64,4,5,1,-13.84198619529743,8.752366889219367,2.25943530845168
left_elbow,2,2,3,0,49,58,0,3,2,2,-95.02140786626532,94.92143766227548,18.994284552854083
right_elbow,3,4,0,0,28,78,1,0,5,2,-96.10129513837812,93.18451087440693,18.92858060127851
left_hip,7,2,2,3,92,4,3,0,2,6,-144.3501379682608,169.00635792936768,31.335649589762852
right_hip,1,0,4,1,21,89,1,3,0,1,-123.16661454683168,119.26650163592959,24.243311618276124
left_knee,5,5,1,8,49,34,7,3,4,5,-165.31191408549708,165.35257753624236,33.06644916217394
right_knee,1,1,2,8,25,69,10,4,0,1,-90.0,90.0,18.0
