Joints,0,1,2,3,4,5,6,7,8,9,Min,Max,Step
left_shoulder,4,1,0,0,83,28,0,1,2,2,-20.953858918675692,21.966263064460286,4.2920121983136
right_shoulder,2,1,2,12,48,41,9,2,2,2,-6.382646983174316,6.461953302074299,1.2844600285248609
left_elbow,2,1,1,2,71,39,1,0,1,3,-91.99123200429436,92.75419187634041,18.474542388063483
right_elbow,4,1,0,1,71,39,0,0,1,4,-88.58214909670782,90.21975683675664,17.880190593346455
left_hip,7,3,0,1,40,59,1,0,2,8,-168.6891217588359,168.13212989316102,33.68212516519969
right_hip,1,0,9,2,72,27,3,5,0,2,-137.58987712903286,139.0496701347717,27.663954726380453
left_knee,1,4,1,9,47,42,9,4,3,1,-153.4989391279854,153.43748582546866,30.693642495345415
right_knee,1,0,3,24,85,7,0,0,0,1,-114.60392978845043,163.39109446887983,27.799502425733024
