Joints,0,1,2,3,4,5,6,7,8,9,Min,Max,Step
left_shoulder,2,5,0,0,91,16,0,2,3,2,-22.1803716728854,24.00954704454695,4.6189918717432334
right_shoulder,1,2,3,2,24,65,16,3,2,3,-8.43137699878966,7.083722485698968,1.5515099484488628
left_elbow,4,2,1,0,81,26,0,1,2,4,-96.6320564915556,98.3121947397482,19.494425123130384
right_elbow,5,2,1,0,2,103,0,0,2,6,-100.20644863688659,90.44971497224472,19.06561636091314
left_hip,7,1,0,0,42,62,1,0,3,5,-166.93956643556962,165.55465334310387,33.24942197786734
right_hip,1,0,5,1,67,41,1,4,0,1,-127.07633255871431,127.54397516188637,25.462030772060075
left_knee,4,5,5,7,69,17,5,2,3,4,-154.07739462841766,166.76012294473782,32.083751757315554
right_knee,1,0,1,4,33,76,4,1,0,1,-137.98809284864183,137.98809284864183,27.59761856972837
