Joints,0,1,2,3,4,5,6,7,8,9,Min,Max,Step
left_shoulder,2,5,1,0,64,40,0,3,3,3,-23.287916320445138,23.63800516552045,4.692592148596557
right_shoulder,1,0,1,2,4,16,75,14,4,4,-14.923983009204528,8.263583086951472,2.3187566096155994
left_elbow,3,3,3,0,77,27,0,2,3,3,-96.99119468320394,98.82651106748648,19.581770575069044
right_elbow,5,4,0,0,38,65,1,0,4,4,-92.30618077581305,90.56768517010485,18.28738659459178
left_hip,5,2,0,3,52,49,3,0,2,5,-168.13161275584272,168.13161275584272,33.626322551168556
right_hip,2,1,5,0,78,28,0,3,2,2,-108.56865363933196,109.97479989730483,21.854345353663675
left_knee,3,3,4,4,39,51,9,3,4,1,-153.64800670376047,153.4772563725458,30.712526307630625
right_knee,3,1,3,18,70,11,10,1,2,2,-60.62756495795396,71.4047099297243,13.20322748876783
