Joints,0,1,2,3,4,5,6,7,8,9,Min,Max,Step
left_shoulder,2,6,1,1,68,34,0,3,2,4,-22.278961663752085,22.778404251831464,4.505736591558353
right_shoulder,4,3,4,43,55,4,5,2,0,1,-8.086687649036937,11.907992741524456,1.999468039056139
left_elbow,6,1,1,1,19,83,2,1,2,5,-98.54037124174354,96.43639805229616,19.497676929403966
right_elbow,6,3,0,1,36,65,1,0,3,6,-95.99779969854102,94.37752546089204,19.03753251594331
left_hip,8,1,1,2,59,39,1,0,3,7,-168.71146791794368,169.39772271245388,33.81091906303976
right_hip,1,0,4,1,77,33,1,3,0,1,-122.48116472589382,123.51842342860672,24.59995881545005
left_knee,4,2,5,6,27,61,5,3,2,6,-154.33184166671313,150.70482318587827,30.503666485259146
right_knee,2,1,1,5,11,83,7,6,1,4,-56.19338741888246,46.89702866497672,10.309041608385918
