Joints,0,1,2,3,4,5,6,7,8,9,Min,Max,Step
left_shoulder,5,6,0,1,84,14,0,1,7,3,-21.753096875459992,23.259399783174327,4.50124966586343
right_shoulder,1,5,0,16,61,27,6,3,1,1,-8.606721204740138,9.636543421604612,1.8243264626344748
left_elbow,3,4,4,1,69,28,2,2,5,3,-96.52333338748848,98.19689056321518,19.47202239507037
right_elbow,9,2,0,0,61,38,0,0,2,9,-90.90896173525648,92.82807284008855,18.373703457534504
left_hip,7,2,4,3,65,27,1,2,2,8,-166.91356840666808,169.3466777522761,33.62602461589441
right_hip,2,0,7,1,49,54,1,4,0,3,-125.64671764190737,125.45615595839516,25.110287360030256
left_knee,3,3,1,6,18,69,11,3,5,2,-166.94441274184206,151.85593751994526,31.880035026178746
right_knee,2,4,6,13,77,6,7,4,1,1,-47.161931241813754,58.43308265671389,10.559501389852763
