Joints,0,1,2,3,4,5,6,7,8,9,Min,Max,Step
left_shoulder,57,56,0,0,0,0,0,4,1,3,19.643650263089462,42.91979227214597,2.32761420090565
right_shoulder,2,3,18,37,30,17,11,2,0,1,12.489207192615368,23.76037571714631,1.127116852453094
left_elbow,3,1,0,1,2,1,0,0,0,113,44.07123514279256,143.31908435191892,9.924784920912636
right_elbow,3,4,1,0,0,0,0,0,48,65,68.97161582727914,168.65741724738052,9.96858014201014
left_hip,16,0,0,0,0,0,2,59,37,7,0.33186085808677523,180.0,17.966813914191324
right_hip,3,0,0,0,8,7,1,0,8,94,40.25346267431478,180.0,13.97465373256852
left_knee,28,16,23,17,15,6,0,0,1,15,0.0,160.15222117762872,16.01522211776287
right_knee,95,13,5,6,0,0,0,1,0,1,0.0,175.36631549433017,17.536631549433018
