Joints,0,1,2,3,4,5,6,7,8,9,Min,Max,Step
left_shoulder,69,40,0,0,1,0,2,3,2,4,19.976406994461666,43.661384190808846,2.3684977196347177
right_shoulder,3,0,1,13,52,24,20,4,2,2,10.471061921513405,24.059335117792525,1.3588273196279115
left_elbow,3,4,0,1,2,2,0,0,0,109,42.20660257761829,143.3281244792543,10.112152190163606
right_elbow,5,4,3,0,0,0,0,0,33,76,66.91194827878154,167.64445353150273,10.073250525272115
left_hip,12,0,1,0,1,0,2,55,42,8,8.537736462515939e-07,180.0,17.999999914622634
right_hip,12,0,0,0,1,0,0,3,82,23,105.6812406897987,180.0,7.43187593102013
left_knee,25,11,21,21,17,5,0,0,1,20,0.0,163.84547300495225,16.384547300495225
right_knee,59,24,12,8,6,2,3,1,5,1,0.0,71.46207908148726,7.146207908148726
