Joints,0,1,2,3,4,5,6,7,8,9,Min,Max,Step
left_shoulder,44,66,0,0,0,0,3,3,3,2,19.254152904973964,44.29211621532885,2.5037963310354883
right_shoulder,2,1,3,35,41,20,9,4,3,3,11.149782704477511,24.771176153009534,1.3621393448532029
left_elbow,4,3,2,0,1,1,0,0,0,110,39.85749174681039,143.0946161997669,10.323712445295648
right_elbow,7,0,4,0,0,0,1,0,11,98,65.70231392733301,165.65852122483625,9.995620729750328
left_hip,16,0,1,0,1,0,0,59,35,9,0.0,180.0,18.0
right_hip,1,0,0,0,10,0,2,0,17,91,43.488930103484996,180.0,13.651106989651502
left_knee,24,21,17,14,20,4,1,1,3,16,0.0,168.49921336350172,16.84992133635017
right_knee,69,23,7,7,4,2,5,1,1,2,0.0,73.97597423906369,7.397597423906369
