Joints,0,1,2,3,4,5,6,7,8,9,Min,Max,Step
left_shoulder,55,54,0,0,0,0,5,2,2,3,19.47386809902,44.24054409319589,2.4766675994175884
right_shoulder,2,2,2,8,50,37,11,5,3,1,9.58556927004337,24.5095522792479,1.4923983009204527
left_elbow,5,0,3,1,3,0,0,0,0,109,42.02431159163879,143.1222453386231,10.109793374698427
right_elbow,3,6,3,0,0,0,0,0,24,85,66.06844762923099,166.71144225686675,10.064299462763572
left_hip,13,0,1,0,0,1,1,59,37,9,0.4663125020776687,180.0,17.953368749792233
right_hip,2,0,0,3,7,0,1,0,57,51,57.67033822563036,180.0,12.232966177436964
left_knee,24,15,24,14,17,8,1,0,0,18,0.0,156.57916676752419,15.657916676752418
right_knee,67,26,12,4,3,3,2,2,1,1,0.0,83.72893815120538,8.372893815120538
