Joints,0,1,2,3,4,5,6,7,8,9,Min,Max,Step
left_shoulder,67,41,0,0,0,0,1,5,3,4,20.03899269385566,42.50203441842758,2.24630417245719
right_shoulder,1,1,22,46,28,11,6,2,1,3,11.740043094932561,25.961017811965213,1.4220974717032657
left_elbow,4,4,0,3,1,1,0,0,0,108,42.03334718091516,144.03490716656663,10.200155998565151
right_elbow,9,2,2,0,0,0,0,0,40,68,65.94401007199848,168.65832085550474,10.27143107835063
left_hip,12,0,0,0,0,0,1,58,40,10,0.0,180.0,18.0
right_hip,2,1,0,0,0,6,3,1,2,106,8.109720686742609,180.0,17.18902793132574
left_knee,22,17,24,16,20,7,1,0,1,13,0.0,160.80244195434182,16.080244195434183
right_knee,85,19,6,4,5,0,1,0,0,1,0.0,138.27162934943576,13.827162934943576
