Joints,0,1,2,3,4,5,6,7,8,9,Min,Max,Step
left_shoulder,64,50,0,0,0,0,1,3,1,2,19.64174631764433,44.28106902279995,2.46393227051556
right_shoulder,1,11,44,29,19,10,2,3,0,2,13.331968559142073,25.325682773730758,1.1993714214588689
left_elbow,2,2,2,0,0,1,0,0,0,114,41.73587339941307,144.03112571694822,10.22952523175352
right_elbow,4,3,1,0,0,0,0,0,38,75,67.36482024894815,167.57126888583474,10.02064486368866
left_hip,16,0,0,0,0,0,2,58,40,5,0.16903757413303633,180.0,17.983096242586697
right_hip,1,0,0,0,10,0,1,0,13,96,42.01190715135819,180.0,13.798809284864184
left_knee,21,17,24,15,21,1,1,1,6,14,0.0,171.63423364104406,17.163423364104407
right_knee,85,17,9,3,6,0,0,0,0,1,0.0,137.98809284864183,13.798809284864182
