Joints,0,1,2,3,4,5,6,7,8,9,Min,Max,Step
left_shoulder,61,49,0,0,0,1,5,1,1,3,19.48159379122511,45.77384794123501,2.6292254150009917
right_shoulder,1,2,2,10,43,36,17,4,3,3,10.168348446807649,24.01033464210508,1.3841986195297427
left_elbow,4,0,2,1,2,2,0,0,0,110,43.34440716129016,142.79166633362826,9.94472591723381
right_elbow,5,1,5,0,0,0,0,0,26,84,66.82134082341972,166.3678141701001,9.954647334668039
left_hip,19,0,0,0,2,0,1,59,31,9,0.0,180.0,18.0
right_hip,2,0,0,0,8,1,1,0,11,98,42.75623499856833,180.0,13.724376500143165
left_knee,32,14,22,16,17,2,0,1,1,16,0.0,167.2313762691517,16.723137626915168
right_knee,66,29,7,5,4,3,5,1,0,1,0.0,90.0,9.0
