Joints,0,1,2,3,4,5,6,7,8,9,Min,Max,Step
left_shoulder,66,40,0,0,0,0,2,7,4,2,19.986905219970147,43.57031135766592,2.3583406137695775
right_shoulder,1,1,3,29,53,18,9,4,2,1,9.965030789975623,26.007956930187174,1.6042926140211549
left_elbow,2,4,3,1,3,2,0,0,0,106,41.81421209572563,143.89217568164838,10.207796358592276
right_elbow,6,6,3,0,0,0,0,0,33,73,67.1575528643737,167.54703970360484,10.03894868392311
left_hip,18,0,1,0,2,1,0,47,41,11,0.1627564677245226,180.0,17.983724353227547
right_hip,3,1,0,0,13,0,1,0,10,93,42.83806875818624,180.0,13.716193124181373
left_knee,30,16,22,20,14,4,0,0,5,10,0.0,170.72879615162103,17.0728796151621
right_knee,61,15,18,7,6,4,2,3,3,2,0.0,66.10042889387694,6.610042889387694
