Joints,0,1,2,3,4,5,6,7,8,9,Min,Max,Step
left_shoulder,106,0,0,0,0,0,0,0,0,14,0.029869776263339733,144.0542195305574,14.402434975429404
right_shoulder,106,0,0,0,0,0,0,0,0,14,0.04204029277574402,142.7155924012281,14.267355210845235
left_elbow,106,0,0,0,0,0,0,0,0,14,0.0472246974106652,124.52009172651802,12.447286702910734
right_elbow,106,0,0,0,0,0,0,0,2,12,0.05665428103875032,136.16101200965866,13.61043577286199
left_hip,106,0,0,0,0,0,0,0,0,14,0.05607025324127501,132.68895185882923,13.263288160558796
right_hip,106,0,0,0,0,0,0,0,0,14,0.03560728256305465,130.7389383247989,13.070333104223584
left_knee,86,5,4,3,4,5,3,1,7,2,0.037954362985900006,138.36369186729127,13.832573750430537
right_knee,90,4,4,5,3,1,1,0,0,12,0.026702100469902398,139.55314809909558,13.95264459986257
