Joints,0,1,2,3,4,5,6,7,8,9,Min,Max,Step
left_shoulder,102,0,0,0,0,0,0,0,0,18,0.06469635333011803,143.96934357747136,14.390464722414126
right_shoulder,102,0,0,0,0,0,0,0,0,18,0.06472632457307265,142.74094648629426,14.26762201617212
left_elbow,102,0,0,0,0,0,0,0,0,18,0.044209357252290665,127.72834664248656,12.768413728523427
right_elbow,102,0,0,0,0,0,0,0,2,16,0.10478023351285196,135.6465374712361,13.554175723772323
left_hip,102,0,0,0,0,0,0,0,0,18,0.0294012950643303,132.18979416329563,13.21603928682313
right_hip,102,0,0,0,0,0,0,0,0,18,0.1780822684350813,131.05842339612377,13.08803411276887
left_knee,87,5,7,10,1,2,7,0,0,1,0.07981961234680694,190.08583682959758,19.00060172172508
right_knee,89,7,1,4,1,2,0,0,6,10,0.08158612536905792,149.9474197637375,14.986583363836846
