Joints,0,1,2,3,4,5,6,7,8,9,Min,Max,Step
left_shoulder,100,0,0,0,0,0,0,0,0,20,0.06356402204047673,144.1516396629542,14.408807564091372
right_shoulder,100,0,0,0,0,0,0,0,0,20,0.0956694257167603,141.5113241060521,14.141565468033534
left_elbow,100,0,0,0,0,0,0,0,0,20,0.0408139607173944,130.58476696231855,13.054395300160115
right_elbow,99,1,0,0,0,0,0,0,4,16,0.10042001177242046,135.47501088170478,13.537459086993234
left_hip,100,0,0,0,0,0,0,0,0,20,0.008210887528584114,133.0135444964173,13.300533360888872
right_hip,100,0,0,0,0,0,0,0,0,20,0.08075498993413613,129.9467114175755,12.986595642764135
left_knee,86,4,3,6,2,3,13,2,0,1,0.05971724727582409,189.67656513744998,18.96168478901742
right_knee,87,5,0,7,1,0,0,0,8,12,0.05334898846533969,148.72042787878266,14.866707889031733
