Joints,0,1,2,3,4,5,6,7,8,9,Min,Max,Step
left_shoulder,110,0,0,0,0,0,0,0,0,10,0.038684063854556326,145.47929962331077,14.544061555945621
right_shoulder,110,0,0,0,0,0,0,0,0,10,0.0982586605701827,142.50829481961514,14.241003615904495
left_elbow,110,0,0,0,0,0,0,0,0,10,0.058215591916419875,128.4954639970954,12.843724840517899
right_elbow,110,0,0,0,0,0,0,0,0,10,0.07453939541305662,134.89335938709223,13.481881999167916
left_hip,110,0,0,0,0,0,0,0,0,10,0.16350338669063316,131.9944781501473,13.183097476345669
right_hip,110,0,0,0,0,0,0,0,0,10,0.1519117481043621,129.91466094462228,12.976274919651791
left_knee,85,8,2,5,4,7,2,3,0,4,0.06700210727228564,127.25644174940132,12.718943964212903
right_knee,89,4,2,11,4,3,0,0,0,7,0.1140736956931687,145.98309650179698,14.58690228061038
