Joints,0,1,2,3,4,5,6,7,8,9,Min,Max,Step
left_shoulder,106,0,0,0,0,0,0,0,0,14,0.03549120862074022,143.64037439065925,14.360488318203853
right_shoulder,106,0,0,0,0,0,0,0,0,14,0.11291184420834192,142.08247048679604,14.196955864258769
left_elbow,106,0,0,0,0,0,0,0,0,14,0.01909086122683567,128.62434888289724,12.860525802167041
right_elbow,105,1,0,0,0,0,0,0,4,10,0.08779638456673347,135.56299040841336,13.547519402384662
left_hip,106,0,0,0,0,0,0,0,0,14,0.028453186340936257,134.07218207484044,13.404372888849952
right_hip,106,0,0,0,0,0,0,0,0,14,0.17608167420427295,129.9160833223002,12.974000164809592
left_knee,87,3,4,8,5,3,7,0,1,2,0.03913837752390253,190.15192980753528,19.01127914300114
right_knee,94,4,1,2,5,2,0,0,1,11,0.03254141314786724,139.06019196425524,13.902765055110738
