Joints,0,1,2,3,4,5,6,7,8,9,Min,Max,Step
left_shoulder,83,0,0,0,0,0,0,0,0,37,0.05242127224256573,143.53491918252706,14.34824979102845
right_shoulder,83,0,0,0,0,0,0,0,0,37,0.036960963825110826,143.18934373517413,14.3152382771349
left_elbow,79,4,0,0,0,0,0,0,2,35,0.011496057148031643,131.1240322643975,13.111253620724947
right_elbow,77,6,0,0,0,0,0,0,5,32,0.08824805721241276,135.34166429470793,13.52534162374955
left_hip,83,0,0,0,0,0,0,0,0,37,0.0053172665487842856,131.84615231648328,13.184083504993449
right_hip,83,0,0,0,0,0,0,0,0,37,0.050774897122977364,129.16475842658505,12.911398352946208
left_knee,75,5,6,1,2,7,22,1,0,1,0.08645277760098223,190.0294416081569,18.994298883055592
right_knee,81,0,1,0,0,4,0,1,2,31,0.09450761818863856,145.68336881587817,14.558886119768953
