Joints,0,1,2,3,4,5,6,7,8,9,Min,Max,Step
left_shoulder,98,0,0,0,0,0,0,0,0,22,0.06420400186795394,144.68369302951584,14.461948902764789
right_shoulder,98,0,0,0,0,0,0,0,0,22,0.01939171178978241,142.99446191232755,14.297507020053777
left_elbow,98,0,0,0,0,0,0,0,1,21,0.029112505935342394,129.2487433846531,12.921963087871777
right_elbow,98,0,0,0,0,0,0,0,1,21,0.037032059387021234,134.73576792685816,13.469873586747113
left_hip,98,0,0,0,0,0,0,0,0,22,0.08496143214860061,133.36432852580995,13.327936709366137
right_hip,98,0,0,0,0,0,0,0,0,22,0.053726072779835536,129.13581253768533,12.90820864649055
left_knee,79,3,7,4,7,5,12,0,1,2,0.08269135232776162,190.52456425976715,19.04418729074394
right_knee,84,3,1,7,3,4,0,0,1,17,0.11754347854716175,143.55062174725433,14.343307826870717
