Joints,0,1,2,3,4,5,6,7,8,9,Min,Max,Step
left_shoulder,96,0,0,0,0,0,0,0,0,24,0.049473286371325836,143.6273098759957,14.357783658962438
right_shoulder,96,0,0,0,0,0,0,0,0,24,0.1166255473483762,142.79177582872975,14.267515028138138
left_elbow,96,0,0,0,0,0,0,0,1,23,0.05548116686018576,129.04615896461564,12.899067779775546
right_elbow,96,0,0,0,0,0,0,0,3,21,0.06075171651948968,136.0612464504182,13.60004947338987
left_hip,96,0,0,0,0,0,0,0,0,24,0.1405203217746179,132.45322581925743,13.23127054974828
right_hip,96,0,0,0,0,0,0,0,0,24,0.13229202568638762,130.71475352916755,13.058246150348117
left_knee,83,2,4,1,6,3,2,5,8,6,0.08288646692063091,138.4345791131175,13.835169264619688
right_knee,86,2,3,3,5,2,0,0,0,19,0.14616300298045895,143.67513990845794,14.352897690547746
