Joints,0,1,2,3,4,5,6,7,8,9,Min,Max,Step
left_shoulder,66,114,29,11,16,1,1,0,1,1,10.559931187425072,117.53699260348091,10.697706141605586
right_shoulder,14,166,40,9,6,3,0,0,0,2,0.9282433131942124,172.04204380678982,17.11138004935956
left_elbow,1,1,9,3,8,6,11,36,70,95,8.849291904738108,179.99999540228822,17.11507034975501
right_elbow,3,2,3,4,10,5,7,20,64,122,0.0,180.0,18.0
left_hip,3,3,3,24,91,105,8,1,1,1,0.0,180.0,18.0
right_hip,3,2,2,24,109,92,1,3,2,2,0.0,180.0,18.0
left_knee,1,0,1,0,0,1,2,22,49,164,11.19810192033122,180.0,16.88018980796688
right_knee,1,0,0,0,1,1,13,26,49,149,17.0803187402686,180.0,16.29196812597314
