Joints,0,1,2,3,4,5,6,7,8,9,Min,Max,Step
left_shoulder,15,102,68,18,12,16,1,2,1,5,0.0,129.37303193317857,12.937303193317856
right_shoulder,17,139,53,9,5,6,6,0,1,4,0.0,167.65506664533513,16.76550666453351
left_elbow,1,4,7,8,11,7,9,44,64,85,0.0,180.0,18.0
right_elbow,9,9,3,4,5,11,5,12,72,110,0.0,180.0,18.0
left_hip,16,9,1,27,80,88,13,3,1,2,0.0,177.37320981856652,17.73732098185665
right_hip,10,5,3,29,73,91,5,3,14,7,0.0,178.57713563064613,17.857713563064614
left_knee,2,0,2,1,7,2,6,16,44,160,14.686442473883767,180.0,16.531355752611624
right_knee,3,1,1,5,4,4,6,17,39,160,0.0,180.0,18.0
