Joints,0,1,2,3,4,5,6,7,8,9,Min,Max,Step
left_shoulder,188,25,12,7,1,0,0,0,1,5,0.0,170.0670205871401,17.00670205871401
right_shoulder,171,38,8,10,6,0,0,0,3,3,0.0,163.62453416148608,16.362453416148607
left_elbow,146,64,12,8,2,1,0,0,1,5,0.0,172.55745984593915,17.255745984593915
right_elbow,146,57,16,7,6,1,0,2,1,3,0.0,163.403657358452,16.3403657358452
left_hip,196,21,12,3,1,0,0,2,3,1,0.0,189.38615090991928,18.938615090991927
right_hip,192,20,14,6,1,0,0,1,4,1,0.0,181.3610914948669,18.136109149486693
left_knee,197,19,6,7,2,2,0,0,2,4,0.0,155.094591658335,15.5094591658335
right_knee,189,24,7,1,5,7,0,0,0,6,0.0,153.45784856568451,15.345784856568452
