Joints,0,1,2,3,4,5,6,7,8,9,Min,Max,Step
left_shoulder,225,11,1,0,0,0,0,0,0,2,0.0,203.1667479130159,20.31667479130159
right_shoulder,225,12,0,0,0,0,0,0,0,2,0.0,196.3949129168276,19.63949129168276
left_elbow,167,63,3,4,0,0,0,0,0,2,0.0,205.70392065866463,20.570392065866464
right_elbow,162,71,3,1,0,0,0,0,0,2,0.0,196.25219629380328,19.62521962938033
left_hip,226,11,0,0,0,0,0,0,0,2,0.0,203.86785735688989,20.38678573568899
right_hip,226,9,0,2,0,0,0,0,0,2,0.0,199.3794347810916,19.93794347810916
left_knee,232,5,0,0,0,0,0,0,0,2,0.0,194.13525773322888,19.41352577332289
right_knee,222,15,0,0,0,0,0,0,0,2,0.0,173.64276060014924,17.364276060014923
