Joints,0,1,2,3,4,5,6,7,8,9,Min,Max,Step
left_shoulder,191,14,3,3,2,4,8,2,10,2,0.0,234.1036795596383,23.410367955963828
right_shoulder,185,18,3,1,1,9,6,0,10,6,0.0,211.01650728775257,21.101650728775258
left_elbow,175,34,0,2,5,1,6,9,5,2,0.0,243.9642896982616,24.39642896982616
right_elbow,167,37,3,3,1,7,3,7,6,5,0.0,221.28477421179508,22.128477421179507
left_hip,192,13,2,3,1,5,4,8,3,8,0.0,217.17710081269,21.717710081269
right_hip,195,12,0,2,0,7,5,3,9,6,0.0,214.28164512673828,21.428164512673828
left_knee,192,15,2,0,2,2,4,8,9,5,0.0,198.958090140742,19.8958090140742
right_knee,197,11,1,2,0,2,3,13,8,2,0.0,203.10025411538203,20.310025411538202
