Joints,0,1,2,3,4,5,6,7,8,9,Min,Max,Step
left_shoulder,197,8,5,8,7,5,4,3,1,1,0.0,257.6731326020424,25.76731326020424
right_shoulder,198,6,3,7,3,14,5,2,0,1,0.0,258.0606608175195,25.806066081751947
left_elbow,189,15,5,4,10,4,6,2,2,2,0.0,245.62771277116843,24.562771277116845
right_elbow,197,8,4,7,2,10,7,3,0,1,0.0,255.52182074661943,25.552182074661943
left_hip,198,7,6,4,8,7,4,2,2,1,0.0,262.2924028679695,26.229240286796948
right_hip,198,5,6,5,3,13,4,4,0,1,0.0,262.67893581956486,26.267893581956486
left_knee,199,8,5,5,7,8,5,1,0,1,0.0,282.83887445777543,28.283887445777545
right_knee,197,8,4,4,2,4,13,6,0,1,0.0,231.32215212234496,23.132215212234495
