Joints,0,1,2,3,4,5,6,7,8,9,Min,Max,Step
left_shoulder,62,92,31,20,9,7,3,1,0,1,0.1695328645097717,172.27667680480874,17.2107143940299
right_shoulder,51,90,52,18,10,2,1,1,0,1,0.8529552672869073,169.19697757905038,16.834402231176348
left_elbow,15,10,15,26,36,35,23,18,12,36,4.107057276311855,179.19855957218925,17.50915022958774
right_elbow,11,13,25,25,38,39,20,26,14,15,0.0546824208947637,179.1211127524179,17.906643033152314
left_hip,19,13,11,7,34,59,29,8,19,27,0.026480078473682108,180.0,17.99735199215263
right_hip,7,6,7,15,21,83,37,13,17,20,4.4501946968840125,180.0,17.5549805303116
left_knee,39,18,18,18,27,20,8,11,15,52,0.0,178.98077066121581,17.89807706612158
right_knee,29,18,13,24,22,26,14,18,20,42,0.0,179.8301164688889,17.98301164688889
