Joints,0,1,2,3,4,5,6,7,8,9,Min,Max,Step
left_shoulder,24,47,49,27,9,19,16,20,13,2,0.3315968502753664,114.10585785830038,11.377426100802502
right_shoulder,45,95,28,23,11,13,9,0,1,1,0.4744420065063476,169.58816252281343,16.91137205163071
left_elbow,12,7,10,9,76,24,14,18,27,29,0.0,176.9023846411367,17.69023846411367
right_elbow,5,8,31,48,25,15,23,40,20,11,7.548101368865639,179.65459421775338,17.210649284888774
left_hip,17,7,4,3,21,94,39,9,15,17,0.0799720784541999,179.84923468777032,17.976926260931613
right_hip,15,11,7,6,12,105,40,9,9,12,1.3854755221268875,176.83253041002953,17.544705488790264
left_knee,34,28,9,15,21,40,8,5,14,52,0.0,179.66874440690304,17.966874440690304
right_knee,26,33,13,17,29,34,12,8,15,39,0.0,179.87591505660941,17.98759150566094
