Joints,0,1,2,3,4,5,6,7,8,9,Min,Max,Step
left_shoulder,26,42,47,27,17,16,20,13,14,4,0.5784858129841388,113.17032055951216,11.259183474652803
right_shoulder,44,88,48,24,12,4,2,3,0,1,0.6568930919280863,178.09372044351048,17.743682735158238
left_elbow,14,12,10,17,60,42,13,18,23,17,0.10312389095333692,179.54126543830697,17.943814154735364
right_elbow,4,11,33,39,34,23,28,20,16,18,3.0601313641811965,174.72951514517442,17.166938378099324
left_hip,14,11,11,4,18,83,39,9,15,22,0.0,177.17654357179092,17.717654357179093
right_hip,11,9,10,12,9,94,39,19,12,11,0.0,176.01353942226825,17.601353942226826
left_knee,23,35,10,12,26,36,9,7,12,56,0.0,179.72752253552184,17.972752253552184
right_knee,27,24,25,7,21,41,11,14,21,35,0.0,179.84336827910218,17.98433682791022
