Joints,0,1,2,3,4,5,6,7,8,9,Min,Max,Step
left_shoulder,14,18,95,16,12,10,16,18,16,11,0.8537936197163237,99.25651569143787,9.840272207172154
right_shoulder,42,83,25,9,14,33,13,2,2,3,0.7317160501705688,172.81196932028854,17.208025327011796
left_elbow,7,4,8,10,106,26,3,16,31,15,2.7782954851957866,178.25599786432124,17.547770237912545
right_elbow,5,15,29,43,23,18,16,35,20,22,11.518274062801618,179.74106684159898,16.822279277879737
left_hip,22,8,3,3,7,85,21,10,27,40,1.8031613705064085,178.8804570769247,17.707729570641828
right_hip,38,17,9,14,11,89,17,6,9,16,1.4787793334711022e-05,177.7696895999034,17.776967481211006
left_knee,59,42,11,9,17,38,11,6,2,31,0.0,179.74376256362038,17.97437625636204
right_knee,31,51,21,14,13,40,9,9,10,28,0.0,179.10540356388196,17.910540356388196
