Joints,0,1,2,3,4,5,6,7,8,9,Min,Max,Step
left_shoulder,24,43,57,17,17,17,20,16,14,1,0.04032303439353401,115.94092330346392,11.590060026907038
right_shoulder,49,78,29,23,8,18,15,4,0,2,0.37208261769337614,158.21851356324274,15.784643094554937
left_elbow,6,4,6,7,92,30,14,20,28,19,0.9893239070872628,180.0,17.901067609291275
right_elbow,3,6,20,38,29,16,32,38,25,19,4.520739604965806,179.58495818055206,17.506421857558628
left_hip,12,8,7,3,14,91,35,9,17,30,0.8447757747691806,177.9093126662749,17.70645368915057
right_hip,20,13,6,9,10,108,26,11,5,18,1.3796083591137356,179.44226209329747,17.806265373418373
left_knee,48,39,12,14,22,27,7,8,10,39,0.0,179.94645454059673,17.994645454059672
right_knee,34,30,23,10,16,52,9,8,14,30,0.0,179.78492549790354,17.978492549790353
