Joints,0,1,2,3,4,5,6,7,8,9,Min,Max,Step
left_shoulder,51,28,22,17,19,13,24,27,13,11,0.2842274042834227,238.89643786965507,23.861221046537164
right_shoulder,58,30,20,28,34,30,15,7,2,1,1.290265391996532,283.3250986035826,28.203483321158608
left_elbow,33,46,19,17,21,27,32,10,11,9,2.6558073749675137,249.70201067090042,24.70462032959329
right_elbow,55,35,16,31,23,27,26,7,2,3,2.2426183850709167,261.36142221062744,25.911880382555655
left_hip,37,41,18,17,16,19,21,22,25,9,2.751435683638749,248.25576693021495,24.55043312465762
right_hip,42,34,21,15,26,22,25,28,10,2,2.1161482963305334,249.7600693995739,24.764392110324337
left_knee,35,29,38,26,18,22,11,24,6,16,0.8084313375590226,279.84305134030336,27.903462000274438
right_knee,32,34,36,27,28,27,18,12,8,3,1.8648977730521643,260.6524440666297,25.87875462935775
