Joints,0,1,2,3,4,5,6,7,8,9,Min,Max,Step
left_shoulder,109,6,0,0,0,0,0,63,38,9,0.09659831187792678,207.25163929599773,20.71550409841198
right_shoulder,111,2,2,0,0,0,2,10,25,73,0.31214297965105964,233.5671685322941,23.3255025552643
left_elbow,103,7,5,0,0,0,18,54,18,20,0.14489662938252965,185.4798975436271,18.533500091424454
right_elbow,75,15,14,14,16,9,18,24,25,15,0.7568138983641068,260.9912670510424,26.023445315267832
left_hip,110,5,0,0,0,0,0,23,82,5,0.6023444344112977,245.38793413345002,24.478558969903872
right_hip,98,16,1,0,0,0,0,3,28,79,0.20001540419374986,258.70873156587805,25.850871616168426
left_knee,76,21,12,6,45,25,27,10,2,1,0.5120629172871829,192.17490599527397,19.16628430779868
right_knee,71,23,15,2,8,10,8,75,12,1,0.6972054273868644,259.6326647503223,25.893545932293545
