Joints,0,1,2,3,4,5,6,7,8,9,Min,Max,Step
left_shoulder,3,4,8,8,28,78,6,3,9,5,-158.60676925801326,152.87576948145477,31.1482538739468
right_shoulder,3,3,4,7,20,95,13,3,2,2,-165.87709780025506,156.7667098421224,32.26438076423773
left_elbow,2,11,14,8,80,11,12,10,2,2,-148.49570572459226,179.90027003366387,32.83959757582561
right_elbow,6,5,7,7,76,26,7,7,7,4,-164.27978677524783,164.7384364833995,32.90182232586474
left_hip,7,2,11,6,17,81,6,15,4,3,-161.17914637909558,157.03114260154783,31.821028898064355
right_hip,2,6,6,10,16,82,9,14,4,3,-165.1216157001811,159.72683456700818,32.484845026718915
left_knee,4,4,5,9,18,87,14,2,5,4,-169.39511312368685,162.8365616633059,33.22316747869928
right_knee,3,5,4,10,104,12,4,3,3,4,-147.17876266567086,164.4858364274321,31.166459909310305
