Joints,0,1,2,3,4,5,6,7,8,9,Min,Max,Step
left_shoulder,4,5,4,4,25,86,12,8,2,2,-169.11383222593975,164.39882466193242,33.35126568878721
right_shoulder,3,2,7,7,17,92,8,10,3,3,-141.52189624525076,129.5929161668037,27.11148124120544
left_elbow,3,9,4,8,84,19,9,6,8,2,-168.56693219502682,174.23220594704273,34.279913814206964
right_elbow,3,3,8,13,83,23,8,4,6,1,-161.67578025280682,173.4043383918679,33.50801186446748
left_hip,3,1,7,8,25,81,8,10,6,3,-176.15057881982705,160.8293209627024,33.69798997825296
right_hip,4,2,10,8,20,81,16,6,2,3,-173.68978220827637,172.79337241377658,34.64831546220529
left_knee,2,5,9,11,92,15,9,3,1,5,-152.85805082080068,167.86480032536224,32.07228511461629
right_knee,6,2,5,7,94,22,6,3,4,3,-152.63693391407722,164.83778698379186,31.74747208978691
