Joints,0,1,2,3,4,5,6,7,8,9,Min,Max,Step
left_shoulder,3,5,4,6,20,92,7,5,6,4,-163.94965063973078,151.93297748904837,31.58826281287793
right_shoulder,5,1,5,12,84,27,7,2,2,7,-158.5341676538331,159.72337510028808,31.825754275412123
left_elbow,4,4,6,8,22,79,12,6,7,4,-160.68817991995633,155.8523757032011,31.654055562315733
right_elbow,4,3,7,13,76,26,7,7,5,4,-167.95261361194298,169.7652373505628,33.771785096250596
left_hip,5,4,9,10,88,14,10,8,2,2,-153.163921966047,177.34272111524666,33.05066430812937
right_hip,3,2,9,9,20,80,11,13,4,1,-174.17478358628978,162.46038759117883,33.66351711774686
left_knee,6,4,4,4,89,24,7,4,4,6,-173.78735859572532,177.2325197601733,35.10198783558985
right_knee,5,2,3,8,22,90,8,5,6,3,-180.0,164.48554653881015,34.44855465388102
