Joints,0,1,2,3,4,5,6,7,8,9,Min,Max,Step
left_shoulder,4,7,5,4,87,26,5,2,5,7,-152.39703366177142,160.69026347507798,31.30872971368494
right_shoulder,2,3,4,6,14,100,8,6,4,5,-172.216645426003,146.9020105514376,31.911865597744054
left_elbow,3,6,8,8,24,77,8,8,5,5,-173.15929104709258,166.53391211427217,33.969320316136475
right_elbow,3,5,8,10,97,15,4,5,3,2,-146.31338762848497,167.32656955143148,31.363995717991642
left_hip,1,2,9,13,89,11,17,6,1,3,-162.07363352711678,164.17552060876855,32.624915413588525
right_hip,2,2,5,6,17,88,11,11,6,4,-154.56176005356082,129.84359160511192,28.440535165867274
left_knee,6,4,1,8,91,24,7,4,3,4,-169.43789761755258,177.89971344447625,34.73376110620288
right_knee,2,2,2,4,21,105,9,2,3,2,-180.0,165.6954831343611,34.569548313436115
