Joints,0,1,2,3,4,5,6,7,8,9,Min,Max,Step
left_shoulder,4,3,6,2,24,94,3,4,7,5,-167.86612470506185,158.63520913230042,32.65013338373623
right_shoulder,3,4,3,10,36,77,6,6,4,3,-151.0883671264974,149.8903713615972,30.097873848809456
left_elbow,5,13,14,13,76,6,11,9,2,3,-130.2418141944803,174.71903689465677,30.496085108913704
right_elbow,3,6,7,12,90,12,11,5,5,1,-151.84619530471642,166.9730634531881,31.881925875790458
left_hip,3,4,8,9,84,18,14,7,3,2,-172.1060789532014,176.24419461099484,34.83502735641963
right_hip,3,3,11,8,77,25,11,8,3,3,-163.98611429243255,164.21399478766998,32.82001090801026
left_knee,6,2,2,6,16,95,13,6,3,3,-169.60626201871864,160.64988176780668,33.025614378652534
right_knee,3,2,5,4,104,24,4,2,3,1,-156.32183088282827,165.96984518805374,32.2291676070882
