Joints,0,1,2,3,4,5,6,7,8,9,Min,Max,Step
left_shoulder,2,4,6,5,19,90,11,5,7,3,-177.84471244462088,159.5527111236326,33.73974235682533
right_shoulder,2,4,1,9,96,25,7,3,2,3,-168.01541128509137,172.98494156468965,34.100035284978105
left_elbow,5,6,8,13,86,10,8,10,2,4,-136.05101220453818,155.2286194777607,29.127963168229883
right_elbow,5,3,4,10,13,93,8,4,7,5,-169.56350504751154,158.83938263989995,32.840288768741146
left_hip,2,1,6,10,18,88,8,13,4,2,-172.31867861162402,149.77700709871687,32.20956857103408
right_hip,1,2,7,11,10,99,10,7,2,3,-180.0,159.27457648912667,33.92745764891265
left_knee,5,4,2,6,18,91,13,7,3,3,-165.67712614808462,157.39056339828198,32.30676895463668
right_knee,2,1,5,4,22,99,8,3,3,5,-180.0,164.22646800533144,34.42264680053313
