Joints,0,1,2,3,4,5,6,7,8,9,Min,Max,Step
left_shoulder,45,22,18,8,7,10,21,3,3,15,0.0,170.96126203197082,17.09612620319708
right_shoulder,32,30,14,16,13,13,8,13,5,8,0.0,169.76282830454036,16.976282830454036
left_elbow,33,15,5,12,24,32,9,6,7,9,0.0,180.0,18.0
right_elbow,33,6,10,33,18,13,17,5,9,8,0.0,179.9999886412804,17.999998864128038
left_hip,44,17,5,8,21,29,9,1,7,11,0.0,179.39206390743539,17.93920639074354
right_hip,34,1,11,12,29,23,3,4,9,26,0.0,180.0,18.0
left_knee,20,4,3,5,5,2,8,7,28,70,0.0,179.94876063879727,17.994876063879726
right_knee,12,9,7,2,5,3,21,7,45,41,0.0,178.735018863902,17.8735018863902
