Joints,0,1,2,3,4,5,6,7,8,9,Min,Max,Step
left_shoulder,52,39,24,5,7,8,4,4,6,3,0.0,176.41373372788416,17.641373372788415
right_shoulder,49,31,5,15,10,11,9,12,5,5,0.0,176.9025745999731,17.69025745999731
left_elbow,33,11,3,13,12,22,25,14,9,10,0.0,180.0,18.0
right_elbow,28,16,7,31,20,10,8,18,9,5,0.0,175.43551927363998,17.543551927364
left_hip,24,9,14,12,19,24,11,19,14,6,0.0,180.0,18.0
right_hip,22,4,34,19,19,20,8,8,12,6,0.0,180.0,18.0
left_knee,15,15,3,10,3,1,26,7,18,54,0.0,179.8288274291313,17.98288274291313
right_knee,12,13,11,4,1,5,24,11,32,39,0.0,180.0,18.0
