Joints,0,1,2,3,4,5,6,7,8,9,Min,Max,Step
left_shoulder,56,29,20,7,5,12,7,7,5,4,0.0,176.8260801534241,17.68260801534241
right_shoulder,27,17,35,15,13,20,11,6,3,5,0.0,173.68513008706836,17.368513008706834
left_elbow,49,12,7,7,10,7,31,10,8,11,0.0,177.98326349370643,17.798326349370644
right_elbow,26,17,4,20,31,7,11,11,19,6,0.0,178.92291314221023,17.892291314221023
left_hip,25,13,9,13,24,38,8,2,7,13,0.0,179.48478513963337,17.948478513963337
right_hip,30,1,15,28,23,22,4,7,12,10,0.0,180.0,18.0
left_knee,19,8,7,9,7,4,17,8,19,54,0.0,180.0,18.0
right_knee,15,19,8,4,6,15,2,7,35,41,0.0,179.1315343320785,17.91315343320785
