Joints,0,1,2,3,4,5,6,7,8,9,Min,Max,Step
left_shoulder,40,37,16,5,11,9,18,8,3,5,0.0,175.2297641934833,17.522976419348332
right_shoulder,34,37,20,10,7,12,7,9,1,15,0.0,173.68513008706836,17.368513008706834
left_elbow,37,10,3,10,19,24,23,4,10,12,0.0,180.0,18.0
right_elbow,30,13,2,16,35,12,15,10,11,8,0.0,179.99999540228822,17.99999954022882
left_hip,47,11,8,10,24,19,9,1,6,17,0.0,178.23235936094153,17.823235936094154
right_hip,34,1,9,15,35,16,5,6,12,19,0.0,180.0,18.0
left_knee,12,14,6,7,5,1,8,11,22,66,0.0,180.0,18.0
right_knee,12,12,4,8,13,7,17,11,28,40,0.0,179.3795919261356,17.937959192613558
