Joints,0,1,2,3,4,5,6,7,8,9,Min,Max,Step
left_shoulder,51,48,16,3,8,8,5,5,3,5,0.0,178.11636208415572,17.81163620841557
right_shoulder,40,23,12,9,14,9,9,8,20,8,0.0,171.70638296005106,17.170638296005105
left_elbow,45,12,9,11,12,11,29,10,4,9,0.0,180.0,18.0
right_elbow,36,10,11,23,19,13,7,19,9,5,0.0,180.0,18.0
left_hip,32,15,5,9,14,30,7,2,20,18,0.0,180.0,18.0
right_hip,40,14,7,11,22,22,8,5,8,15,0.0,180.0,18.0
left_knee,27,5,2,7,4,3,8,16,15,65,0.0,179.67275874538532,17.967275874538533
right_knee,16,12,11,2,5,4,6,7,52,37,0.0,180.0,18.0
