Joints,0,1,2,3,4,5,6,7,8,9,Min,Max,Step
left_shoulder,47,38,16,9,6,15,5,5,4,7,0.0,180.0,18.0
right_shoulder,49,15,15,12,20,7,7,9,7,11,0.0,175.60563732827197,17.560563732827198
left_elbow,40,14,7,9,12,15,31,7,9,8,0.0,178.21057668939636,17.821057668939638
right_elbow,37,9,10,22,20,7,19,13,10,5,0.0,176.945965774288,17.6945965774288
left_hip,24,23,9,11,25,21,14,5,5,15,0.0,176.46366623877725,17.646366623877725
right_hip,21,15,4,11,36,20,2,6,24,13,0.0,180.0,18.0
left_knee,10,17,5,7,5,5,20,12,20,51,0.0,179.9412970445671,17.99412970445671
right_knee,10,14,3,12,9,5,5,9,52,33,0.0,180.0,18.0
