Joints,0,1,2,3,4,5,6,7,8,9,Min,Max,Step
left_shoulder,85,15,13,5,1,3,9,8,8,4,0.0,218.97805104555232,21.897805104555232
right_shoulder,90,4,15,9,6,4,6,8,4,5,0.0,232.83539707658366,23.283539707658367
left_elbow,94,6,8,8,7,2,12,2,6,6,0.0,224.68560037783683,22.468560037783682
right_elbow,99,8,11,5,3,5,4,5,7,4,0.0,244.45814536939343,24.445814536939345
left_hip,88,14,14,5,9,6,3,2,8,2,0.0,267.49594722811094,26.749594722811093
right_hip,85,10,8,13,9,9,3,9,0,5,0.0,258.80933482454697,25.880933482454697
left_knee,97,13,11,12,1,3,6,1,4,3,0.0,228.7945056044255,22.87945056044255
right_knee,97,11,15,7,3,5,4,3,3,3,0.0,241.13785162756173,24.113785162756173
