Joints,0,1,2,3,4,5,6,7,8,9,Min,Max,Step
left_shoulder,114,4,10,3,1,3,8,4,3,1,0.0,248.8083132209401,24.88083132209401
right_shoulder,111,4,6,10,3,6,7,1,2,1,0.0,260.9712020055085,26.097120200550847
left_elbow,105,11,11,7,0,6,1,7,1,2,0.0,258.18098689086617,25.818098689086618
right_elbow,102,9,12,5,4,11,1,5,0,2,0.0,260.0729658273545,26.00729658273545
left_hip,101,15,10,3,4,8,3,1,3,3,0.0,245.03457920796242,24.503457920796244
right_hip,100,12,5,10,4,11,2,3,3,1,0.0,249.25981945128865,24.925981945128864
left_knee,106,17,10,4,2,2,6,1,0,3,0.0,224.06240146132853,22.406240146132852
right_knee,105,15,9,9,1,6,2,1,1,2,0.0,232.49354031779146,23.249354031779145
