Joints,0,1,2,3,4,5,6,7,8,9,Min,Max,Step
left_shoulder,128,8,1,1,0,5,7,0,0,1,0.0,251.87467861288317,25.18746786128832
right_shoulder,128,7,3,2,0,5,4,1,0,1,0.0,262.9206436536176,26.29206436536176
left_elbow,109,9,8,4,7,2,3,1,2,6,0.0,198.9186324721965,19.89186324721965
right_elbow,120,4,6,6,1,6,2,4,1,1,0.0,260.42394744211583,26.042394744211585
left_hip,116,11,7,8,1,3,4,0,0,1,0.0,255.50319584460328,25.55031958446033
right_hip,118,9,7,4,5,3,2,2,0,1,0.0,265.9631511409911,26.59631511409911
left_knee,108,17,12,3,0,0,5,4,1,1,0.0,220.33509343547686,22.033509343547685
right_knee,116,12,7,1,2,2,6,4,0,1,0.0,215.2129925584369,21.52129925584369
