Joints,0,1,2,3,4,5,6,7,8,9,Min,Max,Step
left_shoulder,106,16,8,4,1,5,3,5,0,3,0.0,275.0897495260922,27.50897495260922
right_shoulder,107,7,11,2,5,9,6,1,0,3,0.0,299.61928711322093,29.961928711322095
left_elbow,102,9,8,13,2,4,2,7,2,2,0.0,258.90641933021703,25.890641933021705
right_elbow,109,9,5,2,5,8,7,1,1,4,0.0,280.92230938884444,28.092230938884445
left_hip,98,17,11,4,5,5,3,2,4,2,0.0,268.92408850046155,26.892408850046156
right_hip,100,16,4,9,1,7,2,5,5,2,0.0,263.07926627373166,26.307926627373167
left_knee,99,19,7,5,4,3,4,2,5,3,0.0,226.9788321593504,22.69788321593504
right_knee,113,10,6,4,6,1,3,3,1,4,0.0,259.8035577336532,25.980355773365318
