Joints,0,1,2,3,4,5,6,7,8,9,Min,Max,Step
left_shoulder,95,13,9,6,9,3,6,3,5,2,0.0,246.3268798969412,24.63268798969412
right_shoulder,95,8,9,15,1,9,5,5,3,1,0.0,257.1812622147724,25.71812622147724
left_elbow,94,11,9,14,3,5,4,5,2,4,0.0,256.9627286899811,25.696272868998108
right_elbow,93,11,12,8,3,7,7,5,1,4,0.0,259.16705338283595,25.916705338283595
left_hip,96,7,16,2,10,6,5,2,4,3,0.0,260.6604176086196,26.066041760861957
right_hip,89,9,11,13,7,4,9,3,2,4,0.0,260.2382389869691,26.02382389869691
left_knee,99,12,7,5,4,4,8,5,4,3,0.0,232.0567956073498,23.205679560734982
right_knee,101,15,5,4,2,3,5,5,6,5,0.0,235.75514086586384,23.575514086586384
