Joints,0,1,2,3,4,5,6,7,8,9,Min,Max,Step
left_shoulder,80,1,3,8,5,1,1,1,1,1,0.0,316.1842058259872,31.61842058259872
right_shoulder,79,2,0,8,7,2,1,0,2,1,0.0,300.71093794428924,30.071093794428926
left_elbow,80,0,5,6,6,1,1,0,2,1,0.0,312.5958492508236,31.25958492508236
right_elbow,79,2,3,5,8,1,1,0,2,1,0.0,304.5860362570982,30.45860362570982
left_hip,80,1,2,10,4,1,1,0,2,1,0.0,310.5607931540148,31.05607931540148
right_hip,78,3,0,8,7,2,1,0,2,1,0.0,298.9795605947467,29.897956059474673
left_knee,80,1,2,8,6,1,1,0,2,1,0.0,306.74643048538877,30.674643048538876
right_knee,78,3,0,9,6,2,1,0,2,1,0.0,298.0625833298674,29.806258332986737
