Joints,0,1,2,3,4,5,6,7,8,9,Min,Max,Step
left_shoulder,5,20,41,5,22,14,10,7,9,4,0.6896955073642461,75.36700536985356,7.46773098624893
right_shoulder,28,32,25,6,10,5,14,10,5,2,0.0,65.81876615125036,6.581876615125036
left_elbow,3,1,1,34,30,12,6,9,26,15,41.82383380432653,179.85429539670793,13.803046159238143
right_elbow,2,1,0,1,6,11,33,25,31,27,17.654571290658637,179.83095612458217,16.21763848339235
left_hip,9,5,12,24,55,20,5,0,2,5,46.37615098817989,140.58821853596908,9.421206754778922
right_hip,5,2,0,1,5,31,65,19,5,4,40.00569547605808,129.53777169568906,8.953207621963102
left_knee,4,0,4,2,1,6,9,9,18,84,3.7420501268134987,180.0,17.62579498731865
right_knee,7,0,1,0,2,0,3,26,49,49,0.0,180.0,18.0
