Joints,0,1,2,3,4,5,6,7,8,9,Min,Max,Step
left_shoulder,50,38,23,10,5,2,2,3,0,3,0.0,9.934534948962645,0.9934534948962644
right_shoulder,77,30,13,8,4,2,0,1,0,1,0.0,16.857535762698625,1.6857535762698626
left_elbow,59,33,20,9,2,4,5,1,1,2,0.0,16.323359917444133,1.6323359917444134
right_elbow,93,26,8,4,1,1,1,0,1,1,0.0,41.45575032932186,4.145575032932186
left_hip,33,50,30,8,6,2,2,3,1,1,0.0,8.933739297414679,0.8933739297414679
right_hip,79,40,11,3,0,1,0,0,0,2,0.0,19.3435590481635,1.93435590481635
left_knee,51,39,25,13,3,2,1,0,1,1,0.0,13.311281710498312,1.3311281710498313
right_knee,84,32,7,3,3,0,0,4,2,1,0.0,20.319725582541572,2.0319725582541572
