Joints,0,1,2,3,4,5,6,7,8,9,Min,Max,Step
left_shoulder,2,0,0,1,54,105,2,1,0,1,-122.39934394049395,121.01501773694037,24.341436167743424
right_shoulder,1,0,0,1,131,32,0,0,0,1,-168.15142198282737,173.5724331137034,34.17238550965308
left_elbow,4,3,3,3,109,31,4,1,3,5,-159.31841368428456,172.17016726751842,33.1488580951803
right_elbow,3,3,0,8,74,69,7,0,1,1,-153.65236633082256,158.1452919595518,31.179765829037436
left_hip,2,3,6,4,34,98,5,5,7,2,-82.99842730924723,75.41789943794805,15.841632674719534
right_hip,1,3,1,4,28,114,10,0,3,2,-124.42301458902023,112.40957920011844,23.683259378913874
left_knee,4,3,3,8,47,85,6,2,1,7,-101.17292669025072,97.65390606536137,19.882683275561206
right_knee,10,8,11,10,73,21,8,10,9,6,-94.629931874802,103.53689646736652,19.81668283421685
