Joints,0,1,2,3,4,5,6,7,8,9,Min,Max,Step
left_shoulder,2,0,0,1,40,118,3,0,1,1,-121.44366991025127,118.51562142468418,23.995929133493547
right_shoulder,2,1,2,4,49,93,10,3,0,2,-45.79923744250614,44.62925790767189,9.042849535017801
left_elbow,4,3,2,3,110,33,3,0,2,6,-159.94961918502932,171.00446787011342,33.095408705514274
right_elbow,4,1,3,4,63,79,9,0,2,1,-155.71555285865747,157.53863434508327,31.325418720374074
left_hip,1,4,4,17,109,19,5,3,3,1,-71.47118476268285,82.00186348452151,15.347304824720439
right_hip,4,2,5,11,114,19,5,2,1,3,-93.21674111301128,112.3709526205704,20.558769373358174
left_knee,3,3,2,12,52,80,5,6,1,2,-100.54470615784454,99.42901094085636,19.99737170987008
right_knee,3,7,7,14,18,82,9,13,7,6,-108.82641831320268,98.81855687235823,20.764497518556084
