Joints,0,1,2,3,4,5,6,7,8,9,Min,Max,Step
left_shoulder,2,0,0,1,70,90,1,0,0,2,-121.48737113543166,120.86273539745248,24.235010653288413
right_shoulder,1,0,1,1,98,61,3,0,0,1,-72.6893352419618,73.9121847467912,14.6601519988753
left_elbow,3,3,1,3,51,92,5,1,1,6,-158.43157074191268,154.4540400377781,31.288561077969078
right_elbow,4,2,1,4,62,79,10,1,2,1,-158.51818498455617,158.40272019884554,31.692090518340166
left_hip,2,4,5,4,39,93,7,4,6,2,-88.69710800378925,81.91357819331613,17.06106861971054
right_hip,3,1,0,14,128,14,2,0,3,1,-96.82171289592968,117.2394004317144,21.40611133276441
left_knee,5,6,3,11,70,51,7,4,3,6,-101.01957174582328,101.79569857254091,20.28152703183642
right_knee,18,8,11,69,30,11,13,5,0,1,-94.94556791077528,155.2678264432122,25.021339435398744
