Joints,0,1,2,3,4,5,6,7,8,9,Min,Max,Step
left_shoulder,2,0,0,1,51,109,1,0,1,1,-123.7728846672827,122.04940043690011,24.58222851041829
right_shoulder,1,0,0,2,0,11,95,44,8,5,-47.615585161022786,22.035022482616707,6.9650607643639475
left_elbow,4,3,2,3,103,39,3,2,2,5,-157.7967357377192,168.4102540163193,32.620698975403855
right_elbow,3,2,2,4,49,92,10,2,1,1,-156.0605176502068,153.11958872227038,30.91801063724772
left_hip,2,4,7,6,62,64,7,5,6,3,-76.27062336528707,75.22486241756008,15.149548578284715
right_hip,3,1,0,12,126,20,0,0,1,3,-94.1252365396203,110.4496248280664,20.45748613676868
left_knee,3,4,2,11,78,49,10,3,4,2,-101.08770076645484,101.17524887033329,20.22629496367881
right_knee,8,7,4,7,26,80,9,6,7,12,-102.49958143383795,91.83528204401802,19.433486347785603
