Joints,0,1,2,3,4,5,6,7,8,9,Min,Max,Step
left_shoulder,2,0,0,1,36,123,2,0,1,1,-124.29532097768455,120.97418668712437,24.526950766480894
right_shoulder,1,1,2,1,7,31,100,15,3,5,-41.533516248731495,24.94826795075564,6.648178419948714
left_elbow,4,3,2,2,103,41,2,2,4,3,-160.40632369466718,170.76777205152231,33.11740957461895
right_elbow,4,3,0,2,46,101,6,2,1,1,-154.89632712245486,150.36316239213542,30.52594895145903
left_hip,2,5,4,6,73,59,8,4,3,2,-80.04156853345958,81.87115264881214,16.191272118227175
right_hip,4,1,0,3,43,102,8,0,0,5,-99.0813094883066,93.13704186946569,19.221835135777226
left_knee,6,4,2,9,50,74,10,5,1,5,-97.06541031174784,96.64411530803505,19.370952561978285
right_knee,7,9,7,14,58,34,8,12,13,4,-109.88664666179147,110.36371753610494,22.025036419789643
