Joints,0,1,2,3,4,5,6,7,8,9,Min,Max,Step
left_shoulder,69,67,17,7,0,1,1,0,1,3,7.951999905164684,135.58714776910304,12.763514786393838
right_shoulder,94,62,9,0,0,0,0,0,0,1,0.0,175.97121366591261,17.59712136659126
left_elbow,23,31,14,6,3,5,10,8,27,39,0.2812993218220623,179.63089861881,17.934959929698792
right_elbow,31,17,24,29,6,19,8,12,10,10,0.329962921329016,179.57863986993823,17.92486769486092
left_hip,2,2,22,88,26,2,2,14,7,1,56.8406381518146,172.12183965411472,11.52812015023001
right_hip,6,2,0,0,3,59,71,23,1,1,7.85152655895594,150.21445488629084,14.23629283273349
left_knee,35,14,12,14,4,5,3,19,43,17,0.0,113.13828937089428,11.31382893708943
right_knee,36,20,12,10,11,6,2,31,31,7,0.0,116.54495557703184,11.654495557703184
