Joints,0,1,2,3,4,5,6,7,8,9,Min,Max,Step
left_shoulder,73,63,17,7,0,0,3,0,0,3,7.678888025166656,140.09537797734802,13.241648995218135
right_shoulder,11,20,78,27,15,8,5,1,0,1,0.3279615523388237,61.14809036711241,6.082012881477359
left_elbow,28,28,15,6,3,6,10,7,28,35,0.0,179.9999721638366,17.999997216383658
right_elbow,25,21,25,31,6,21,9,9,9,10,0.6481615227989007,178.63806943490206,17.79899079121032
left_hip,1,7,64,64,6,3,6,10,4,1,64.76676624830213,174.96212436233384,11.019535811403173
right_hip,6,4,0,1,0,7,59,58,21,10,8.800059538151757,129.75991769616672,12.095985815801498
left_knee,35,11,18,12,4,3,6,25,43,9,0.0,118.80522442469268,11.880522442469267
right_knee,30,19,9,18,12,2,14,48,11,3,0.0,125.90234453846679,12.59023445384668
