Joints,0,1,2,3,4,5,6,7,8,9,Min,Max,Step
left_shoulder,63,69,19,10,0,0,1,0,1,3,6.592687197452994,134.6958076515777,12.810312045412468
right_shoulder,13,98,33,12,8,1,0,0,0,1,0.33691456019787464,90.54909479980768,9.02121802396098
left_elbow,27,30,13,5,3,5,11,7,25,40,0.4965936753316643,178.99589251249168,17.849929883716
right_elbow,22,21,29,28,9,18,8,10,10,11,0.19552520391688813,178.6604274801163,17.84649022761994
left_hip,1,0,23,84,29,1,6,16,5,1,54.030668751762846,176.5979359322892,12.256726718052633
right_hip,5,2,0,0,0,2,47,63,36,11,7.953109895150135,125.19251032686455,11.723940043171442
left_knee,34,19,20,9,4,3,11,48,16,2,0.0,126.80925606160808,12.680925606160809
right_knee,39,22,20,14,4,36,27,3,0,1,0.0,158.94984164781832,15.894984164781832
