Joints,0,1,2,3,4,5,6,7,8,9,Min,Max,Step
left_shoulder,67,69,16,8,0,0,1,1,1,3,6.735127974473157,138.0819162219318,13.134678824745864
right_shoulder,10,33,84,18,10,8,2,0,0,1,0.3372610485852173,67.99503291085469,6.765777186226947
left_elbow,22,35,12,5,4,5,10,9,25,39,0.7670284274422471,179.5520130115076,17.878498458406533
right_elbow,29,20,23,27,9,20,8,12,7,11,0.6906448826925097,178.03596261731872,17.73453177346262
left_hip,1,0,17,76,43,2,4,14,7,2,52.70721717852782,171.21080531073358,11.850358813220573
right_hip,5,0,0,0,1,6,63,60,22,9,16.100094324427804,127.16393542786354,11.106384110343573
left_knee,29,19,16,10,1,5,7,23,44,12,0.0,116.48413327595313,11.648413327595312
right_knee,38,18,23,15,3,55,11,2,0,1,0.0,164.6792151209423,16.46792151209423
