Joints,0,1,2,3,4,5,6,7,8,9,Min,Max,Step
left_shoulder,62,69,18,11,0,0,1,1,1,3,6.820843684751711,133.76673156765114,12.694588788289945
right_shoulder,7,7,46,62,17,9,8,5,4,1,0.09197502772864848,49.154501335558976,4.906252630783032
left_elbow,23,31,15,4,5,5,11,8,27,37,0.2825092822469308,179.59553835766806,17.93130290754211
right_elbow,26,18,29,25,8,22,8,11,9,10,0.7933965358054055,177.89025543416602,17.70968588983606
left_hip,2,0,18,71,49,3,3,11,7,2,52.472688257480286,171.11124691376352,11.863855865628324
right_hip,6,1,0,0,0,2,54,64,33,6,8.787185658703311,127.04705028931588,11.825986463061259
left_knee,35,15,15,14,2,3,4,21,46,11,0.0,115.47112993839659,11.547112993839658
right_knee,24,20,11,13,15,6,22,40,13,2,0.0,126.02388358239712,12.602388358239711
