Joints,0,1,2,3,4,5,6,7,8,9,Min,Max,Step
left_shoulder,65,70,16,8,1,0,1,2,0,3,7.134140068351969,135.62829377713578,12.849415370878383
right_shoulder,67,80,17,1,0,0,0,0,0,1,0.8782720765650351,144.29532789661792,14.34170558200529
left_elbow,24,30,15,7,3,6,12,6,25,38,0.23578387100751616,179.8765152187633,17.964073134775578
right_elbow,26,19,26,30,8,20,10,8,9,10,0.3300460749598331,179.044084575611,17.871403850065118
left_hip,1,0,22,89,24,7,5,13,4,1,56.217672997505,172.70916359813307,11.649149060062804
right_hip,7,1,0,0,3,24,72,47,10,2,7.646602042758567,138.45654249444271,13.080994045168417
left_knee,38,15,16,14,5,1,9,50,16,2,0.0,126.81391982506662,12.681391982506662
right_knee,24,17,14,25,12,4,7,37,18,8,0.0,118.0011080054751,11.800110800547511
