Joints,0,1,2,3,4,5,6,7,8,9,Min,Max,Step
left_shoulder,61,70,19,10,0,0,1,1,1,3,6.181346486267627,136.6258611006479,13.044451461438031
right_shoulder,8,9,30,59,28,11,8,5,5,3,0.09984082608624574,44.8575096292075,4.4757668803121256
left_elbow,25,33,11,4,5,6,10,8,26,38,0.4971623519235323,179.99999199089328,17.950282963896974
right_elbow,25,19,26,29,6,19,10,11,10,11,1.6221645479158882,176.17874655317138,17.455658200525548
left_hip,1,3,40,84,8,4,5,17,3,1,59.77622533669324,174.71100698667752,11.493478164998429
right_hip,3,4,0,0,0,2,23,65,48,21,7.742997238127718,118.95064140920228,11.120764417107456
left_knee,37,12,17,13,4,3,7,33,37,3,0.0,120.93282489123236,12.093282489123236
right_knee,32,14,13,17,16,2,3,38,24,7,0.0,118.04001378800741,11.804001378800741
