Joints,0,1,2,3,4,5,6,7,8,9,Min,Max,Step
left_shoulder,117,31,5,6,3,2,0,0,0,1,0.03681341296329455,26.194554160199875,2.615774074723658
right_shoulder,52,41,27,18,11,9,2,1,2,2,0.028023315515696697,10.237559426443108,1.020953611092741
left_elbow,147,7,5,2,0,0,0,1,1,2,0.052559233382134495,147.54468202276163,14.74921227893795
right_elbow,69,42,24,10,7,5,2,3,1,2,0.06117005746599793,32.195368912416605,3.2134198854950604
left_hip,72,51,21,11,3,3,2,0,1,1,0.11552435547808415,18.567982412321765,1.8452458056843684
right_hip,48,40,36,17,12,7,2,0,1,2,0.14509407790180295,12.576666823794994,1.243157274589319
left_knee,137,12,6,2,1,3,2,0,0,2,0.04250466819415394,243.4661128753039,24.342360820710976
right_knee,148,1,0,0,2,2,1,5,0,6,0.12686559245420426,151.89450498267166,15.176763939021745
