Joints,0,1,2,3,4,5,6,7,8,9,Min,Max,Step
left_shoulder,122,27,9,2,1,0,1,0,1,2,0.07125369102397841,33.17775270182515,3.3106499010801174
right_shoulder,71,57,14,12,5,2,1,0,2,1,0.10148682434233232,32.81997234241551,3.271848551807318
left_elbow,143,11,5,2,0,0,0,1,0,3,0.1035433419475924,145.7200907454748,14.561654740352722
right_elbow,64,41,29,7,6,6,4,5,1,2,0.09725644077129544,38.23844570425077,3.8141189263479474
left_hip,47,59,26,18,4,3,3,2,2,1,0.022545055769385848,15.13157899481628,1.5109033939046894
right_hip,65,54,27,6,5,2,2,3,0,1,0.1532649240854978,18.95950625532886,1.8806241331243363
left_knee,132,15,2,1,5,2,2,4,0,2,0.1487092531179976,283.915719601581,28.3767010348463
right_knee,144,0,0,2,5,7,3,0,1,3,0.20305508203458236,256.7143491273288,25.651129404529417
