Joints,0,1,2,3,4,5,6,7,8,9,Min,Max,Step
left_shoulder,108,39,11,1,1,1,0,3,0,1,0.05344059489375759,25.139032860819203,2.5085592265925447
right_shoulder,99,44,16,3,0,0,1,0,0,2,0.17230922284191644,42.66703328471993,4.249472406187801
left_elbow,144,12,3,1,1,0,0,1,0,3,0.05864238707219875,148.68241709918462,14.862377471211241
right_elbow,99,32,11,15,4,1,0,1,0,2,0.1909640354485006,64.59645228003157,6.440548824458307
left_hip,53,42,29,22,6,5,2,3,1,2,0.04270091080761355,13.573686927593293,1.353098601678568
right_hip,68,47,25,10,5,4,1,0,3,2,0.185539699716866,17.166497468920028,1.698095776920316
left_knee,138,12,3,0,4,2,2,0,2,2,0.32077850775422195,268.62130638061865,26.830052787286444
right_knee,130,0,4,4,1,10,7,4,3,2,0.15777064670763544,287.57247363592967,28.741470298922202
