Joints,0,1,2,3,4,5,6,7,8,9,Min,Max,Step
left_shoulder,111,36,10,4,1,1,0,0,1,1,0.04575178265030937,26.58621874370777,2.654046696105746
right_shoulder,130,24,8,1,0,1,0,0,0,1,0.2552448066662308,65.47665594105419,6.5221411134387965
left_elbow,141,13,5,2,0,0,0,1,0,3,0.04795558483182503,146.0377800091681,14.598982442433629
right_elbow,85,37,16,8,6,5,4,1,0,3,0.05428502930009877,46.3836083202956,4.6329323290995506
left_hip,62,49,28,11,5,5,2,2,0,1,0.0149960674281683,17.66450110932478,1.7649505041896614
right_hip,42,56,33,18,7,3,0,1,3,2,0.05153307165259585,15.49815633951818,1.5446623267865585
left_knee,136,11,2,1,7,4,0,1,1,2,0.07734602511797371,295.63844487175965,29.55610988466417
right_knee,132,1,2,1,5,1,11,3,6,3,0.1952797725198938,235.9712787593151,23.577599898679523
