Joints,0,1,2,3,4,5,6,7,8,9,Min,Max,Step
left_shoulder,153,8,2,0,0,0,0,0,0,2,0.05864468982842541,69.12993888534015,6.907129419551173
right_shoulder,46,47,34,16,11,8,0,0,1,2,0.10322587858356556,22.765234965393162,2.26620090868096
left_elbow,143,12,3,3,0,0,0,1,0,3,0.0837105307016221,146.35410831939717,14.627039778869555
right_elbow,104,36,9,8,5,1,0,0,1,1,0.07443287353847851,67.72755578609008,6.765312291255159
left_hip,65,53,26,10,4,0,4,1,1,1,0.05214034501695895,17.8305579167067,1.777841757168974
right_hip,51,43,32,20,4,4,4,2,2,3,0.10179628832987264,14.844532559231837,1.4742736270901964
left_knee,137,8,4,0,2,4,4,0,3,3,0.1297946582369889,277.727269595523,27.7597474937286
right_knee,125,0,1,4,5,0,14,0,11,5,0.060673797919933416,238.57747930888908,23.851680551096912
