Joints,0,1,2,3,4,5,6,7,8,9,Min,Max,Step
left_shoulder,111,36,10,2,0,2,0,0,0,4,0.05975556150571941,27.74207476794295,2.7682319206437227
right_shoulder,41,58,28,16,10,6,2,1,1,2,0.03819934778059322,21.650908762895455,2.161270941511486
left_elbow,145,10,3,3,0,0,0,1,0,3,0.1418766319989376,145.3342903590762,14.519241372707725
right_elbow,115,25,17,6,0,0,0,0,0,2,0.04336801598015578,93.1833739612298,9.314000594524966
left_hip,58,48,28,14,6,3,4,1,2,1,0.1852842844446616,16.719063984690248,1.6533779700245586
right_hip,51,46,38,12,8,2,2,1,1,4,0.03589168198606366,15.19005634765812,1.5154164665672056
left_knee,136,10,8,1,0,4,0,3,1,2,0.1925733011707446,243.13238226701324,24.29398089658425
right_knee,127,0,1,0,5,1,15,5,10,1,0.11805063214088632,231.8696109372483,23.175156030510742
