Joints,0,1,2,3,4,5,6,7,8,9,Min,Max,Step
left_shoulder,110,38,7,4,2,1,1,1,0,1,0.06477553653283655,23.30631139277539,2.3241535856242557
right_shoulder,58,56,23,13,7,5,2,0,0,1,0.21041994630446584,29.160546901835264,2.89501269555308
left_elbow,145,7,5,2,0,0,0,3,0,3,0.019115797795962616,145.8324140722785,14.581329827448254
right_elbow,100,34,13,10,6,0,0,0,0,2,0.13021429974575507,72.87288263738331,7.274266833763756
left_hip,52,48,27,21,3,6,3,1,3,1,0.06701721997140749,13.60119657413512,1.3534179354163711
right_hip,52,49,33,17,2,5,2,1,1,3,0.046901342817974485,15.525424127145774,1.54785227843278
left_knee,134,8,7,2,1,5,2,1,3,2,0.04358295883076465,225.76891736128562,22.572533440245486
right_knee,133,0,0,1,4,3,10,6,7,1,0.3592991659014306,233.40358262035357,23.304428345445213
