Joints,0,1,2,3,4,5,6,7,8,9,Min,Max,Step
left_shoulder,1,1,3,6,26,43,9,2,0,1,-101.57029491792679,100.20473490244729,20.17750298203741
right_shoulder,1,4,4,4,7,45,11,7,4,5,-132.249202840843,99.63428227059765,23.188348511144056
left_elbow,3,1,2,3,17,50,7,3,3,3,-131.54480133395438,122.32616829422642,25.387096962818077
right_elbow,5,2,4,7,48,10,7,4,1,4,-132.66717197635415,147.79015719363613,28.04573291699903
left_hip,2,3,1,8,40,24,10,0,3,1,-79.07967624704818,82.60719119836865,16.168686744541688
right_hip,1,0,5,6,48,22,6,2,1,1,-70.93024736157615,74.15670902286143,14.508695638443761
left_knee,2,1,3,10,60,8,5,1,1,1,-121.07172229650698,142.22852133930775,26.330024363581472
right_knee,2,0,0,4,9,65,7,3,1,1,-163.56161694555138,139.92648847761012,30.34881054231616
