Joints,0,1,2,3,4,5,6,7,8,9,Min,Max,Step
left_shoulder,2,1,0,0,7,13,54,7,5,3,-99.13568782113556,58.646299222131866,15.77819870432674
right_shoulder,2,4,4,5,43,18,9,3,3,1,-136.89379366375738,140.78929008773864,27.7683083751496
left_elbow,1,2,1,3,11,51,12,6,3,2,-139.09104122387382,111.25165054622812,25.034269177010202
right_elbow,6,2,3,7,47,12,5,3,2,5,-151.40682622855732,165.36690118808502,31.677372741664243
left_hip,2,2,2,8,47,19,8,2,0,2,-96.48581649620772,102.09100310383535,19.8576819600043
right_hip,1,1,3,3,27,47,5,2,2,1,-85.23809641060133,81.79842196917336,16.70365183797746
left_knee,1,0,2,5,19,55,7,1,1,1,-135.9720975293527,128.36473573518975,26.433683326454243
right_knee,3,8,5,61,4,5,3,2,0,1,-71.06149606206941,121.31505789852079,19.23765539605902
