Joints,0,1,2,3,4,5,6,7,8,9,Min,Max,Step
left_shoulder,1,1,0,2,5,10,59,8,4,2,-139.03075148933024,81.15632679625041,22.018707828558064
right_shoulder,3,7,5,9,50,5,8,3,1,1,-107.94987522451427,140.41664048036185,24.836651570487618
left_elbow,1,3,2,7,35,31,6,3,2,2,-140.9648036178805,141.25073360034347,28.221553721822403
right_elbow,8,1,5,3,43,15,4,3,4,6,-138.4273019698599,147.7990299755667,28.622633194542658
left_hip,1,2,2,2,4,21,43,8,7,2,-92.45668698989573,59.44710206823389,15.190378905812963
right_hip,1,1,2,3,8,63,7,4,1,2,-97.05103770613778,80.8788731461697,17.79299108523074
left_knee,2,1,1,6,11,55,10,2,1,3,-146.23305030164218,128.16261376519665,27.43956640668388
right_knee,1,0,4,6,15,57,3,4,0,2,-156.58417389952126,150.9078702442468,30.749204414376806
