Joints,0,1,2,3,4,5,6,7,8,9,Min,Max,Step
left_shoulder,3,0,2,5,38,34,6,2,0,2,-125.9284914366044,126.97476723389099,25.290325867049532
right_shoulder,4,2,3,6,12,48,7,5,1,4,-107.37213554761827,100.07964153790262,20.74517770855209
left_elbow,2,1,2,2,10,60,7,3,2,3,-147.24514876987053,128.94802568964778,27.619317445951836
right_elbow,7,3,2,8,45,10,7,2,3,5,-131.3931475233837,147.7979988006619,27.919114632404558
left_hip,1,2,3,0,8,48,20,5,2,3,-82.47926242684287,62.59475018115731,14.507401260800023
right_hip,5,1,4,18,49,7,3,3,1,1,-70.41146731222828,94.49298256554651,16.49044498777748
left_knee,1,0,2,1,12,62,9,2,2,1,-173.6883272724306,142.9319744051984,31.662030167762907
right_knee,2,0,5,8,61,9,4,1,1,1,-134.5345262511468,159.59722977734376,29.41317560284905
