Joints,0,1,2,3,4,5,6,7,8,9,Min,Max,Step
left_shoulder,2,1,0,6,8,57,10,5,2,1,-109.38635047339805,90.56206472097256,19.99484151943706
right_shoulder,2,3,2,5,4,54,5,11,2,4,-131.4338267668209,102.08723152258041,23.352105828940125
left_elbow,3,3,0,6,10,49,12,4,1,4,-154.21040430246427,141.1734161090652,29.538382041152943
right_elbow,3,6,3,1,24,34,10,3,3,5,-175.24092336726207,169.5551754834767,34.47960988507387
left_hip,3,1,1,1,5,52,21,3,1,4,-114.83116331230595,85.01791010794956,19.98490734202555
right_hip,3,1,3,6,46,20,4,7,1,1,-84.52400948348048,88.84346776772225,17.336747725120276
left_knee,2,0,1,5,12,61,5,4,1,1,-140.10552383598346,128.00702859475018,26.81125524307336
right_knee,1,1,2,7,44,27,6,2,0,2,-170.68180607102875,171.79170354487303,34.24735096159017
