Joints,0,1,2,3,4,5,6,7,8,9,Min,Max,Step
left_shoulder,10,7,7,23,19,10,2,6,5,3,0.5292450834761168,176.40878737307895,17.58795422896028
right_shoulder,16,2,8,10,17,11,17,0,2,9,2.165400753317853,166.53598423103128,16.437058347771345
left_elbow,3,5,6,28,6,6,3,9,12,14,1.5271108741404622,179.9998685937236,17.847275771958312
right_elbow,5,12,6,5,1,5,8,5,11,34,3.310292254561108,179.9999875103683,17.668969525580717
left_hip,2,4,9,35,32,3,3,2,0,2,33.952601066327155,172.39683572315025,13.844423465682304
right_hip,1,0,2,1,11,17,35,19,3,3,24.527135985596104,127.29381503770149,10.276667905210537
left_knee,1,2,0,1,1,1,11,5,16,54,32.33494663920496,179.88253722267945,14.754759058347446
right_knee,3,0,0,1,4,8,7,2,8,59,54.6770402490878,180.0,12.532295975091223
