Joints,0,1,2,3,4,5,6,7,8,9,Min,Max,Step
left_shoulder,11,9,7,30,14,8,2,7,2,2,0.5254419431879652,179.70483768532858,17.917939574214063
right_shoulder,20,3,8,8,15,12,15,2,4,5,0.4558080631643162,170.05907921276818,16.960327114960386
left_elbow,6,5,9,26,6,1,4,6,11,18,2.720893445112511,180.0,17.72791065548875
right_elbow,14,7,4,2,7,2,6,6,9,35,16.443425662577052,179.99995200607304,16.3556526343496
left_hip,1,2,10,33,35,7,1,1,1,1,32.11487724431524,172.97012482433965,14.085524758002443
right_hip,2,0,2,16,43,24,2,1,0,2,7.531468965696298,180.0,17.24685310343037
left_knee,4,1,0,0,1,0,1,18,11,56,1.6539812541390742,179.8827791718247,17.822879791768564
right_knee,2,0,1,0,1,2,9,10,7,60,11.293125864175993,180.0,16.870687413582402
