Joints,0,1,2,3,4,5,6,7,8,9,Min,Max,Step
left_shoulder,10,9,8,35,9,9,2,7,0,3,4.020423837451867,179.4192369674216,17.539881312996975
right_shoulder,17,3,10,9,15,11,18,1,4,4,3.3735610115020127,167.94687074601504,16.457330973451302
left_elbow,5,5,12,25,5,1,4,8,13,14,2.7739597071715263,180.0,17.72260402928285
right_elbow,3,15,5,3,3,5,8,8,9,33,5.8537998709367564e-05,179.99997576124736,17.999991722324864
left_hip,1,1,4,12,44,25,2,2,0,1,20.61426677506117,164.43565255267274,14.382138577761157
right_hip,1,3,10,22,33,18,2,1,0,2,38.77183327591171,155.97176863129926,11.719993535538755
left_knee,2,0,0,0,1,2,3,16,11,57,0.0,179.86362473225338,17.986362473225338
right_knee,3,1,1,0,0,1,9,13,3,61,5.540148615212887,180.0,17.44598513847871
