Joints,0,1,2,3,4,5,6,7,8,9,Min,Max,Step
left_shoulder,82,1,0,0,0,2,0,0,4,2,0.0,147.13793901995052,14.713793901995052
right_shoulder,83,0,0,0,2,4,0,0,0,2,0.0,186.78944048201512,18.67894404820151
left_elbow,78,5,0,0,2,0,0,2,0,4,0.0,139.34268719550542,13.934268719550541
right_elbow,69,14,0,0,5,1,0,0,0,2,0.0,172.08721138241185,17.208721138241184
left_hip,83,0,0,0,0,0,4,1,1,2,0.0,153.47522994380472,15.347522994380473
right_hip,83,0,0,0,2,4,0,0,0,2,0.0,178.14549873586554,17.814549873586554
left_knee,81,2,0,0,0,1,0,1,0,6,0.0,164.13373585590588,16.413373585590588
right_knee,82,1,0,0,0,1,4,1,0,2,0.0,185.99841689475147,18.59984168947515
