Joints,0,1,2,3,4,5,6,7,8,9,Min,Max,Step
left_shoulder,82,1,0,0,0,1,1,0,2,4,0.0,147.14622457523632,14.714622457523632
right_shoulder,76,7,0,0,0,0,1,5,0,2,0.0,129.26920356315244,12.926920356315245
left_elbow,78,5,0,2,0,0,0,0,4,2,0.0,157.1068754667874,15.710687546678738
right_elbow,64,12,7,0,0,0,1,4,1,2,0.0,117.3464954168346,11.73464954168346
left_hip,83,0,0,0,0,0,3,1,2,2,0.0,157.0839903256842,15.708399032568419
right_hip,81,2,0,0,0,2,2,2,0,2,0.0,151.5476300090151,15.15476300090151
left_knee,79,4,0,0,0,0,0,2,0,6,0.0,162.0409387778704,16.204093877787038
right_knee,81,2,0,0,0,1,2,2,1,2,0.0,170.15709860161428,17.01570986016143
