Joints,0,1,2,3,4,5,6,7,8,9,Min,Max,Step
left_shoulder,72,8,2,0,0,2,2,2,2,1,0.0,16.26238091295244,1.626238091295244
right_shoulder,72,8,0,0,0,0,1,4,4,2,0.0,17.400892116115813,1.7400892116115814
left_elbow,61,9,9,3,3,0,1,2,1,2,0.0,24.80738071671065,2.480738071671065
right_elbow,61,6,3,5,0,4,5,1,2,4,0.0,29.27913760876619,2.9279137608766193
left_hip,63,11,4,0,2,1,3,5,1,1,0.0,14.572749386449757,1.4572749386449757
right_hip,59,13,3,0,3,5,4,2,0,2,0.0,15.959376323984607,1.5959376323984606
left_knee,53,11,6,6,4,2,0,0,4,5,0.0,18.36938499636574,1.8369384996365739
right_knee,61,9,3,2,2,2,2,3,6,1,0.0,21.097874842909825,2.1097874842909823
