Joints,0,1,2,3,4,5,6,7,8,9,Min,Max,Step
left_shoulder,80,1,0,0,0,0,0,2,4,4,0.0,145.73465995001723,14.573465995001722
right_shoulder,81,0,0,0,0,4,0,0,0,6,0.0,184.48673219824587,18.448673219824588
left_elbow,76,5,0,0,0,0,0,2,3,5,0.0,123.1121099794413,12.31121099794413
right_elbow,66,15,0,0,2,1,2,1,2,2,0.0,169.58326340249218,16.95832634024922
left_hip,80,1,0,0,0,0,1,3,2,4,0.0,142.48006895535568,14.248006895535568
right_hip,81,0,0,0,0,4,0,0,2,4,0.0,172.00077470432203,17.200077470432202
left_knee,76,5,0,0,0,0,0,3,2,5,0.0,155.65578657558598,15.565578657558598
right_knee,80,1,0,0,0,0,4,1,1,4,0.0,187.04295468018918,18.70429546801892
