Joints,0,1,2,3,4,5,6,7,8,9,Min,Max,Step
left_shoulder,77,1,0,0,1,3,0,4,0,5,0.0,154.07431629922738,15.407431629922737
right_shoulder,78,0,0,0,5,1,0,0,1,6,0.0,185.4913209480229,18.54913209480229
left_elbow,72,6,0,0,1,5,0,0,6,1,0.0,132.37815045371735,13.237815045371736
right_elbow,65,13,0,1,4,1,0,0,5,2,0.0,169.11878031941126,16.911878031941125
left_hip,78,0,0,0,1,2,3,0,4,3,0.0,154.84786630786402,15.484786630786402
right_hip,78,0,0,1,2,2,1,0,2,5,0.0,177.71040366974782,17.77104036697478
left_knee,76,2,0,1,0,0,0,4,4,4,0.0,162.07599068690647,16.207599068690648
right_knee,77,1,1,0,0,0,3,2,1,6,0.0,185.7335010659011,18.57335010659011
