Joints,0,1,2,3,4,5,6,7,8,9,Min,Max,Step
left_shoulder,82,1,0,0,0,0,1,1,2,4,0.0,145.88797597958154,14.588797597958154
right_shoulder,83,0,0,0,1,2,1,0,2,2,0.0,177.07434206379716,17.707434206379716
left_elbow,76,7,0,0,0,0,0,1,2,5,0.0,132.88592908213357,13.288592908213356
right_elbow,69,14,0,1,0,0,3,0,1,3,0.0,163.31808545680528,16.331808545680527
left_hip,82,1,0,0,0,0,0,4,0,4,0.0,149.92418951429843,14.992418951429844
right_hip,83,0,0,0,2,2,0,0,0,4,0.0,179.20494400270462,17.920494400270464
left_knee,82,1,0,0,0,0,1,1,2,4,0.0,180.33077237036338,18.033077237036338
right_knee,82,1,0,0,0,2,1,1,0,4,0.0,177.5667403009996,17.756674030099962
