Joints,0,1,2,3,4,5,6,7,8,9,Min,Max,Step
left_shoulder,80,1,0,1,1,0,2,0,2,4,0.0,157.15035643820784,15.715035643820784
right_shoulder,81,0,0,0,1,3,2,0,2,2,0.0,184.46327353031415,18.446327353031414
left_elbow,75,6,0,2,2,0,0,2,0,4,0.0,152.78486936126615,15.278486936126615
right_elbow,67,14,0,0,1,5,0,0,1,3,0.0,170.75199602968505,17.075199602968503
left_hip,81,0,0,0,2,2,2,0,2,2,0.0,178.09017955525917,17.809017955525917
right_hip,81,0,0,0,0,4,1,1,0,4,0.0,173.5052845427359,17.35052845427359
left_knee,81,0,0,0,0,3,1,0,2,4,0.0,183.9630650041825,18.39630650041825
right_knee,80,1,0,0,0,3,1,1,1,4,0.0,187.61198510958457,18.761198510958458
