Joints,0,1,2,3,4,5,6,7,8,9,Min,Max,Step
left_shoulder,1,0,3,10,60,20,6,0,0,1,-76.78477487968958,84.8698774896062,16.165465236929577
right_shoulder,2,2,0,3,10,65,12,3,2,2,-92.75409296101078,74.74061840078221,16.74947113617931
left_elbow,3,4,3,4,30,41,7,2,3,4,-162.20984838365914,160.17812119044228,32.23879695741013
right_elbow,1,2,5,7,31,43,4,0,6,2,-170.28183218152148,168.30514103109238,33.85869732126139
left_hip,2,0,5,5,58,21,4,4,0,2,-119.46101197065128,127.68825990332223,24.71492718739735
right_hip,1,1,7,4,6,50,17,9,3,3,-138.51715238192378,104.96186617987145,24.34790185617952
left_knee,4,8,3,12,57,6,5,4,0,2,-127.46776937646185,175.67588487722634,30.31436542536882
right_knee,3,6,9,3,58,8,5,5,3,1,-119.4453827434974,154.49070417642574,27.393608691992313
