Joints,0,1,2,3,4,5,6,7,8,9,Min,Max,Step
left_shoulder,51,25,10,8,1,1,4,0,0,1,0.6022443469799226,127.32281054057756,12.672056619359765
right_shoulder,36,29,13,7,3,4,1,1,5,2,0.0,116.76113923017036,11.676113923017036
left_elbow,9,10,7,3,3,4,3,7,27,28,4.307553332750067,179.99995969139397,17.56924063586439
right_elbow,5,6,6,6,4,9,14,13,14,24,1.221107449489556,179.48345983068415,17.82623523811946
left_hip,4,3,3,3,10,29,36,6,3,4,0.0,165.43418490790359,16.54341849079036
right_hip,3,6,2,10,11,33,13,11,9,3,0.0,179.99988099424354,17.999988099424353
left_knee,11,4,6,6,3,7,2,8,8,46,0.0,179.36026921574086,17.936026921574086
right_knee,6,5,1,9,10,12,12,8,6,32,0.0,179.00066941823178,17.900066941823177
