Joints,0,1,2,3,4,5,6,7,8,9,Min,Max,Step
left_shoulder,85,3,5,1,0,0,2,1,0,3,0.0,234.98300860675616,23.498300860675617
right_shoulder,87,3,4,0,4,0,1,0,0,1,0.0,249.42077292016774,24.942077292016773
left_elbow,74,9,7,3,1,0,0,2,2,2,0.0,185.9740847359568,18.59740847359568
right_elbow,82,5,6,2,1,1,2,0,0,1,0.0,236.1388420696572,23.613884206965718
left_hip,80,11,3,0,0,0,0,0,3,3,0.0,211.29342182200284,21.129342182200283
right_hip,80,9,2,0,2,1,4,0,0,2,0.0,239.23310068279457,23.923310068279456
left_knee,72,9,5,7,1,1,0,0,2,3,0.0,222.6109274650977,22.261092746509767
right_knee,64,12,3,7,8,4,0,0,1,1,0.0,168.25006106418843,16.825006106418844
