Joints,0,1,2,3,4,5,6,7,8,9,Min,Max,Step
left_shoulder,83,6,6,0,1,0,1,1,0,2,0.0,224.41982143107367,22.441982143107367
right_shoulder,83,4,2,3,3,0,0,2,0,3,0.0,151.39350844873655,15.139350844873656
left_elbow,78,5,10,1,1,0,0,0,3,2,0.0,191.76451489815,19.176451489815
right_elbow,81,5,6,3,2,0,2,0,0,1,0.0,200.02204221556016,20.002204221556017
left_hip,81,12,2,0,0,0,0,2,1,2,0.0,209.20474505345192,20.92047450534519
right_hip,79,10,2,0,1,0,5,2,0,1,0.0,233.7126719777901,23.371267197779012
left_knee,71,10,6,7,1,0,0,0,1,4,0.0,217.9522695746156,21.79522695746156
right_knee,70,8,7,8,3,1,1,0,0,2,0.0,199.1380120772358,19.91380120772358
