Joints,0,1,2,3,4,5,6,7,8,9,Min,Max,Step
left_shoulder,23,14,20,4,3,1,0,0,0,2,0.0,170.2389355869453,17.02389355869453
right_shoulder,16,19,21,6,1,2,0,0,1,1,0.0,153.49481059881114,15.349481059881114
left_elbow,2,0,1,4,6,12,10,11,5,16,0.0,177.52203052286916,17.752203052286916
right_elbow,6,1,3,2,6,0,3,5,8,33,9.003638701497017,175.9267320882593,16.692309338676232
left_hip,4,4,3,9,11,18,4,7,3,4,0.0,178.69487603832332,17.869487603832333
right_hip,7,7,3,9,12,15,5,6,0,3,0.0,172.80442271830773,17.280442271830772
left_knee,4,0,6,1,0,1,13,18,9,15,36.868593945931686,180.0,14.313140605406836
right_knee,9,2,1,4,4,1,7,2,11,26,33.60574553804708,179.68709575107587,14.608135021302878
