Joints,0,1,2,3,4,5,6,7,8,9,Min,Max,Step
left_shoulder,12,17,21,11,1,3,1,0,0,1,0.0,175.25124249720864,17.525124249720864
right_shoulder,15,25,10,4,8,2,0,0,2,1,0.0,175.3194314639645,17.53194314639645
left_elbow,6,1,0,4,5,5,5,11,16,14,0.0,179.9999857903746,17.99999857903746
right_elbow,3,2,2,4,5,4,7,5,15,20,3.40661196144485,179.999947982829,17.659333602138418
left_hip,4,2,3,9,19,9,9,5,3,4,0.0,174.84061485343938,17.484061485343936
right_hip,1,3,2,6,9,17,7,5,8,9,0.0,168.68926725466503,16.8689267254665
left_knee,3,1,4,1,4,3,7,9,8,27,0.0,180.0,18.0
right_knee,4,4,3,5,2,2,12,7,9,19,0.0,180.0,18.0
