Joints,0,1,2,3,4,5,6,7,8,9,Min,Max,Step
left_shoulder,14,14,16,11,7,2,0,1,1,1,0.0,165.85636684269025,16.585636684269026
right_shoulder,14,24,13,8,2,2,1,1,1,1,1.0058833672444292,171.1981107035769,17.01922273363325
left_elbow,3,4,3,5,3,6,5,16,12,10,0.0,180.0,18.0
right_elbow,5,2,2,2,6,7,3,1,16,23,0.0,180.0,18.0
left_hip,4,7,2,10,16,9,5,3,6,5,7.506066397359098,176.14522329172274,16.863915689436364
right_hip,3,2,6,6,14,17,7,5,5,2,0.0,178.3244902573648,17.83244902573648
left_knee,1,3,1,3,2,10,12,5,11,19,23.93962646040536,179.999887428075,15.606026096766964
right_knee,3,3,2,4,2,2,4,10,10,27,0.0,179.45589707104594,17.945589707104595
