Joints,0,1,2,3,4,5,6,7,8,9,Min,Max,Step
left_shoulder,19,20,13,7,1,2,1,0,2,2,0.0,178.34388420402018,17.834388420402018
right_shoulder,4,16,19,12,7,2,1,2,2,2,8.537736462515939e-07,104.55145159259348,10.455145073881983
left_elbow,4,0,5,3,6,9,10,10,13,7,1.2498633816042546,180.0,17.875013661839574
right_elbow,3,0,2,5,2,3,4,11,12,25,7.085751470865393,177.11822540628003,17.003247393541464
left_hip,3,3,2,3,19,7,9,5,8,8,0.0,165.85272607440157,16.585272607440157
right_hip,2,6,2,12,5,22,4,8,4,2,0.0,171.70714671235712,17.17071467123571
left_knee,1,0,2,0,4,6,13,9,9,23,0.0,179.24752072531058,17.924752072531057
right_knee,1,0,4,4,2,7,10,13,7,19,0.0,180.0,18.0
