Joints,0,1,2,3,4,5,6,7,8,9,Min,Max,Step
left_shoulder,56,3,0,1,1,0,0,1,2,2,0.0,165.9422770559231,16.59422770559231
right_shoulder,55,4,0,2,0,0,0,0,1,4,0.0,163.887128483188,16.3887128483188
left_elbow,48,11,2,0,0,0,0,1,2,2,0.0,169.72426872989647,16.972426872989647
right_elbow,51,8,1,1,0,0,0,0,0,5,0.0,171.19773425046768,17.119773425046766
left_hip,56,3,0,2,0,0,0,0,2,3,0.0,165.12758101820256,16.512758101820257
right_hip,56,3,0,2,0,0,0,0,1,4,0.0,167.56867646264354,16.756867646264354
left_knee,51,8,0,2,0,0,0,1,2,2,0.0,171.61946874062863,17.161946874062863
right_knee,53,6,0,2,0,0,0,0,1,4,0.0,165.63394781440243,16.563394781440245
