Joints,0,1,2,3,4,5,6,7,8,9,Min,Max,Step
left_shoulder,46,2,4,3,0,2,3,3,1,2,0.0,213.36677521836063,21.336677521836062
right_shoulder,48,0,2,2,2,1,5,3,1,2,0.0,223.82502894705345,22.382502894705347
left_elbow,44,5,3,2,3,0,2,2,3,2,0.0,202.13159943777504,20.213159943777505
right_elbow,41,7,3,1,1,1,8,1,2,1,0.0,234.80573235994208,23.480573235994207
left_hip,48,2,3,2,2,1,0,5,1,2,0.0,219.89657176614062,21.989657176614063
right_hip,48,1,2,2,2,2,4,2,1,2,0.0,221.0716775068565,22.10716775068565
left_knee,48,4,0,3,0,3,1,3,2,2,0.0,215.8349718595621,21.58349718595621
right_knee,45,5,1,0,2,1,3,5,2,2,0.0,221.7903189468173,22.17903189468173
