Joints,0,1,2,3,4,5,6,7,8,9,Min,Max,Step
left_shoulder,48,3,4,0,1,1,0,1,3,5,0.0,176.1333792863341,17.61333792863341
right_shoulder,49,5,1,0,0,0,2,2,3,4,0.0,192.53577131136564,19.253577131136563
left_elbow,39,12,4,2,0,0,1,2,4,2,0.0,180.51776309313763,18.051776309313762
right_elbow,42,12,1,0,0,0,4,3,0,4,0.0,196.89284486017604,19.689284486017606
left_hip,47,7,1,0,1,1,0,1,3,5,0.0,172.9689677844141,17.29689677844141
right_hip,47,8,0,0,0,2,0,3,4,2,0.0,204.7463152554536,20.47463152554536
left_knee,55,0,1,1,0,0,2,0,4,3,0.0,184.9829623026633,18.49829623026633
right_knee,52,3,0,2,0,1,1,1,3,3,0.0,200.75400682850983,20.075400682850983
