Joints,0,1,2,3,4,5,6,7,8,9,Min,Max,Step
left_shoulder,62,3,0,0,0,0,0,0,0,1,0.0,169.0324466462423,16.903244664624232
right_shoulder,60,5,0,0,0,0,0,0,0,1,0.0,169.12163424895363,16.91216342489536
left_elbow,59,5,1,0,0,0,0,0,0,1,0.0,152.776416597038,15.2776416597038
right_elbow,60,5,0,0,0,0,0,0,0,1,0.0,173.43744345738781,17.34374434573878
left_hip,63,2,0,0,0,0,0,0,0,1,0.0,170.55165018918447,17.055165018918448
right_hip,64,1,0,0,0,0,0,0,0,1,0.0,173.34797336558444,17.334797336558445
left_knee,63,2,0,0,0,0,0,0,0,1,0.0,176.18278340827442,17.61827834082744
right_knee,63,2,0,0,0,0,0,0,0,1,0.0,183.04188514606201,18.304188514606203
