Joints,0,1,2,3,4,5,6,7,8,9,Min,Max,Step
left_shoulder,39,27,59,46,18,5,0,0,0,6,0.0,165.8911294677092,16.589112946770918
right_shoulder,25,15,45,43,41,26,3,0,0,2,0.0,123.47639853174805,12.347639853174805
left_elbow,43,18,13,12,12,3,3,18,37,41,0.0,179.99994021755242,17.999994021755242
right_elbow,21,9,13,15,6,5,6,13,52,60,0.0,180.0,18.0
left_hip,22,1,8,11,29,61,48,14,5,1,0.0,164.05988838453575,16.405988838453574
right_hip,18,3,5,29,28,66,27,9,10,5,0.0,154.43481297099194,15.443481297099193
left_knee,19,0,1,1,0,0,11,28,47,93,0.0,180.0,18.0
right_knee,17,1,1,4,2,3,9,9,45,109,0.0,180.0,18.0
