Joints,0,1,2,3,4,5,6,7,8,9,Min,Max,Step
left_shoulder,8,30,85,60,13,1,0,0,0,3,1.4646158535958371,176.65947717239766,17.519486131880182
right_shoulder,14,65,43,53,14,7,0,2,0,2,1.949249757031544,171.97056370543862,17.00213139484071
left_elbow,8,17,17,24,12,9,9,15,36,53,0.0,179.99991076125212,17.999991076125212
right_elbow,2,6,2,21,7,15,15,27,39,66,7.137199737649362,179.99997791711536,17.2862778179466
left_hip,3,0,22,7,57,83,14,9,2,3,0.0,180.0,18.0
right_hip,6,1,15,18,32,63,40,21,1,3,0.0,157.66443263186852,15.766443263186853
left_knee,3,2,0,0,0,6,15,23,68,83,0.0,180.0,18.0
right_knee,1,0,4,1,8,4,8,36,73,65,51.726972189486425,179.99996338714382,12.827299119765733
