Joints,0,1,2,3,4,5,6,7,8,9,Min,Max,Step
left_shoulder,18,21,82,65,11,1,1,0,0,1,0.0,178.31822441704273,17.831822441704272
right_shoulder,22,58,50,54,11,4,0,0,0,1,0.0,175.27914054517166,17.527914054517165
left_elbow,31,6,10,21,2,5,2,25,38,60,0.0,180.0,18.0
right_elbow,23,11,7,13,9,4,9,19,41,64,0.0,179.9999551057921,17.99999551057921
left_hip,14,2,5,19,58,71,21,1,6,3,0.0,180.0,18.0
right_hip,18,9,9,22,55,70,5,7,4,1,0.0,180.0,18.0
left_knee,13,1,0,7,0,3,3,15,59,99,0.0,180.0,18.0
right_knee,13,2,5,2,1,0,7,21,48,101,0.0,180.0,18.0
