Joints,0,1,2,3,4,5,6,7,8,9,Min,Max,Step
left_shoulder,191,4,1,2,0,0,0,0,0,1,0.0,156.02359066190934,15.602359066190933
right_shoulder,190,6,0,0,0,0,0,0,1,2,0.0,151.91760006481718,15.191760006481719
left_elbow,174,20,2,0,0,2,0,0,0,1,0.0,161.58883154466344,16.158883154466345
right_elbow,181,14,1,0,0,0,0,1,1,1,0.0,162.2815509894387,16.22815509894387
left_hip,189,7,0,0,0,0,0,2,0,1,0.0,165.4224661255032,16.542246612550322
right_hip,188,8,0,0,0,0,0,0,0,3,0.0,176.41794185082412,17.64179418508241
left_knee,191,5,0,0,0,0,0,0,0,3,0.0,176.63577374681273,17.663577374681275
right_knee,190,6,0,0,0,0,0,0,0,3,0.0,174.21138998485443,17.421138998485443
