Joints,0,1,2,3,4,5,6,7,8,9,Min,Max,Step
left_shoulder,197,1,0,0,0,0,0,0,0,1,0.0,144.36185467504126,14.436185467504126
right_shoulder,197,1,0,0,0,0,0,0,0,1,0.0,147.79171090880638,14.779171090880638
left_elbow,177,21,0,0,0,0,0,0,0,1,0.0,156.20561395114538,15.620561395114539
right_elbow,174,24,0,0,0,0,0,0,0,1,0.0,156.20248689159604,15.620248689159604
left_hip,195,3,0,0,0,0,0,0,0,1,0.0,156.5792650138681,15.657926501386811
right_hip,198,0,0,0,0,0,0,0,0,1,0.0,158.62941871857424,15.862941871857425
left_knee,195,3,0,0,0,0,0,0,0,1,0.0,164.95368209624084,16.495368209624083
right_knee,189,9,0,0,0,0,0,0,0,1,0.0,164.18033588904822,16.418033588904823
