Joints,0,1,2,3,4,5,6,7,8,9,Min,Max,Step
left_shoulder,193,5,0,0,0,0,0,0,0,1,0.0,141.86261617818428,14.186261617818428
right_shoulder,192,6,0,0,0,0,0,0,0,1,0.0,146.42475816773438,14.642475816773437
left_elbow,189,7,2,0,0,0,0,0,0,1,0.0,154.00078857862613,15.400078857862614
right_elbow,181,17,0,0,0,0,0,0,0,1,0.0,152.53476431915476,15.253476431915477
left_hip,193,5,0,0,0,0,0,0,0,1,0.0,151.57277303774472,15.157277303774473
right_hip,193,5,0,0,0,0,0,0,0,1,0.0,154.9054134358049,15.490541343580489
left_knee,193,5,0,0,0,0,0,0,0,1,0.0,163.35552559976333,16.335552559976332
right_knee,191,7,0,0,0,0,0,0,0,1,0.0,163.35552559976333,16.335552559976332
