Joints,0,1,2,3,4,5,6,7,8,9,Min,Max,Step
left_shoulder,195,1,0,0,0,0,0,1,1,1,0.0,147.44816556660416,14.744816556660416
right_shoulder,195,1,0,0,0,0,0,0,1,2,0.0,174.01880143764853,17.401880143764853
left_elbow,167,29,0,0,2,0,0,0,0,1,0.0,152.91823813913342,15.291823813913343
right_elbow,164,30,2,0,1,1,0,0,0,1,0.0,147.0928779376709,14.70928779376709
left_hip,190,4,2,0,0,0,0,0,1,2,0.0,157.33844924920234,15.733844924920234
right_hip,191,3,2,0,0,0,0,0,2,1,0.0,155.72409995256962,15.572409995256962
left_knee,188,8,1,1,0,0,0,0,0,1,0.0,164.57157861780456,16.457157861780455
right_knee,191,5,1,1,0,0,0,0,0,1,0.0,163.79493947296731,16.37949394729673
