Joints,0,1,2,3,4,5,6,7,8,9,Min,Max,Step
left_shoulder,5,0,3,10,163,7,4,4,0,1,-105.68476336857115,130.96711866861318,23.665188203718444
right_shoulder,1,2,1,4,7,150,23,4,3,2,-145.20037756080674,112.70949318743305,25.790987074823974
left_elbow,3,3,6,7,157,7,4,5,4,1,-127.84470476012189,148.2394092554993,27.608411401562122
right_elbow,3,4,6,6,30,123,11,8,4,2,-166.8756134828424,159.6403134881694,32.651592697101165
left_hip,2,5,10,20,99,33,18,6,2,2,-124.9485255988073,139.09933957867068,26.404786517747795
right_hip,1,6,13,13,88,46,19,6,3,2,-124.19559644584663,131.71961147347605,25.59152079193227
left_knee,4,1,10,10,155,7,6,2,0,2,-93.23136049253759,121.10602315881394,21.433738365135156
right_knee,1,6,4,9,162,8,4,0,1,2,-138.58329035762637,175.90818551542566,31.449147587305205
