Joints,0,1,2,3,4,5,6,7,8,9,Min,Max,Step
left_shoulder,3,0,1,4,6,139,33,3,2,6,-109.26622657635816,78.28215453513434,18.754838111149255
right_shoulder,3,3,1,2,17,149,14,2,3,3,-146.7572021039068,123.36619227767343,27.012339438158023
left_elbow,5,4,3,9,161,5,3,3,3,1,-112.68399948261549,145.96842044526943,25.865241992788498
right_elbow,2,6,6,5,13,137,15,6,5,2,-168.33336311110045,154.02325115983675,32.23566142709373
left_hip,2,3,5,14,39,99,20,12,1,2,-153.16739122864982,140.71211349797613,29.387950472662595
right_hip,2,2,7,13,33,100,26,7,3,4,-140.0593704934741,123.8284090251598,26.38877795186339
left_knee,1,2,3,6,22,150,5,4,2,2,-132.31648116629958,125.96573392741236,25.82822150937119
right_knee,1,4,5,8,158,11,7,1,1,1,-131.66007851995107,156.55882679461945,28.821890531457058
