Joints,0,1,2,3,4,5,6,7,8,9,Min,Max,Step
left_shoulder,2,1,0,5,6,135,38,1,4,5,-107.12893939767507,75.10078749349387,18.2229726891169
right_shoulder,1,1,3,1,9,131,42,5,1,3,-150.57123857341247,107.17637584394907,25.77476144173616
left_elbow,4,1,9,3,157,8,4,8,2,1,-128.34127927375604,144.21717489474688,27.255845416850292
right_elbow,3,4,7,6,38,115,13,5,4,2,-166.43388536722313,162.17799633326163,32.86118817004848
left_hip,2,3,4,16,55,87,15,9,3,3,-148.03022536550742,140.7100637214221,28.87402890869295
right_hip,2,2,4,14,33,100,25,11,4,2,-140.74485070684602,123.75100303493635,26.44958537417824
left_knee,1,0,5,6,12,162,5,3,1,2,-143.1315510919104,132.74105239859017,27.587260349050055
right_knee,2,3,6,8,147,21,7,0,1,2,-122.01108595192072,136.9851514746893,25.899623742661007
