Joints,0,1,2,3,4,5,6,7,8,9,Min,Max,Step
left_shoulder,3,0,2,3,27,153,1,2,4,2,-106.41835862493087,99.19132469692585,20.560968332185666
right_shoulder,2,0,3,1,4,34,134,10,5,4,-145.68548189737174,89.63701857196125,23.5322500469333
left_elbow,2,4,6,5,152,13,6,3,3,3,-137.46237582685959,149.88753761387267,28.734991344073222
right_elbow,2,5,6,4,14,137,15,6,7,1,-165.1218004889421,148.3911370334998,31.351293752244203
left_hip,3,5,7,23,100,32,14,7,4,2,-124.96567035701435,137.7734477901593,26.273911814717366
right_hip,3,3,9,13,59,79,19,7,3,2,-136.01259251386816,134.30566757702064,27.031826009088874
left_knee,5,2,6,115,58,5,4,1,0,1,-78.31830734460097,120.2656583640606,19.858396570866155
right_knee,4,6,9,156,14,5,1,1,0,1,-101.00178239064785,176.53592949986734,27.75377118905152
