Joints,0,1,2,3,4,5,6,7,8,9,Min,Max,Step
left_shoulder,5,30,110,20,4,8,15,2,1,2,0.0,157.76807146695782,15.776807146695782
right_shoulder,17,116,42,6,5,7,0,1,2,1,1.0199201616382212,171.481457364563,17.046153720292477
left_elbow,3,9,6,3,25,65,45,23,7,11,0.0,179.10434247709884,17.910434247709883
right_elbow,8,3,10,5,8,46,49,46,4,18,2.620039650483475,177.90502903323892,17.528498938275543
left_hip,4,26,49,16,12,18,20,17,13,22,0.0,176.81134722707853,17.681134722707853
right_hip,17,15,17,24,20,12,11,32,43,6,1.813403830384056,165.77516913759763,16.396176530721355
left_knee,11,17,130,11,14,4,4,3,2,1,0.0,167.1446869786842,16.71446869786842
right_knee,7,9,102,52,9,12,2,1,0,3,0.5992206282354385,177.37153861818604,17.67723179899506
