Joints,0,1,2,3,4,5,6,7,8,9,Min,Max,Step
left_shoulder,5,54,88,18,5,8,9,4,2,4,2.209766736712952,154.8119437669917,15.260217703027875
right_shoulder,12,118,43,4,6,3,4,1,2,4,1.9244609567022601,166.993534121877,16.506907316517474
left_elbow,4,10,4,5,29,70,33,28,5,9,1.0553574573458293,179.53345667621707,17.847809921887126
right_elbow,8,2,12,5,12,41,55,42,6,14,8.574061104230758,177.90524939702541,16.933118829279465
left_hip,5,54,34,10,12,17,19,17,12,17,7.8278513272904,176.80691997411137,16.897906864682096
right_hip,20,11,16,26,14,10,15,44,36,5,2.459868433352161,167.14945007634145,16.46895816429893
left_knee,9,24,125,24,5,4,0,4,1,1,0.0,178.99419996740292,17.899419996740292
right_knee,7,9,106,48,4,15,6,0,0,2,0.0,180.0,18.0
