Joints,0,1,2,3,4,5,6,7,8,9,Min,Max,Step
left_shoulder,3,57,92,15,5,8,10,4,2,1,2.0265407525025885,158.0160692274319,15.59895284749293
right_shoulder,16,119,43,5,4,4,4,0,0,2,1.0202532008293408,167.67233712401452,16.66520839231852
left_elbow,5,7,4,4,22,59,51,26,6,13,0.0,177.79614966888303,17.779614966888303
right_elbow,13,1,11,6,11,45,55,35,7,13,2.9393981388176558,179.51891765147025,17.657951951265257
left_hip,4,57,33,10,13,22,13,16,15,14,9.980693310290158,177.55121752007298,16.757052420978283
right_hip,17,11,17,24,17,12,13,44,36,6,0.8124710990982597,167.13271948948758,16.632024839038934
left_knee,10,17,125,10,19,7,2,2,2,3,7.563516489860969,145.54061420584603,13.797709771598505
right_knee,5,11,113,39,7,13,6,0,0,3,1.257054506253232,178.77270778376214,17.75156532775089
