Joints,0,1,2,3,4,5,6,7,8,9,Min,Max,Step
left_shoulder,4,48,95,18,5,10,9,6,0,2,2.213466718478008,153.72641985742916,15.151295313895114
right_shoulder,9,32,91,34,12,4,4,3,3,5,1.9256073689936584,111.07061155735843,10.914500418836479
left_elbow,8,8,6,5,28,63,38,24,5,12,2.004285751143548,177.79290054429737,17.578861479315382
right_elbow,8,3,10,6,12,39,47,48,6,18,1.9314837881051292,177.90407666530544,17.59725928772003
left_hip,4,49,30,10,19,20,16,17,12,20,8.310915304878732,176.80923797153469,16.849832266665594
right_hip,24,13,15,25,20,11,16,41,28,4,5.199650435641204,168.2410189359324,16.304136850029117
left_knee,14,42,103,19,7,3,1,2,3,3,6.76491995544341,170.60835280985538,16.384343285441197
right_knee,8,9,122,30,8,9,3,2,0,6,2.8228408893435577,180.0,17.717715911065646
