Joints,0,1,2,3,4,5,6,7,8,9,Min,Max,Step
left_shoulder,4,50,94,18,5,10,13,1,0,2,2.024790722023936,155.60076219169602,15.357597146967208
right_shoulder,13,49,91,28,0,6,3,3,2,2,1.0189482522905882,138.672798395805,13.765385014351441
left_elbow,3,9,5,5,31,63,38,26,7,10,4.126658787792802,177.04761162702647,17.292095283923366
right_elbow,7,1,12,9,6,43,40,51,10,18,1.7809635628570106,174.70125533055568,17.292029176769866
left_hip,6,54,30,11,14,16,17,17,13,19,7.826708242933687,176.50177282713875,16.867506458420507
right_hip,21,16,12,27,13,11,15,53,23,6,2.374187667739013,172.76322205355484,17.03890343858158
left_knee,16,13,124,12,17,6,4,2,0,3,7.872687429547106,145.01672540586574,13.714403797631864
right_knee,7,7,122,30,11,12,4,0,1,3,2.8301844043505935,178.77875841589903,17.594857401154844
