Joints,0,1,2,3,4,5,6,7,8,9,Min,Max,Step
left_shoulder,4,63,89,8,7,6,15,2,1,2,1.5810785307478552,165.37805323904757,16.379697470829974
right_shoulder,20,115,42,5,4,5,3,0,0,3,1.9252842269363744,167.66681531605613,16.574153108911975
left_elbow,8,7,5,6,28,65,38,25,5,10,0.0,180.0,18.0
right_elbow,11,1,10,7,10,43,42,52,5,16,0.0,177.90435950847015,17.790435950847016
left_hip,3,59,30,12,15,22,13,16,9,18,10.424780479797617,180.0,16.957521952020237
right_hip,19,13,15,29,12,11,26,57,12,3,0.8141936070877522,180.0,17.918580639291225
left_knee,16,90,53,20,5,5,0,4,1,3,7.870152791663012,178.63244439996777,17.07622916083048
right_knee,8,8,121,33,11,10,2,1,1,2,2.818509594792028,177.98119762520932,17.516268803041733
