Joints,0,1,2,3,4,5,6,7,8,9,Min,Max,Step
left_shoulder,2,48,96,17,6,7,15,2,0,4,2.0256315295987517,154.3779577339652,15.235232620436644
right_shoulder,16,113,45,7,7,3,2,1,0,3,1.0198762107377322,167.66138411217585,16.664150790143815
left_elbow,8,11,1,4,37,70,25,26,5,10,3.0888565720455663,179.53410164820536,17.644524507615984
right_elbow,10,2,10,5,10,44,51,45,4,16,2.609683448201538,179.09851199695146,17.64888285487499
left_hip,3,56,30,12,16,20,13,18,9,20,7.401905021856702,179.94966615400426,17.254776113214756
right_hip,16,13,11,27,16,14,16,43,36,5,0.936706770177907,167.1120639753033,16.61753572051254
left_knee,14,24,119,18,8,4,3,1,3,3,7.867234206442914,156.78635343454,14.891911922809706
right_knee,5,8,80,76,4,14,5,4,0,1,0.0,171.9455590619373,17.19455590619373
