Joints,0,1,2,3,4,5,6,7,8,9,Min,Max,Step
left_shoulder,158,18,9,3,2,1,1,0,2,2,0.0,42.817060297886655,4.2817060297886655
right_shoulder,156,18,5,7,1,1,0,2,2,4,0.0,54.691710661977275,5.4691710661977275
left_elbow,166,15,4,2,2,1,0,0,3,3,0.0,92.77349166388309,9.277349166388309
right_elbow,160,9,6,3,3,5,3,2,1,4,0.0,138.5637999362086,13.856379993620859
left_hip,164,14,5,2,1,1,2,5,1,1,0.0,140.17862678372066,14.017862678372065
right_hip,146,26,11,2,0,1,3,2,2,3,0.0,119.27149144101637,11.927149144101637
left_knee,176,5,2,2,1,0,3,1,4,2,0.0,60.178588505707324,6.017858850570732
right_knee,165,9,2,6,3,3,5,0,0,3,0.0,95.7427365263417,9.57427365263417
