Joints,0,1,2,3,4,5,6,7,8,9,Min,Max,Step
left_shoulder,179,9,1,0,1,0,0,3,0,3,0.0,180.56966437261903,18.056966437261902
right_shoulder,176,7,7,0,0,0,1,1,1,3,0.0,221.95327568048594,22.195327568048594
left_elbow,170,9,4,1,2,1,2,1,4,2,0.0,113.51578211914403,11.351578211914404
right_elbow,162,10,6,10,2,0,2,1,0,3,0.0,270.79215433393387,27.079215433393387
left_hip,173,11,0,4,2,1,0,1,1,3,0.0,256.00406766425823,25.600406766425824
right_hip,174,10,3,3,0,1,0,1,1,3,0.0,292.02934797091916,29.202934797091917
left_knee,176,3,8,2,1,0,0,2,0,4,0.0,176.58980956707612,17.658980956707612
right_knee,168,7,6,4,2,3,0,0,1,5,0.0,172.42297838054336,17.242297838054334
