Joints,0,1,2,3,4,5,6,7,8,9,Min,Max,Step
left_shoulder,178,6,2,0,2,0,0,2,5,1,0.0,203.85186891348656,20.385186891348656
right_shoulder,179,3,4,0,0,0,2,2,2,4,0.0,214.3615609489867,21.43615609489867
left_elbow,172,8,4,3,3,1,1,0,1,3,0.0,192.64898099285577,19.264898099285578
right_elbow,159,14,3,4,2,4,1,5,2,2,0.0,244.14667561383698,24.4146675613837
left_hip,174,8,2,1,1,1,1,3,2,3,0.0,265.3796776056504,26.53796776056504
right_hip,173,7,3,3,0,0,0,3,3,4,0.0,279.5422914916995,27.954229149169947
left_knee,174,4,8,0,0,0,2,0,4,4,0.0,205.6555020368832,20.56555020368832
right_knee,168,10,7,1,0,2,5,2,0,1,0.0,240.7913173208213,24.07913173208213
