Joints,0,1,2,3,4,5,6,7,8,9,Min,Max,Step
left_shoulder,176,7,2,1,0,1,1,1,5,2,0.0,185.225957177011,18.5225957177011
right_shoulder,176,4,5,0,2,2,4,0,0,3,0.0,215.49920290045253,21.549920290045254
left_elbow,170,5,5,2,4,4,2,2,0,2,0.0,182.46433956966962,18.24643395696696
right_elbow,164,10,3,5,5,4,2,1,0,2,0.0,267.5928584205788,26.75928584205788
left_hip,169,10,3,0,4,1,2,0,5,2,0.0,250.77331924624318,25.077331924624318
right_hip,171,8,3,3,1,3,0,1,1,5,0.0,283.88784674139225,28.388784674139224
left_knee,170,8,8,0,0,0,0,1,6,3,0.0,212.22645124646255,21.222645124646256
right_knee,166,13,5,4,1,0,4,0,2,1,0.0,256.9825934871357,25.69825934871357
