Joints,0,1,2,3,4,5,6,7,8,9,Min,Max,Step
left_shoulder,182,5,3,0,0,1,0,2,1,2,0.0,180.4546159215201,18.04546159215201
right_shoulder,176,10,3,1,0,0,0,3,2,1,0.0,181.23004366597726,18.123004366597726
left_elbow,172,8,4,1,6,4,0,0,0,1,0.0,176.79419086022202,17.6794190860222
right_elbow,162,14,4,4,5,0,1,1,2,3,0.0,193.3503340636029,19.33503340636029
left_hip,174,10,4,0,1,1,1,0,0,5,0.0,227.86777344146117,22.786777344146117
right_hip,170,11,3,4,2,0,1,0,3,2,0.0,262.65033419864545,26.265033419864544
left_knee,177,6,6,0,0,1,0,4,1,1,0.0,240.81454053224323,24.081454053224324
right_knee,167,11,10,0,2,0,2,2,1,1,0.0,216.012499725636,21.6012499725636
