Joints,0,1,2,3,4,5,6,7,8,9,Min,Max,Step
left_shoulder,178,6,2,0,0,1,0,2,4,3,0.0,210.57071066174203,21.057071066174203
right_shoulder,181,3,2,3,0,1,1,0,4,1,0.0,256.6305169838091,25.66305169838091
left_elbow,173,7,2,1,3,3,2,0,3,2,0.0,193.707511568577,19.3707511568577
right_elbow,159,10,4,10,5,1,2,2,0,3,0.0,265.87592786870255,26.587592786870253
left_hip,175,8,1,1,1,3,0,2,0,5,0.0,270.79309764542666,27.079309764542664
right_hip,174,6,2,3,4,1,0,0,0,6,0.0,290.09772468669183,29.009772468669183
left_knee,172,4,8,1,0,1,0,7,2,1,0.0,231.58136693072842,23.15813669307284
right_knee,168,11,5,2,1,2,3,1,1,2,0.0,241.1364798401121,24.11364798401121
