Joints,0,1,2,3,4,5,6,7,8,9,Min,Max,Step
left_shoulder,178,7,1,0,0,0,0,2,4,4,0.0,190.91026755357208,19.09102675535721
right_shoulder,173,9,4,0,0,3,1,1,0,5,0.0,230.73940286789616,23.073940286789615
left_elbow,173,5,4,1,3,5,1,0,2,2,0.0,190.45773898315448,19.04577389831545
right_elbow,162,10,9,4,4,3,0,0,3,1,0.0,313.16909609604704,31.316909609604703
left_hip,173,7,2,3,1,0,0,3,1,6,0.0,275.9019968145601,27.59019968145601
right_hip,172,7,3,3,1,1,0,2,0,7,0.0,289.7238858175363,28.97238858175363
left_knee,173,5,8,0,0,0,2,0,2,6,0.0,200.3386406516377,20.03386406516377
right_knee,167,9,7,3,2,0,4,2,1,1,0.0,238.24812600983162,23.82481260098316
