Joints,0,1,2,3,4,5,6,7,8,9,Min,Max,Step
left_shoulder,2,2,2,12,38,48,6,2,2,2,-153.30295885916232,154.0167923316526,30.731975119081497
right_shoulder,3,3,7,15,51,23,8,3,1,2,-67.75130467822135,80.35226410392733,14.810356878214868
left_elbow,4,6,5,6,10,53,12,9,5,6,-162.06217469508778,138.8530402224492,30.091521491753696
right_elbow,3,3,7,13,66,11,6,2,3,2,-117.73273345505415,137.97745366718254,25.571018712223676
left_hip,1,4,5,15,47,28,8,2,5,1,-78.07017023615728,85.51211103963112,16.35822812757884
right_hip,5,2,7,18,36,27,12,7,0,2,-75.71707177424895,82.87480081884509,15.859187259309401
left_knee,1,1,2,5,7,33,46,8,7,6,-148.31053346699576,92.75765060819813,24.1068184075194
right_knee,2,0,1,4,48,55,3,1,1,1,-171.9942418432584,171.99402496511303,34.398826680837146
