Joints,0,1,2,3,4,5,6,7,8,9,Min,Max,Step
left_shoulder,2,2,1,0,21,67,15,3,1,4,-146.10354785347303,120.79379584467749,26.689734369815056
right_shoulder,1,0,0,4,69,39,2,0,0,1,-174.87319226816146,177.58964645815212,35.24628387263135
left_elbow,3,7,9,8,29,35,8,5,10,2,-156.2473322114127,156.18595850080476,31.24332907122175
right_elbow,1,1,2,4,23,71,7,4,1,2,-151.6787240796059,135.81217582450418,28.749089990411008
left_hip,4,3,6,9,44,26,14,2,3,5,-62.83372245546767,65.91276087663161,12.874648333209926
right_hip,4,0,5,6,29,47,14,7,2,2,-91.92268929699006,84.26728306603195,17.618997236302192
left_knee,1,2,4,7,28,56,8,8,0,2,-156.25288542851825,148.81862666993692,30.507151209845517
right_knee,1,0,3,4,28,73,2,2,2,1,-152.4464609692958,144.5440096762529,29.699047064554875
