Joints,0,1,2,3,4,5,6,7,8,9,Min,Max,Step
left_shoulder,3,1,3,4,24,64,10,0,3,4,-162.82409776104868,145.87430517117042,30.8698402932219
right_shoulder,2,2,7,36,58,6,3,1,0,1,-106.61749079404846,154.62308727591827,26.124057806996674
left_elbow,6,6,6,7,17,46,10,7,6,5,-170.9830553922337,163.95215735604853,33.493521274828225
right_elbow,2,1,1,13,62,28,5,2,1,1,-126.89393775753773,136.95303597593735,26.384697373347507
left_hip,3,2,6,21,64,10,6,1,2,1,-92.33679179489368,119.04777638420923,21.138456817910296
right_hip,5,4,6,25,53,16,4,0,2,1,-90.19225477243135,120.81411992159352,21.100637469402486
left_knee,1,1,2,7,40,51,7,3,3,1,-150.98357947590657,145.35730398663722,29.634088346254373
right_knee,3,0,2,4,41,56,6,1,1,2,-127.07254425340173,126.97772493889259,25.405026919229428
