Joints,0,1,2,3,4,5,6,7,8,9,Min,Max,Step
left_shoulder,3,0,3,7,39,50,7,3,2,2,-136.04818488276376,135.92631493881663,27.197449982158034
right_shoulder,1,0,0,2,4,71,33,4,0,1,-172.70424538618963,124.15816995179587,29.68624153379855
left_elbow,8,3,2,12,32,32,11,6,5,5,-144.09692079137278,142.98329037895058,28.70802111703233
right_elbow,3,2,6,4,70,21,4,2,2,2,-125.96927594303992,136.6127557996607,26.258203174270065
left_hip,5,1,4,9,32,42,5,11,3,4,-98.28858121896185,94.98775847604921,19.327633969501107
right_hip,1,2,5,6,53,35,6,6,1,1,-134.87975454666307,135.45320405782542,27.033295860448845
left_knee,1,3,1,8,15,53,13,11,9,2,-157.94828737859075,118.09248933941008,27.60407767180007
right_knee,2,2,5,8,79,13,3,1,2,1,-136.1781950626808,158.81374498236315,29.499194004504403
