Joints,0,1,2,3,4,5,6,7,8,9,Min,Max,Step
left_shoulder,42,36,21,8,3,1,2,1,0,2,0.08582452259049801,176.0564647819348,17.597064025934433
right_shoulder,16,17,30,10,12,8,10,4,8,1,0.6546243843232616,105.10221186435065,10.444758748002739
left_elbow,2,2,11,7,8,9,8,15,28,26,0.939006261973136,179.99998147094811,17.906097520897497
right_elbow,2,1,2,2,12,8,26,13,24,26,6.073020495020349,175.7666422633977,16.969362176837734
left_hip,23,27,9,21,16,11,3,0,0,6,3.650319184062847e-05,174.85357159992782,17.485353509673597
right_hip,6,1,1,5,17,18,13,18,22,15,8.000711626132272,179.999960072958,17.199924844682574
left_knee,1,1,1,2,11,5,9,15,15,56,1.1294772552751389,180.0,17.887052274472488
right_knee,1,1,2,5,4,1,4,23,30,45,14.684675127511802,179.57401240879437,16.488933728128256
