Joints,0,1,2,3,4,5,6,7,8,9,Min,Max,Step
left_shoulder,35,38,23,10,3,1,2,0,2,2,0.5098958707107131,169.38052771399882,16.88706318432881
right_shoulder,31,35,16,17,12,4,0,0,0,1,0.3434508709504003,153.3931710042047,15.30497201332543
left_elbow,3,6,7,6,6,11,10,17,21,29,12.863656239705708,177.6503594782819,16.47867032385762
right_elbow,2,2,1,1,7,10,26,14,30,23,1.3021420793456595,176.81696097490487,17.551481889555923
left_hip,22,23,20,6,8,18,10,4,2,3,0.30671072990368303,136.44608628382713,13.613937555392345
right_hip,1,1,2,2,18,15,14,19,23,21,8.278212309015519,178.6977254941454,17.04195131851299
left_knee,3,9,7,2,6,7,15,10,15,42,57.11029810708534,179.71102004446342,12.260072193737813
right_knee,1,3,3,4,3,4,10,22,28,38,44.98109554568633,179.2175724604275,13.423647691474116
