Joints,0,1,2,3,4,5,6,7,8,9,Min,Max,Step
left_shoulder,37,30,26,9,6,0,2,2,0,4,0.17372541853893445,175.82521842841618,17.565149300987724
right_shoulder,17,15,28,16,9,10,5,8,4,4,0.11019518929715114,86.07866647145521,8.596847128215806
left_elbow,6,3,4,7,7,8,14,15,25,27,0.0,179.99999758516347,17.999999758516346
right_elbow,4,0,0,4,7,10,24,22,18,27,0.2953061193609398,174.8660927829626,17.457078666360168
left_hip,25,26,14,7,17,11,13,1,1,1,0.7264616278830908,152.02763029228873,15.130116866440565
right_hip,3,2,9,13,19,6,14,19,14,17,40.05999188099742,179.10470238446476,13.904471050346736
left_knee,2,0,1,7,12,7,10,18,16,43,7.204899781680889,179.73048177244775,17.252558199076685
right_knee,1,0,3,3,2,5,5,19,31,47,7.242381345611634,179.999987835598,17.275760648998634
