Joints,0,1,2,3,4,5,6,7,8,9,Min,Max,Step
left_shoulder,40,32,21,10,3,2,3,2,0,3,0.7302567778341988,166.22570249172256,16.549544571388836
right_shoulder,37,40,19,12,7,0,0,0,0,1,0.4488032804153454,180.0,17.955119671958464
left_elbow,3,2,8,10,6,8,6,12,27,34,0.0,178.08450238599315,17.808450238599313
right_elbow,4,0,0,2,7,8,23,17,25,30,0.0,174.5949382625295,17.45949382625295
left_hip,22,16,14,10,5,10,11,12,7,9,1.4627511642793092,111.74052215953816,11.027777099525885
right_hip,1,4,11,15,13,9,10,17,19,17,35.3405685204326,178.61661662875267,14.327604810832007
left_knee,1,0,2,7,10,4,9,20,12,51,8.41407168250955,180.0,17.15859283174904
right_knee,2,1,0,4,4,3,4,22,33,43,15.661266701362026,179.47756496142966,16.381629826006765
