Joints,0,1,2,3,4,5,6,7,8,9,Min,Max,Step
left_shoulder,37,28,29,8,4,0,5,1,0,4,0.05689993613689485,180.0,17.99431000638631
right_shoulder,40,32,19,16,7,1,0,0,0,1,0.5832413278940755,180.0,17.94167586721059
left_elbow,5,7,4,4,7,9,12,16,30,22,0.0,178.08889426266197,17.808889426266198
right_elbow,3,1,0,2,8,6,23,17,16,40,0.0,173.90414141577014,17.390414141577015
left_hip,25,23,14,6,18,17,6,4,2,1,0.3236304906618955,148.92552274191462,14.860189225125273
right_hip,1,3,0,15,24,6,12,20,21,14,24.94536060285296,180.0,15.505463939714705
left_knee,2,0,0,4,14,9,9,21,13,44,1.741965013493752,179.50450565433098,17.776254064083723
right_knee,2,0,2,3,4,4,5,18,37,41,0.0,178.48816198816382,17.848816198816383
