Joints,0,1,2,3,4,5,6,7,8,9,Min,Max,Step
left_shoulder,30,35,27,13,3,3,2,1,1,1,0.0,163.17877630919986,16.317877630919988
right_shoulder,27,22,20,10,18,9,6,2,0,2,0.36809463991631536,118.53463966538,11.816654502546367
left_elbow,2,5,8,6,10,7,9,16,24,29,0.0,179.30845818428887,17.930845818428885
right_elbow,2,0,3,2,7,12,25,17,32,16,2.360663093357013,179.999890098404,17.7639227005047
left_hip,15,22,17,11,6,17,8,14,4,2,0.07673771563139682,127.01380224305885,12.693706452742745
right_hip,2,2,11,11,22,6,12,19,17,14,38.787152118387496,179.90662072421588,14.11194686058284
left_knee,2,2,2,7,6,7,8,17,15,50,13.172588059075474,179.84454280221038,16.667195474313495
right_knee,2,1,4,0,5,0,10,26,27,41,38.08098128564216,179.81682668187898,14.173584539623683
