Joints,0,1,2,3,4,5,6,7,8,9,Min,Max,Step
left_shoulder,90,6,2,0,2,3,4,3,4,1,0.0,143.44795144026045,14.344795144026046
right_shoulder,93,5,1,0,2,2,1,5,4,2,0.0,146.14081200028374,14.614081200028375
left_elbow,58,18,8,11,5,2,3,4,2,4,0.0,131.18929589211004,13.118929589211003
right_elbow,84,10,4,2,2,3,1,2,4,3,0.0,150.2473145712525,15.02473145712525
left_hip,87,4,6,1,2,2,1,3,5,4,0.0,142.04823578686282,14.204823578686282
right_hip,94,3,1,1,0,2,4,6,3,1,0.0,174.29433567853116,17.429433567853117
left_knee,89,8,3,2,1,0,2,6,3,1,0.0,165.88115573254603,16.588115573254605
right_knee,93,4,1,1,1,0,1,7,5,2,0.0,167.54410725273462,16.754410725273463
