Joints,0,1,2,3,4,5,6,7,8,9,Min,Max,Step
left_shoulder,83,16,3,3,0,0,0,3,4,3,0.0,129.9856797971392,12.99856797971392
right_shoulder,99,4,0,1,0,3,0,3,3,2,0.0,135.4455505110149,13.544555051101488
left_elbow,77,9,7,6,4,5,2,1,1,3,0.0,133.62296759280378,13.362296759280378
right_elbow,87,11,3,0,2,4,2,3,0,3,0.0,143.3710258601734,14.337102586017341
left_hip,94,5,4,0,0,1,1,3,5,2,0.0,148.19209365887448,14.819209365887449
right_hip,98,5,0,0,0,0,0,2,7,3,0.0,138.2861810283684,13.828618102836838
left_knee,92,12,1,0,0,0,3,3,0,4,0.0,167.08072230574845,16.708072230574846
right_knee,99,6,0,0,0,0,0,6,2,2,0.0,179.36329377876626,17.936329377876625
