Joints,0,1,2,3,4,5,6,7,8,9,Min,Max,Step
left_shoulder,89,14,3,0,1,0,0,2,1,5,0.0,108.4690438285693,10.84690438285693
right_shoulder,97,9,1,0,0,0,1,1,1,5,0.0,143.9724380207576,14.39724380207576
left_elbow,61,16,16,6,6,2,2,1,2,3,0.0,121.84703448270606,12.184703448270607
right_elbow,91,13,3,0,0,1,1,0,3,3,0.0,160.88029293011618,16.08802929301162
left_hip,95,6,5,1,0,2,0,0,3,3,0.0,141.79468793525547,14.179468793525547
right_hip,102,2,3,0,0,0,1,3,2,2,0.0,159.31576308282288,15.931576308282288
left_knee,91,15,1,0,0,0,1,1,4,2,0.0,157.40941988071557,15.740941988071558
right_knee,99,7,1,0,0,0,5,1,0,2,0.0,195.2886513173453,19.52886513173453
