Joints,0,1,2,3,4,5,6,7,8,9,Min,Max,Step
left_shoulder,107,4,1,2,0,0,0,0,0,1,0.0,110.14224411339364,11.014224411339365
right_shoulder,106,8,0,0,0,0,0,0,0,1,0.0,138.7745408238411,13.87745408238411
left_elbow,91,6,6,3,3,4,0,0,1,1,0.0,79.59068180695694,7.959068180695693
right_elbow,105,7,2,0,0,0,0,0,0,1,0.0,136.0203999846198,13.60203999846198
left_hip,105,4,5,0,0,0,0,0,0,1,0.0,149.47708527012628,14.947708527012628
right_hip,114,0,0,0,0,0,0,0,0,1,0.0,171.9371009518905,17.19371009518905
left_knee,105,8,0,1,0,0,0,0,0,1,0.0,126.65769357131676,12.665769357131676
right_knee,112,1,1,0,0,0,0,0,0,1,0.0,148.9307848389866,14.893078483898659
