Joints,0,1,2,3,4,5,6,7,8,9,Min,Max,Step
left_shoulder,91,6,1,1,3,5,2,2,2,2,0.0,121.40556633412628,12.140556633412627
right_shoulder,98,0,1,0,1,4,1,1,4,5,0.0,146.54207335942405,14.654207335942406
left_elbow,64,13,15,8,6,3,1,2,2,1,0.0,130.52060045378468,13.052060045378468
right_elbow,82,11,6,0,2,1,4,2,1,6,0.0,142.09214037060408,14.20921403706041
left_hip,85,10,6,2,1,1,3,2,3,2,0.0,154.79264986458662,15.479264986458663
right_hip,97,2,0,2,0,3,2,2,2,5,0.0,160.47228579799454,16.047228579799455
left_knee,80,18,0,3,0,4,2,0,4,4,0.0,146.55598007695392,14.655598007695392
right_knee,92,6,1,1,1,3,1,0,6,4,0.0,164.9602919869736,16.49602919869736
