Joints,0,1,2,3,4,5,6,7,8,9,Min,Max,Step
left_shoulder,86,15,2,1,0,4,1,1,2,3,0.0,126.28101540787786,12.628101540787785
right_shoulder,100,3,0,0,0,2,0,2,4,4,0.0,145.9353191692741,14.59353191692741
left_elbow,61,20,12,8,3,3,2,1,3,2,0.0,152.71753641249805,15.271753641249806
right_elbow,87,13,1,2,1,3,0,0,4,4,0.0,164.5199571976023,16.45199571976023
left_hip,95,5,2,1,0,0,1,5,2,4,0.0,147.48467420906366,14.748467420906366
right_hip,101,2,0,0,0,0,2,1,3,6,0.0,156.99465889329022,15.699465889329023
left_knee,90,14,1,0,0,0,2,3,2,3,0.0,154.1090158198905,15.410901581989048
right_knee,98,5,0,0,0,2,3,4,1,2,0.0,189.8499321435146,18.98499321435146
