Joints,0,1,2,3,4,5,6,7,8,9,Min,Max,Step
left_shoulder,94,12,3,0,1,1,2,0,1,1,0.0,141.75663013020764,14.175663013020763
right_shoulder,102,7,0,0,0,0,0,2,0,4,0.0,132.22412639137508,13.222412639137508
left_elbow,66,19,10,7,5,5,1,1,0,1,0.0,136.9510843325807,13.69510843325807
right_elbow,98,6,3,1,1,2,0,1,0,3,0.0,158.9795648833169,15.89795648833169
left_hip,95,6,5,1,2,0,2,2,1,1,0.0,163.40473150335637,16.340473150335637
right_hip,105,2,0,0,0,0,4,0,0,4,0.0,154.45997161218168,15.445997161218168
left_knee,98,9,0,2,0,0,2,0,1,3,0.0,158.11187574109914,15.811187574109914
right_knee,104,3,0,0,2,0,2,0,1,3,0.0,158.56699989601228,15.856699989601228
