Joints,0,1,2,3,4,5,6,7,8,9,Min,Max,Step
left_shoulder,1,0,0,0,77,2,0,0,1,1,-107.49944040522028,112.00705378857124,21.95064941937916
right_shoulder,1,1,1,0,75,1,0,1,0,2,-61.52659836616618,77.108947508954,13.86355458751202
left_elbow,1,0,0,0,0,1,2,75,0,3,-142.62352018096024,60.80955152692175,20.343307170788194
right_elbow,1,1,2,75,1,0,0,0,0,2,-34.264302738990104,79.06972113183444,11.333402387082455
left_hip,1,0,1,77,2,0,0,0,0,1,-64.34803105880182,103.50469454107879,16.78527255998806
right_hip,1,0,0,0,0,76,4,0,0,1,-100.52739852636914,72.98671403031338,17.351411255668253
left_knee,1,0,75,3,1,1,0,0,0,1,-30.733663778228326,77.84958281507869,10.858324659330702
right_knee,1,79,0,1,0,0,0,0,0,1,-32.4704648579858,155.7126324377332,18.8183097295719
