Joints,0,1,2,3,4,5,6,7,8,9,Min,Max,Step
left_shoulder,1,0,0,0,77,2,0,0,1,1,-109.50511736491435,110.90243777475716,22.040755513967156
right_shoulder,1,0,1,1,76,1,0,0,1,1,-58.251162637316106,67.74293405799905,12.599409669531518
left_elbow,2,75,2,1,0,0,1,0,0,1,-15.237116982562812,90.83855916348769,10.607567614605049
right_elbow,1,1,1,76,1,0,0,0,0,2,-34.443466946530854,78.98955822932788,11.343302517585876
left_hip,1,1,2,76,1,0,0,0,0,1,-17.120969889860813,32.09460699507707,4.921557688493788
right_hip,1,0,0,0,0,0,76,4,0,1,-63.59625206785665,34.05677799753048,9.765303006538716
left_knee,1,1,75,2,2,0,0,0,0,1,-16.25646548600102,37.96122695468408,5.421769244068511
right_knee,2,0,0,79,0,0,0,0,0,1,-34.44947164629423,61.80668735850234,9.625615900479655
