Joints,0,1,2,3,4,5,6,7,8,9,Min,Max,Step
left_shoulder,1,0,0,0,1,76,1,1,1,1,-110.79865846529484,88.21105204387393,19.90097105091688
right_shoulder,2,0,1,76,1,0,0,1,0,1,-71.87466746127889,119.74744490327959,19.162211236455846
left_elbow,1,76,3,0,0,0,1,0,0,1,-17.843788048001468,98.24349264420091,11.608728069220238
right_elbow,1,0,0,0,1,76,1,0,2,1,-121.64761734677073,102.40790899991931,22.405552634669007
left_hip,1,0,1,76,2,1,0,0,0,1,-21.25790184719527,34.998847094807594,5.625674894200287
right_hip,1,0,0,1,1,75,2,0,1,1,-46.83380982375089,34.918982653133604,8.17527924768845
left_knee,1,0,0,3,0,75,1,1,0,1,-22.01446639500256,17.277538894335123,3.9292005289337695
right_knee,1,1,0,78,1,0,0,0,0,1,-33.04771682466037,59.85121339055067,9.289893021521102
