Joints,0,1,2,3,4,5,6,7,8,9,Min,Max,Step
left_shoulder,1,0,0,0,77,2,0,0,1,1,-110.74445561341692,120.68167026511424,23.142612587853122
right_shoulder,2,2,1,73,1,1,0,1,0,1,-61.74903856480325,122.1359177423188,18.388495630712207
left_elbow,1,1,0,0,0,74,2,0,1,3,-80.64727585643881,64.0127844950655,14.466006035150428
right_elbow,2,0,0,76,0,2,0,0,0,2,-38.48928355712232,82.97646966334224,12.146575322046456
left_hip,1,1,4,74,1,0,0,0,0,1,-56.97704781943354,131.66960859475216,18.86466564141857
right_hip,1,0,1,0,74,4,0,1,0,1,-62.63180497235975,68.13118258231334,13.076298755467313
left_knee,1,0,0,0,77,1,1,1,0,1,-151.04236962502242,152.66394942074106,30.370631904576356
right_knee,1,0,0,1,77,0,1,0,0,2,-138.84726977112385,146.64902728761896,28.54962970587428
