Joints,0,1,2,3,4,5,6,7,8,9,Min,Max,Step
left_shoulder,1,0,0,0,1,76,1,0,1,2,-111.77019558840124,83.47737662300995,19.524757221141115
right_shoulder,2,2,0,75,0,1,0,1,0,1,-61.5961656435297,122.48762858293446,18.40837942264642
left_elbow,1,0,0,0,1,1,75,1,1,2,-133.30634283714235,67.10566838535185,20.04120112224942
right_elbow,1,1,2,75,1,0,0,0,0,2,-35.178304197778694,80.16312856825691,11.534143276603562
left_hip,1,0,2,76,1,0,1,0,0,1,-42.56580549837342,75.24350748972583,11.780931298809925
right_hip,1,0,0,0,2,76,2,0,0,1,-98.09376747581159,85.81762898399698,18.391139645980857
left_knee,1,78,1,0,0,1,0,0,0,1,-21.73595065858015,108.48538751366516,13.022133817224532
right_knee,1,0,2,77,0,0,1,0,0,1,-34.9152956327228,69.27041470819997,10.418571034092277
