Joints,0,1,2,3,4,5,6,7,8,9,Min,Max,Step
left_shoulder,3,14,12,0,0,0,0,0,50,3,2.65415936107111,138.05495683989685,13.540079747882572
right_shoulder,2,12,1,1,12,0,1,1,0,52,14.905474991775394,137.23206117067934,12.232658617890396
left_elbow,12,0,50,11,0,4,1,0,0,4,6.700887003752935,177.48345706008516,17.078257005633223
right_elbow,23,0,0,1,0,50,0,2,4,2,35.13727901829526,178.06090737477328,14.2923628356478
left_hip,2,0,12,3,62,1,0,0,0,2,31.273936863019834,162.94354545777202,13.166960859475218
right_hip,2,0,0,0,11,0,2,13,51,3,14.733966932149745,110.14371268193541,9.540974574978566
left_knee,2,0,11,0,0,0,0,12,1,56,7.242495471748969,162.99721959353218,15.57547241217832
right_knee,2,11,0,0,0,0,0,2,54,13,3.7262142631223143,178.9935633451346,17.526734908201227
