Joints,0,1,2,3,4,5,6,7,8,9,Min,Max,Step
left_shoulder,3,1,23,0,0,0,2,0,51,2,2.022143025165549,140.80443581187495,13.87822927867094
right_shoulder,3,0,23,1,1,0,2,50,0,2,41.02601210627597,175.4609694214951,13.443495731521914
left_elbow,24,0,50,0,0,1,2,0,2,3,6.709810260087835,177.48416118736216,17.077435092727434
right_elbow,23,2,0,1,0,50,0,0,4,2,35.139854497370784,177.88566264025238,14.274580814288164
left_hip,5,51,23,1,0,0,0,0,0,2,67.6152641889456,172.71846138989292,10.510319720094728
right_hip,2,0,0,0,0,0,0,24,1,55,9.646614515969304,110.13044944555723,10.048383492958791
left_knee,23,2,0,0,0,0,1,2,53,1,122.21784712980634,162.99873322141354,4.078088609160716
right_knee,54,4,0,0,0,0,0,0,0,24,142.4701314545248,178.02268782028315,3.5552556365758505
