Joints,0,1,2,3,4,5,6,7,8,9,Min,Max,Step
left_shoulder,14,13,0,0,0,0,0,0,50,5,2.869304235518136,136.7794382854949,13.391013404997675
right_shoulder,12,2,0,12,1,0,0,1,0,54,33.091737711037034,136.57537640000484,10.348363868896776
left_elbow,13,11,50,0,0,2,1,0,0,5,5.8861491063782685,177.4846417562364,17.159849264985816
right_elbow,23,0,0,1,0,50,0,0,6,2,35.126978549511264,177.8865001392001,14.275952158968884
left_hip,15,12,50,1,0,0,0,0,0,4,69.25298412592548,172.75767866700428,10.35046945410788
right_hip,4,0,0,0,0,0,0,12,63,3,9.592689466060984,110.12008799243013,10.052739852636916
left_knee,11,0,0,0,0,0,12,4,1,54,44.88939111714919,162.99232902258862,11.810293790543945
right_knee,11,0,0,0,0,0,0,56,2,13,20.36762127200238,178.01178058691963,15.764415931491726
