Joints,0,1,2,3,4,5,6,7,8,9,Min,Max,Step
left_shoulder,5,1,23,0,0,2,0,0,50,1,2.8702327124152007,126.87863942896129,12.40084067165461
right_shoulder,2,3,23,0,1,0,1,0,0,52,41.0218094889054,140.8646311102701,9.984282162136473
left_elbow,26,0,50,0,0,2,1,0,2,1,6.648685695766204,177.48376232509,17.08350766293238
right_elbow,23,0,2,1,0,50,0,0,4,2,35.11747582626657,177.8851842574764,14.276770843120985
left_hip,3,51,23,2,1,0,0,0,0,2,68.29152808133217,163.1662847206665,9.487475663933438
right_hip,2,0,0,0,74,4,0,0,0,2,14.538651469468913,179.21731437518608,16.467866290571717
left_knee,2,0,0,0,0,0,23,0,1,56,33.16933049070992,163.1662847206665,12.999695422995664
right_knee,2,0,0,0,0,0,0,1,55,24,2.045399330463246,178.01204108515338,17.59666417546901
