Joints,0,1,2,3,4,5,6,7,8,9,Min,Max,Step
left_shoulder,3,1,23,0,0,0,0,0,50,5,2.6546219069412262,138.19567602773415,13.554105412079291
right_shoulder,2,1,23,0,0,1,5,0,0,50,41.037917867157795,136.51974614434968,9.548182827719188
left_elbow,23,0,0,0,0,52,1,0,0,6,6.650898129378977,177.48434699468086,17.08334488653019
right_elbow,23,0,0,1,0,50,0,0,6,2,35.118435575085094,177.88606980420707,14.276763422912197
left_hip,1,5,2,0,50,0,0,0,0,24,68.30439703017524,105.8668396409908,3.7562442610815623
right_hip,4,0,0,0,0,24,0,50,3,1,46.52911166184095,110.1253637296976,6.359625206785665
left_knee,23,0,0,0,0,0,1,0,53,5,118.15572938843435,163.7722326459137,4.561650325747934
right_knee,4,0,0,0,51,3,0,0,0,24,114.19147165862442,178.00026606516872,6.380879440654425
