Joints,0,1,2,3,4,5,6,7,8,9,Min,Max,Step
left_shoulder,3,1,23,0,0,2,0,2,0,51,0.8376776927766733,123.50025625168006,12.266257855890338
right_shoulder,13,1,12,1,0,1,0,52,0,2,36.4202418404651,175.369639923764,13.894939808329887
left_elbow,13,0,61,0,0,1,2,0,4,1,9.21612260658716,177.48441988609397,16.82682972795068
right_elbow,23,0,0,1,0,50,0,0,4,4,35.12186269931073,177.91952828292446,14.279766558361374
left_hip,16,1,50,12,1,0,0,0,0,2,68.30548283957299,145.476550222171,7.717106738259801
right_hip,2,0,0,0,0,11,0,1,63,5,1.5008485514800065,110.12430584103755,10.862345728955756
left_knee,11,0,0,0,0,0,12,0,1,58,5.111643269323986,163.8208998608861,15.870925659156212
right_knee,11,0,0,0,53,5,0,0,0,13,108.47774972045084,178.00672932103862,6.9528979600587775
