Joints,0,1,2,3,4,5,6,7,8,9,Min,Max,Step
left_shoulder,3,24,0,0,0,0,2,0,50,3,2.8662624742917204,138.1619610586421,13.529569858435039
right_shoulder,3,23,0,1,2,1,0,50,0,2,41.123994868891025,172.4694893987918,13.134549452990079
left_elbow,23,0,0,0,0,51,2,0,2,4,3.8380438025768733,175.9865486761465,17.214850487356962
right_elbow,23,2,0,1,0,50,0,0,4,2,39.194823246171424,177.89078381141385,13.869596056524244
left_hip,3,2,1,0,23,50,0,0,0,3,69.31514038504207,109.33288472805944,4.001774434301737
right_hip,2,0,0,0,0,1,50,25,2,2,47.94454508820578,110.0595042630702,6.211495917486438
left_knee,2,0,0,0,1,0,2,52,1,24,130.02778302175645,165.40244715451456,3.5374664132758085
right_knee,2,0,0,0,53,3,0,23,0,1,118.46138711422036,178.312600504771,5.98512133905507
