Joints,0,1,2,3,4,5,6,7,8,9,Min,Max,Step
left_shoulder,76,2,0,0,1,1,0,0,0,1,0.0,56.512431151521675,5.651243115152168
right_shoulder,74,3,1,0,2,0,0,0,0,1,0.0,44.62974626545992,4.462974626545992
left_elbow,75,2,0,0,0,0,0,1,2,1,0.0,51.8178179447261,5.18178179447261
right_elbow,75,0,1,0,3,0,0,0,0,2,0.0,47.909285906711276,4.790928590671127
left_hip,78,0,1,0,0,1,0,0,0,1,0.0,55.37349991349686,5.537349991349686
right_hip,78,1,0,0,1,0,0,0,0,1,0.0,75.02728697360007,7.502728697360007
left_knee,78,1,0,1,0,0,0,0,0,1,0.0,108.38268508721735,10.838268508721736
right_knee,78,1,0,1,0,0,0,0,0,1,0.0,101.83253285908695,10.183253285908695
