Joints,0,1,2,3,4,5,6,7,8,9,Min,Max,Step
left_shoulder,75,3,0,0,1,1,0,0,0,1,0.0,60.57344409367527,6.057344409367527
right_shoulder,73,3,1,1,0,2,0,0,0,1,0.0,38.42796356807787,3.842796356807787
left_elbow,73,2,2,0,0,0,0,1,2,1,0.0,52.495575310879524,5.2495575310879525
right_elbow,74,0,1,0,4,0,0,0,0,2,0.0,45.949588973755866,4.594958897375586
left_hip,78,0,0,1,0,1,0,0,0,1,0.0,55.406030966367005,5.5406030966367
right_hip,77,2,0,0,1,0,0,0,0,1,0.0,72.04174695650325,7.204174695650325
left_knee,78,1,0,1,0,0,0,0,0,1,0.0,107.18396604526964,10.718396604526964
right_knee,77,1,1,0,0,1,0,0,0,1,0.0,66.36060287700882,6.636060287700881
