Joints,0,1,2,3,4,5,6,7,8,9,Min,Max,Step
left_shoulder,78,0,1,0,0,0,0,0,0,2,0.0,141.25073435363785,14.125073435363785
right_shoulder,78,1,0,0,0,0,0,0,1,1,0.0,191.98776401825782,19.198776401825782
left_elbow,76,0,0,0,0,0,2,2,0,1,0.0,72.58201055715605,7.258201055715605
right_elbow,76,2,1,0,0,0,0,1,0,1,0.0,202.72793359336768,20.272793359336767
left_hip,78,0,1,0,0,0,0,0,0,2,0.0,133.63650145193347,13.363650145193347
right_hip,78,1,0,0,0,0,0,0,0,2,0.0,166.25764278804414,16.625764278804414
left_knee,77,1,0,1,0,0,0,0,0,2,0.0,107.03875357224355,10.703875357224355
right_knee,78,1,0,0,0,0,0,0,0,2,0.0,202.9596381042704,20.29596381042704
