Joints,0,1,2,3,4,5,6,7,8,9,Min,Max,Step
left_shoulder,74,3,1,1,0,0,0,0,1,1,0.0,31.241911234756376,3.1241911234756374
right_shoulder,74,1,1,1,1,1,0,0,0,2,0.0,20.283839494021144,2.0283839494021145
left_elbow,77,1,0,0,0,0,0,0,2,1,0.0,52.318192643491685,5.231819264349168
right_elbow,76,0,1,0,2,0,0,0,0,2,0.0,47.966734239181264,4.796673423918127
left_hip,77,2,0,0,1,0,0,0,0,1,0.0,33.49804381622614,3.3498043816226137
right_hip,75,4,0,0,1,0,0,0,0,1,0.0,28.17159449895516,2.8171594498955157
left_knee,79,0,0,1,0,0,0,0,0,1,0.0,41.51174136436176,4.151174136436176
right_knee,78,1,0,1,0,0,0,0,0,1,0.0,36.93681978447797,3.6936819784477968
