Joints,0,1,2,3,4,5,6,7,8,9,Min,Max,Step
left_shoulder,74,3,1,1,0,0,0,1,0,1,0.0,31.32368416069273,3.132368416069273
right_shoulder,74,1,2,0,1,1,0,0,0,2,0.0,21.642682481024146,2.1642682481024145
left_elbow,75,2,1,0,0,0,0,0,2,1,0.0,51.96742423798074,5.1967424237980735
right_elbow,75,0,1,0,3,0,0,0,1,1,0.0,46.62974513842972,4.662974513842972
left_hip,77,2,0,0,0,1,0,0,0,1,0.0,32.716516417152754,3.2716516417152754
right_hip,77,1,1,1,0,0,0,0,0,1,0.0,28.739549884242386,2.873954988424239
left_knee,79,0,0,0,1,0,0,0,0,1,0.0,37.10236646198568,3.710236646198568
right_knee,77,1,1,1,0,0,0,0,0,1,0.0,36.0210819272352,3.60210819272352
