Joints,0,1,2,3,4,5,6,7,8,9,Min,Max,Step
left_shoulder,74,2,2,1,0,0,0,1,0,1,0.0,31.34934203245667,3.134934203245667
right_shoulder,74,1,1,1,1,1,0,0,0,2,0.0,20.32588742810564,2.0325887428105642
left_elbow,77,1,0,0,0,0,0,0,2,1,0.0,52.26702058757154,5.226702058757153
right_elbow,76,0,1,0,2,0,0,0,0,2,0.0,48.02101453137153,4.802101453137153
left_hip,76,3,0,0,1,0,0,0,0,1,0.0,33.59268779813933,3.359268779813933
right_hip,76,1,2,0,1,0,0,0,0,1,0.0,29.230971750906292,2.9230971750906294
left_knee,79,0,0,1,0,0,0,0,0,1,0.0,41.585429908097545,4.158542990809755
right_knee,78,1,0,1,0,0,0,0,0,1,0.0,36.96115366000915,3.696115366000915
