Joints,0,1,2,3,4,5,6,7,8,9,Min,Max,Step
left_shoulder,77,0,1,0,1,0,0,0,0,2,0.0,136.10711252059,13.610711252059
right_shoulder,77,1,1,0,0,0,0,0,1,1,0.0,188.9568205433416,18.89568205433416
left_elbow,76,0,0,0,2,1,0,0,1,1,0.0,90.51426532235784,9.051426532235784
right_elbow,75,3,1,0,0,0,0,1,0,1,0.0,193.0251647196933,19.30251647196933
left_hip,77,0,0,1,0,1,0,0,0,2,0.0,99.35063699571556,9.935063699571556
right_hip,77,1,0,0,1,0,0,0,0,2,0.0,160.73113811237616,16.073113811237615
left_knee,77,0,1,0,0,1,0,0,0,2,0.0,187.25579212324982,18.72557921232498
right_knee,77,1,0,1,0,0,0,0,0,2,0.0,184.50355694747932,18.450355694747934
