Joints,0,1,2,3,4,5,6,7,8,9,Min,Max,Step
left_shoulder,76,2,0,1,0,1,0,0,0,1,0.0,61.795253936060476,6.179525393606047
right_shoulder,72,4,2,0,2,0,0,0,0,1,0.0,44.15921377048027,4.4159213770480275
left_elbow,72,3,1,1,0,0,0,1,0,3,0.0,47.625953993580104,4.762595399358011
right_elbow,72,1,3,0,3,0,0,0,1,1,0.0,45.40033416835886,4.540033416835886
left_hip,78,0,1,0,0,0,1,0,0,1,0.0,54.94724754356902,5.494724754356902
right_hip,78,1,0,1,0,0,0,0,0,1,0.0,72.35326785954953,7.235326785954953
left_knee,78,1,0,1,0,0,0,0,0,1,0.0,107.79839393183205,10.779839393183206
right_knee,78,1,0,0,1,0,0,0,0,1,0.0,87.03732133576911,8.70373213357691
