Joints,0,1,2,3,4,5,6,7,8,9,Min,Max,Step
left_shoulder,74,3,1,1,0,0,0,0,1,1,0.0,31.47926430171973,3.147926430171973
right_shoulder,74,1,2,0,2,0,0,0,0,2,0.0,21.959889349659015,2.1959889349659014
left_elbow,75,2,1,0,0,0,0,0,0,3,0.0,50.302744983783825,5.0302744983783825
right_elbow,75,0,1,0,3,0,0,0,0,2,0.0,46.65883240904563,4.665883240904563
left_hip,77,2,0,0,1,0,0,0,0,1,0.0,34.36813445056505,3.4368134450565053
right_hip,77,0,2,1,0,0,0,0,0,1,0.0,29.047137522441744,2.9047137522441746
left_knee,79,0,0,1,0,0,0,0,0,1,0.0,41.051888406714134,4.105188840671413
right_knee,78,1,0,1,0,0,0,0,0,1,0.0,36.71051377812086,3.6710513778120863
