Joints,0,1,2,3,4,5,6,7,8,9,Min,Max,Step
left_shoulder,18,23,86,9,11,14,17,17,11,20,0.6198110269805489,102.32315974388924,10.17033487169087
right_shoulder,41,77,18,20,11,11,43,4,0,1,0.6390193843495339,155.04525758902759,15.440623820467806
left_elbow,5,4,6,14,96,27,9,18,24,23,2.5168227639631917e-05,178.640674888433,17.864064972020536
right_elbow,2,4,35,51,24,14,20,41,24,11,15.474515670616624,180.0,16.452548432938336
left_hip,19,3,0,0,4,97,19,9,34,41,3.2343176945445085,179.85002299187641,17.66157052973319
right_hip,48,14,5,9,7,93,29,5,5,11,0.4176069779132052,175.79597406373642,17.537836708582322
left_knee,37,46,12,3,15,38,17,6,3,49,0.0,179.63531968578224,17.963531968578224
right_knee,35,60,20,4,10,42,11,9,6,29,0.0,179.6026508641182,17.96026508641182
