Joints,0,1,2,3,4,5,6,7,8,9,Min,Max,Step
left_shoulder,16,34,72,19,13,11,16,17,13,15,0.7972096194681626,100.21913367677723,9.942192405730907
right_shoulder,39,83,16,19,17,34,11,4,1,2,1.2074182697257331e-06,170.56885891194946,17.056885770453118
left_elbow,8,6,6,12,100,22,10,20,27,15,4.355865278228081,180.0,17.56441347217719
right_elbow,4,6,31,33,29,30,16,24,36,17,10.821223792510242,178.47607263589833,16.76548488433881
left_hip,16,6,2,3,8,93,32,7,29,30,1.7557932726932612,180.0,17.824420672730675
right_hip,33,22,8,8,7,106,11,10,9,12,0.0,179.16037757506885,17.916037757506885
left_knee,52,46,15,9,17,30,9,6,8,34,0.0,179.7753642092427,17.97753642092427
right_knee,26,34,25,11,18,52,12,15,11,22,0.0,179.95313183784657,17.995313183784656
