Joints,0,1,2,3,4,5,6,7,8,9,Min,Max,Step
left_shoulder,124,1,0,0,0,0,3,64,29,4,0.19241887507363348,215.32749308704948,21.513507421197584
right_shoulder,107,11,7,0,0,2,4,7,26,61,0.4043584314019065,233.58430851520023,23.31799500837983
left_elbow,112,7,4,2,0,0,25,44,15,16,0.1146999936126528,193.18253305285438,19.306783305924174
right_elbow,69,23,20,14,12,25,12,28,11,11,0.33417164945832395,271.9094553523457,27.157528370288738
left_hip,116,8,1,0,0,0,0,24,70,6,0.5031552836532842,247.31346713332002,24.681031184966674
right_hip,91,24,8,2,0,3,2,5,28,62,0.4430299485051031,260.90182905209895,26.045879910359382
left_knee,80,36,8,63,21,9,6,1,0,1,0.4823872543182664,261.485956774689,26.10035695203707
right_knee,69,26,18,4,16,12,29,46,1,4,0.5164841747760549,269.55215760526033,26.90356734304843
