Joints,0,1,2,3,4,5,6,7,8,9,Min,Max,Step
left_shoulder,106,10,4,0,0,0,1,65,26,13,0.4569077677097258,211.52296575816945,21.106605799045973
right_shoulder,96,14,8,2,1,3,7,13,21,60,0.1633579757501004,233.68303273967732,23.351967476392723
left_elbow,85,24,7,4,0,15,53,27,7,3,0.5358828437853217,214.52190786660785,21.39860250228225
right_elbow,66,30,17,13,15,11,23,23,3,24,0.7900966550287022,273.98760086140555,27.319750420637682
left_hip,95,24,1,0,0,0,4,65,24,12,0.6203539156649188,254.0262715202662,25.34059176046013
right_hip,82,23,13,2,0,0,7,20,27,51,0.3799671454161536,260.8761348649596,26.049616771954344
left_knee,66,24,22,35,27,20,9,17,2,3,0.4265386883059612,261.0639186969178,26.063738000861186
right_knee,67,23,19,12,13,18,32,28,8,5,0.5226082571836146,273.0067362045058,27.248412794732218
