Joints,0,1,2,3,4,5,6,7,8,9,Min,Max,Step
left_shoulder,3,5,4,2,5,68,10,2,5,5,-162.3829682714517,143.62368284395495,30.60066511154065
right_shoulder,1,5,2,16,44,20,16,3,1,1,-13.445078090657148,14.272209751963176,2.7717287842620326
left_elbow,4,7,3,3,22,49,9,5,3,4,-160.4819447056831,157.5622426600374,31.804418736572046
right_elbow,2,0,0,0,95,10,0,0,0,2,-124.90335124147379,139.51390614316784,26.441725738464157
left_hip,3,0,2,15,57,22,8,0,1,1,-45.42807068316924,52.28682566347626,9.771489634664547
right_hip,2,3,4,35,47,14,3,0,0,1,-40.16293743966565,56.94391151690211,9.710684895656776
left_knee,4,0,0,1,20,79,0,1,1,3,-69.3355820518409,65.20165738208969,13.453723943393058
right_knee,1,0,0,0,92,15,0,0,0,1,-142.66755634044242,147.95945487977025,29.062701122021267
