Joints,0,1,2,3,4,5,6,7,8,9,Min,Max,Step
left_shoulder,8,5,6,6,54,10,7,1,9,3,-141.59814453720153,160.1845168167436,30.178266135394523
right_shoulder,1,0,2,5,52,46,1,0,0,2,-44.18409114382421,44.24264923272378,8.842674037654795
left_elbow,5,7,3,11,46,14,8,5,2,8,-162.49571178212148,167.46986376690325,32.996557554902466
right_elbow,2,0,0,1,89,15,0,0,0,2,-128.1270945273292,140.61735052974166,26.87444450570709
left_hip,3,0,2,8,66,22,4,2,1,1,-72.43040844874804,82.32910747221163,15.475951592095967
right_hip,2,2,14,26,44,15,4,1,0,1,-41.67015520913762,59.246295743332674,10.091645095247028
left_knee,1,0,2,2,2,70,23,4,3,2,-112.83684228204277,78.37327153273503,19.121011381477786
right_knee,2,0,0,1,25,78,1,0,0,2,-172.46387531839557,168.58670779082732,34.10505831092229
