Joints,0,1,2,3,4,5,6,7,8,9,Min,Max,Step
left_shoulder,5,4,1,4,26,52,6,2,5,4,-151.25919188988976,148.49124027620869,29.975043216609848
right_shoulder,1,0,0,2,80,24,1,0,0,1,-93.49893203771185,99.16250673480955,19.266143877252148
left_elbow,4,3,4,6,57,19,7,2,2,5,-161.98917656956277,165.3666996790916,32.73558762486542
right_elbow,2,1,0,1,88,13,0,2,0,2,-128.19310042949795,142.58654852219343,27.07796489516913
left_hip,1,1,4,11,59,24,5,0,1,3,-54.14724169331667,58.17612622098712,11.232336791430377
right_hip,2,0,1,9,61,28,6,1,0,1,-65.87657080060703,69.20201160519781,13.507858240580482
left_knee,4,0,0,1,64,34,1,1,1,3,-81.9788003312457,83.40571706306552,16.538451739431125
right_knee,1,0,0,1,86,18,1,1,0,1,-146.77077030408051,152.35519074078042,29.912596104486084
