Joints,0,1,2,3,4,5,6,7,8,9,Min,Max,Step
left_shoulder,8,4,3,2,62,17,1,1,7,4,-148.20513755567188,160.699873100037,30.890501065570888
right_shoulder,1,0,0,0,68,39,0,0,0,1,-69.25485238246297,70.43998392932517,13.969483631178818
left_elbow,4,7,3,6,38,32,7,3,5,4,-163.66356571314904,163.8886950223859,32.75522607355347
right_elbow,3,0,0,0,92,11,0,0,1,2,-131.35258061387196,143.79691448608455,27.51494950999566
left_hip,1,0,4,6,26,50,12,7,1,2,-51.72304953370009,46.73733587823053,9.84603854119306
right_hip,1,1,7,9,22,46,14,5,3,1,-44.07811537345887,40.25442704559195,8.433254241905082
left_knee,4,2,1,4,20,68,3,1,2,4,-79.54984172626757,76.27732266021656,15.582716438648411
right_knee,1,0,0,1,81,24,0,1,0,1,-160.01423672193783,164.15437459096867,32.416861131290645
