Joints,0,1,2,3,4,5,6,7,8,9,Min,Max,Step
left_shoulder,4,5,3,4,13,60,7,3,6,4,-152.06153372454926,142.4937358844529,29.455526960900215
right_shoulder,1,0,0,1,83,23,0,0,0,1,-69.82675271943863,74.74807558141036,14.4574828300849
left_elbow,4,6,2,7,47,24,6,4,4,5,-162.7748441130021,163.8925202945688,32.66673644075709
right_elbow,3,0,0,1,88,14,0,0,1,2,-128.70049157257228,141.24639550750342,26.994688708007573
left_hip,4,0,6,18,56,16,5,0,2,2,-50.92477762429018,62.400695995069555,11.332547361935973
right_hip,1,1,2,7,19,59,12,6,0,2,-55.31233793780475,48.3301542080653,10.364249214587005
left_knee,3,4,1,0,25,66,2,3,2,3,-78.81704618013363,76.78487482816347,15.56019210082971
right_knee,2,0,0,1,40,63,1,0,0,2,-64.95064064566404,64.61587909981546,12.956651974547952
