Joints,0,1,2,3,4,5,6,7,8,9,Min,Max,Step
left_shoulder,41,3,8,8,1,5,7,13,14,9,0.2597283294886507,171.53590606356047,17.127617773407184
right_shoulder,27,19,27,32,2,0,1,0,0,1,94.89885542982124,160.190606131515,6.529175070169373
left_elbow,21,7,8,28,4,0,6,15,11,9,0.0,175.02474172711558,17.50247417271156
right_elbow,2,0,0,0,2,24,23,11,10,37,2.2624441731875224,166.76950839469015,16.45070642215026
left_hip,1,2,0,3,5,5,29,51,12,1,9.285113742287118,103.86686974273321,9.45817560004461
right_hip,6,19,33,29,14,5,1,1,0,1,82.68015177055749,148.57832860042151,6.589817682986407
left_knee,3,5,2,1,0,0,0,3,7,88,96.61463294107105,179.92787876789302,8.3313245826822
right_knee,1,0,0,0,0,1,0,1,15,91,11.203135142874473,179.69917981131215,16.849604466843765
