Joints,0,1,2,3,4,5,6,7,8,9,Min,Max,Step
left_shoulder,34,2,5,9,0,5,14,12,11,17,1.8340988504162032,169.21919991190114,16.738510106148492
right_shoulder,1,1,9,23,41,32,0,0,0,2,67.86168278459847,160.87429988925092,9.30126171046524
left_elbow,18,6,12,23,3,0,9,16,9,13,0.537377198145447,179.99996612766708,17.946258892952166
right_elbow,5,1,0,0,2,23,24,9,19,26,1.9172165411497528,170.5843179507965,16.866710140964678
left_hip,1,1,3,17,71,15,0,0,0,1,0.0,172.13124137914483,17.213124137914484
right_hip,2,0,0,1,0,0,21,63,18,4,0.0,134.91674653261094,13.491674653261095
left_knee,1,0,0,1,1,3,1,0,3,99,30.950455288664703,179.9999926555614,14.904953736689674
right_knee,1,2,0,0,0,0,1,0,10,95,0.0,179.63619390205707,17.963619390205707
