Joints,0,1,2,3,4,5,6,7,8,9,Min,Max,Step
left_shoulder,42,4,5,6,1,7,5,9,24,6,1.8252970583634789,177.38809538342613,17.556279832506267
right_shoulder,9,8,13,10,5,8,13,13,22,8,93.61696847387795,121.6049891097362,2.798802063585825
left_elbow,22,3,15,23,4,0,9,15,9,9,1.7890344861802154,179.99996619228847,17.821093170610826
right_elbow,2,0,0,0,3,24,23,12,19,26,1.9084539088445869,168.7050582540648,16.67966043452202
left_hip,2,2,3,13,27,43,17,0,1,1,37.39757714543641,115.38205997720787,7.7984482831771444
right_hip,1,0,0,0,1,3,24,63,12,5,35.963480223819495,126.58712821994608,9.06236479961266
left_knee,2,3,3,0,1,0,0,0,6,94,99.26134427187576,179.99999658490543,8.073865231302975
right_knee,1,0,0,0,0,0,0,0,35,73,26.388873680819174,179.99979840995772,15.361092472913853
