Joints,0,1,2,3,4,5,6,7,8,9,Min,Max,Step
left_shoulder,42,2,5,9,1,10,8,7,19,6,1.3632255404260634,174.4637280035297,17.31005024631036
right_shoulder,2,0,0,0,0,2,11,31,20,43,42.6898591223799,121.891956496938,7.9202097374558065
left_elbow,21,6,15,20,3,1,10,16,9,8,2.771092405330797,175.03131612846516,17.226022372313437
right_elbow,4,0,0,0,0,24,26,9,19,27,4.367798775892166,166.75697416808717,16.2389175392195
left_hip,3,2,5,1,13,28,43,5,7,2,27.57216251432629,108.70803863400506,8.113587611967876
right_hip,8,16,37,31,11,3,0,0,2,1,84.03894459990298,150.39247442590562,6.635352982600267
left_knee,3,5,4,0,2,0,0,2,4,89,97.36456711446421,179.99997070921734,8.263540359475314
right_knee,3,0,0,0,0,0,0,32,47,27,99.92247395543824,179.2326452116541,7.93101712562158
