Joints,0,1,2,3,4,5,6,7,8,9,Min,Max,Step
left_shoulder,39,5,6,7,0,12,8,7,16,9,1.8322646254274588,174.32158053966708,17.24893159142396
right_shoulder,1,0,0,0,0,1,14,32,29,32,45.31333399704865,122.79345277585614,7.748011877880749
left_elbow,25,4,10,24,3,0,7,20,9,7,2.9091013710735357e-05,179.9999662462341,17.999993715522038
right_elbow,3,0,0,0,0,18,25,14,16,33,1.9127562500953883,162.9427717674131,16.103001551731772
left_hip,2,1,4,2,1,13,16,35,26,9,24.867069793154077,93.71421430051096,6.884714450735689
right_hip,8,20,19,36,11,12,2,0,0,1,82.67256728921538,146.67528434916892,6.400271705995351
left_knee,2,5,3,0,1,0,0,4,7,87,95.93173616828236,179.9999863663282,8.406825019804586
right_knee,1,0,0,0,0,1,0,0,20,87,11.202020179174797,179.76628106001283,16.8564260880838
