Joints,0,1,2,3,4,5,6,7,8,9,Min,Max,Step
left_shoulder,40,7,5,6,0,10,8,4,23,6,0.8637102039511424,177.38872194648567,17.65250117425345
right_shoulder,1,0,0,0,0,2,12,19,30,45,20.268708810086558,122.20220928899992,10.193350047891336
left_elbow,20,4,9,31,2,1,9,13,12,8,2.9191069083376557e-05,177.06279074249255,17.706276155142348
right_elbow,3,0,0,0,1,24,25,11,8,37,4.031690612663894,163.5010766567921,15.946938604412821
left_hip,7,3,1,1,8,20,41,23,4,1,23.326145373018466,104.16208098691162,8.083593561389318
right_hip,1,0,0,0,22,56,21,3,2,4,39.24269468422464,156.51428679565484,11.727159211143025
left_knee,7,4,3,0,0,1,0,1,2,91,92.99773944671064,180.0,8.70022605532894
right_knee,1,0,0,0,4,0,2,0,30,72,23.200080118223184,179.6990061052597,15.649892598703651
