Joints,0,1,2,3,4,5,6,7,8,9,Min,Max,Step
left_shoulder,89,0,5,10,1,0,0,0,0,3,0.0,49.59109104390532,4.959109104390532
right_shoulder,105,0,0,0,0,0,0,1,0,2,0.0,92.8483024900216,9.284830249002159
left_elbow,71,7,6,4,9,3,4,0,1,3,0.0,78.32512964721768,7.832512964721768
right_elbow,101,2,0,0,0,0,0,1,1,3,0.0,105.37556277884552,10.537556277884551
left_hip,99,4,0,0,0,0,0,0,2,3,0.0,82.04354846693707,8.204354846693708
right_hip,103,0,0,0,0,0,0,2,1,2,0.0,86.62662101990173,8.662662101990174
left_knee,97,3,3,0,0,0,0,4,0,1,0.0,111.18926794651793,11.118926794651793
right_knee,101,0,2,0,0,0,0,0,0,5,0.0,97.34587411771,9.734587411770999
