Joints,0,1,2,3,4,5,6,7,8,9,Min,Max,Step
left_shoulder,90,4,11,1,0,0,0,0,0,2,0.0,74.28774620929778,7.428774620929778
right_shoulder,106,0,0,0,0,0,0,0,0,2,0.0,81.75125992844828,8.175125992844828
left_elbow,69,7,6,11,6,5,2,0,1,1,0.0,89.86502702037245,8.986502702037246
right_elbow,102,2,0,0,0,0,0,0,2,2,0.0,99.98929665242143,9.998929665242143
left_hip,96,8,0,0,0,0,0,0,2,2,0.0,91.34793011456527,9.134793011456527
right_hip,104,0,0,0,0,0,0,0,0,4,0.0,87.88341459899235,8.788341459899234
left_knee,91,2,11,0,0,0,0,0,0,4,0.0,87.2395047059894,8.72395047059894
right_knee,102,0,2,0,0,0,0,0,0,4,0.0,98.02636838242293,9.802636838242293
