Joints,0,1,2,3,4,5,6,7,8,9,Min,Max,Step
left_shoulder,81,9,0,0,0,2,6,8,1,1,0.0,22.795216819947942,2.2795216819947943
right_shoulder,37,30,18,9,5,4,0,1,3,1,0.0,7.203963686676773,0.7203963686676773
left_elbow,73,2,2,5,4,3,6,3,7,3,0.0,52.17094655836782,5.217094655836782
right_elbow,50,30,11,6,1,5,1,1,2,1,0.0,11.653191056625984,1.1653191056625984
left_hip,104,2,0,0,0,0,0,0,0,2,0.0,80.28217550440951,8.028217550440951
right_hip,24,19,31,18,5,5,4,0,1,1,0.0,4.319025768237628,0.4319025768237628
left_knee,98,6,2,0,0,0,0,0,1,1,0.0,112.72373199514915,11.272373199514915
right_knee,104,0,2,0,0,0,0,0,0,2,0.0,95.65092347166795,9.565092347166795
