Joints,0,1,2,3,4,5,6,7,8,9,Min,Max,Step
left_shoulder,96,9,0,0,0,0,0,0,2,1,0.0,172.82816170076038,17.28281617007604
right_shoulder,105,0,0,0,0,0,0,0,0,3,0.0,170.10838983986955,17.010838983986954
left_elbow,77,17,11,0,0,0,0,1,0,2,0.0,176.95590917988133,17.695590917988135
right_elbow,105,0,0,0,0,0,0,1,0,2,0.0,195.90795665548686,19.590795665548686
left_hip,102,1,0,0,2,0,0,0,2,1,0.0,154.0596402263873,15.40596402263873
right_hip,103,0,0,0,0,2,0,0,0,3,0.0,153.51802511067788,15.351802511067788
left_knee,93,10,1,1,0,0,0,2,0,1,0.0,188.32186955049224,18.832186955049224
right_knee,102,1,0,1,1,0,0,0,0,3,0.0,159.8168041385409,15.98168041385409
