Joints,0,1,2,3,4,5,6,7,8,9,Min,Max,Step
left_shoulder,84,10,0,0,0,2,2,5,4,1,0.0,21.529525697745616,2.1529525697745617
right_shoulder,38,16,11,15,10,6,6,2,0,4,0.0,5.097010374973213,0.5097010374973213
left_elbow,70,5,4,5,3,4,5,3,6,3,0.0,53.304042800061616,5.330404280006162
right_elbow,76,18,3,5,2,0,2,0,1,1,0.0,18.108957342532168,1.8108957342532168
left_hip,24,19,15,14,14,11,6,0,2,3,0.0,3.1247377581384663,0.3124737758138466
right_hip,23,18,19,20,14,7,2,1,0,4,0.0,3.0636339485877873,0.3063633948587787
left_knee,105,1,0,0,0,0,0,0,0,2,0.0,22.22776616791525,2.222776616791525
right_knee,26,24,20,19,8,6,4,0,0,1,0.0,3.7577074225125484,0.37577074225125484
