Joints,0,1,2,3,4,5,6,7,8,9,Min,Max,Step
left_shoulder,86,1,4,13,2,0,0,0,1,1,0.0,50.87612529131565,5.087612529131565
right_shoulder,106,0,0,0,0,0,0,0,0,2,0.0,94.84908052409719,9.484908052409718
left_elbow,69,2,8,5,7,5,10,1,0,1,0.0,71.18965062584606,7.118965062584605
right_elbow,105,1,0,0,0,0,0,0,0,2,0.0,96.91995804537851,9.69199580453785
left_hip,90,14,0,0,0,0,1,1,1,1,0.0,90.9867122221999,9.09867122221999
right_hip,103,0,0,1,0,0,0,0,3,1,0.0,97.88632390644356,9.788632390644356
left_knee,89,4,10,3,0,0,0,0,0,2,0.0,89.3508700676613,8.93508700676613
right_knee,98,0,2,4,0,0,0,0,0,4,0.0,98.54250073762886,9.854250073762886
