Joints,0,1,2,3,4,5,6,7,8,9,Min,Max,Step
left_shoulder,86,0,1,11,7,1,0,0,0,2,0.0,42.47641148919409,4.247641148919409
right_shoulder,30,20,25,9,8,3,5,3,1,4,0.0,5.906771746652819,0.5906771746652819
left_elbow,73,5,4,5,7,10,2,0,1,1,0.0,77.92068415178241,7.792068415178241
right_elbow,104,2,0,0,0,0,0,0,0,2,0.0,97.43411948030838,9.743411948030838
left_hip,96,10,0,0,0,0,0,0,0,2,0.0,78.36852502371494,7.836852502371494
right_hip,106,0,0,0,0,0,0,0,0,2,0.0,81.83614305959648,8.183614305959647
left_knee,95,2,8,0,1,0,0,0,0,2,0.0,86.15488352298848,8.615488352298849
right_knee,102,0,2,2,0,0,0,0,0,2,0.0,93.68363539404537,9.368363539404537
