Joints,0,1,2,3,4,5,6,7,8,9,Min,Max,Step
left_shoulder,77,9,0,0,0,1,9,7,3,2,0.0,22.254746933127052,2.225474693312705
right_shoulder,30,23,15,12,6,11,4,3,1,3,0.0,5.02020952502856,0.5020209525028559
left_elbow,69,4,7,7,9,9,0,1,1,1,0.0,90.7035872529422,9.07035872529422
right_elbow,103,1,0,0,0,0,0,2,0,2,0.0,104.16953977097643,10.416953977097643
left_hip,96,5,1,0,0,0,0,0,3,3,0.0,72.46205519104997,7.246205519104997
right_hip,104,0,0,0,0,0,0,0,0,4,0.0,87.92166807413618,8.792166807413619
left_knee,97,3,2,0,0,0,4,0,1,1,0.0,125.1700195578476,12.51700195578476
right_knee,100,0,0,0,0,0,0,0,3,5,0.0,105.71409962000664,10.571409962000663
