Joints,0,1,2,3,4,5,6,7,8,9,Min,Max,Step
left_shoulder,2,1,0,3,21,39,21,4,1,2,-142.6377022013224,116.70656801071337,25.934427021203575
right_shoulder,1,0,4,8,38,31,10,1,0,1,-108.69701525858964,110.98493850688816,21.968195376547783
left_elbow,4,5,8,11,31,10,13,4,5,3,-163.07217424661832,176.47575113343308,33.95479253800514
right_elbow,5,4,3,8,49,13,2,6,2,2,-150.25335394292534,175.03595550065427,32.52893094435797
left_hip,5,2,4,9,21,24,18,3,7,1,-86.80051027856449,82.50877040776727,16.93092806863318
right_hip,1,5,5,9,47,14,2,8,2,1,-99.6246705834075,111.56252631757106,21.118719690097862
left_knee,3,5,1,10,34,26,4,4,1,6,-130.35544957520062,133.71961853135045,26.407506810655107
right_knee,2,2,3,8,17,41,8,7,3,3,-140.19301506146192,125.85431434362759,26.604732940508953
