Joints,0,1,2,3,4,5,6,7,8,9,Min,Max,Step
left_shoulder,1,1,7,2,20,38,11,9,2,3,-80.0625448546058,67.32298933711996,14.738553419172575
right_shoulder,2,0,2,14,55,16,2,2,0,1,-115.15431212890205,137.24474226330454,25.239905439220664
left_elbow,7,0,14,6,21,20,7,9,3,7,-166.66231589476905,163.9967530881484,33.06590689829176
right_elbow,4,6,4,9,13,32,7,6,4,9,-172.984059228024,156.82231552605853,32.98063747540826
left_hip,1,6,7,13,28,21,7,8,2,1,-126.55693424661098,136.09868300090952,26.265561724752047
right_hip,5,7,8,13,23,11,11,8,6,2,-94.91725195360277,104.10787425777443,19.902512621137717
left_knee,3,0,4,13,22,32,6,5,6,3,-166.36970365474303,154.0928163061558,32.04625199608989
right_knee,3,4,5,9,26,27,7,6,3,4,-171.69786874381066,169.79303996235305,34.14909087061636
