Joints,0,1,2,3,4,5,6,7,8,9,Min,Max,Step
left_shoulder,37,25,17,9,0,3,1,0,1,1,0.5724413328551733,156.74973303778714,15.617729170493195
right_shoulder,21,19,16,18,12,4,1,2,0,1,0.06854376559765851,80.11466097846993,8.004611721287228
left_elbow,6,1,3,3,8,9,13,6,16,29,0.0,179.30413846200284,17.930413846200285
right_elbow,3,2,3,2,6,4,8,10,15,41,2.5697265150893087,179.99994356691826,17.743021705182894
left_hip,6,10,8,15,20,19,2,2,4,8,1.4848218730644092,176.050889510704,17.456606763763958
right_hip,10,5,2,1,27,20,9,12,4,4,1.9353979103895436,177.97818979526855,17.6042791884879
left_knee,3,8,7,7,3,5,6,12,10,33,4.8859979172558425,180.0,17.511400208274416
right_knee,7,10,4,3,9,9,3,5,14,30,4.280056489316333,180.0,17.571994351068366
