Joints,0,1,2,3,4,5,6,7,8,9,Min,Max,Step
left_shoulder,28,37,11,9,5,1,1,0,0,2,0.9443293409722752,111.60527170365141,11.066094236267913
right_shoulder,41,27,18,4,0,1,1,1,0,1,0.4388761048395316,148.84065333882344,14.840177723398392
left_elbow,7,3,2,5,9,7,6,4,18,33,3.3252911830382033,179.8365607120781,17.65112695290399
right_elbow,7,8,6,2,4,4,6,15,8,34,0.3305604187143571,179.19044850025296,17.88598880815386
left_hip,8,2,5,16,21,21,9,1,6,5,0.0,174.8544914184364,17.485449141843638
right_hip,3,6,5,8,23,21,14,5,5,4,0.0,176.89439246337298,17.689439246337297
left_knee,5,6,2,7,7,8,3,7,18,31,3.0582342830125624,178.76033763403984,17.57021033510273
right_knee,5,8,5,9,7,5,7,9,12,27,5.291437760820861,179.99995618219378,17.470851842137293
