Joints,0,1,2,3,4,5,6,7,8,9,Min,Max,Step
left_shoulder,4,0,4,0,0,1,1,31,16,37,0.0,151.51608650886683,15.151608650886683
right_shoulder,50,1,0,0,0,0,4,0,1,38,0.0,92.3764018867676,9.23764018867676
left_elbow,48,0,33,6,2,0,0,0,0,5,0.0,163.63144612297683,16.36314461229768
right_elbow,28,2,32,0,29,0,0,0,0,3,0.0,180.0,18.0
left_hip,4,0,44,41,4,0,0,0,0,1,0.0,144.79745210088075,14.479745210088074
right_hip,39,11,10,7,3,20,0,0,0,4,0.0,81.34134526065381,8.134134526065381
left_knee,4,0,0,4,0,24,3,3,43,13,0.0,177.4884925601488,17.748849256014882
right_knee,18,11,35,3,1,20,1,0,1,4,0.0,174.44514881670352,17.44451488167035
