Joints,0,1,2,3,4,5,6,7,8,9,Min,Max,Step
left_shoulder,29,39,15,5,3,0,0,1,0,2,0.036509531801372695,149.18368559314084,14.914717606133944
right_shoulder,39,19,19,12,3,1,0,0,0,1,0.756376068857042,116.57102982088058,11.581465375202354
left_elbow,3,7,3,3,5,8,6,8,14,37,2.8095030976789213,180.0,17.719049690232108
right_elbow,3,2,4,3,2,3,5,12,17,43,2.8108252956146385,179.81896917770058,17.70081438820859
left_hip,8,8,11,10,19,20,2,5,3,8,0.0,179.83602293650242,17.983602293650243
right_hip,8,4,7,2,18,24,13,10,3,5,0.0,169.841528219832,16.9841528219832
left_knee,4,13,8,3,3,4,6,8,12,33,8.17168896253844,180.0,17.182831103746157
right_knee,1,13,5,4,4,11,5,9,14,28,0.0,180.0,18.0
