Joints,0,1,2,3,4,5,6,7,8,9,Min,Max,Step
left_shoulder,28,30,15,4,10,2,0,2,0,3,0.3951014449470559,123.02498846047031,12.262988701552326
right_shoulder,48,28,11,3,0,1,0,2,0,1,0.4205652634100239,175.16872314717233,17.47481578837623
left_elbow,5,3,7,3,8,4,2,4,26,32,18.277194988663627,180.0,16.17228050113364
right_elbow,4,1,5,1,4,5,10,11,15,38,0.056378633205499636,180.0,17.99436213667945
left_hip,5,10,13,14,22,10,6,3,5,6,14.585408892134394,179.91315035500568,16.53277414628713
right_hip,5,4,5,8,28,15,14,9,4,2,0.8695161079265212,179.42933305712398,17.855981694919745
left_knee,8,8,4,7,3,7,3,3,15,36,12.305620519946215,179.67549112617928,16.736987060623306
right_knee,6,11,4,5,4,5,3,4,17,35,1.8666411751168943,179.78831275324532,17.792167157812845
