Joints,0,1,2,3,4,5,6,7,8,9,Min,Max,Step
left_shoulder,29,35,12,11,1,2,1,1,0,2,2.9676421491142433,141.2542887501813,13.828664660106703
right_shoulder,26,16,13,14,8,8,2,4,1,2,0.0,72.61247107703252,7.2612471077032525
left_elbow,4,3,5,5,6,7,8,13,14,29,0.1429599670252075,179.99997770359047,17.985701773656526
right_elbow,5,4,7,5,6,6,10,13,11,27,1.8883863994185075,179.81581226300395,17.792742586358546
left_hip,8,8,7,10,23,24,1,4,4,5,0.0,178.95738799537025,17.895738799537025
right_hip,6,4,3,4,24,28,7,8,7,3,0.0,174.21724002753587,17.421724002753585
left_knee,4,3,5,5,3,5,7,6,14,42,0.35318378954632285,180.0,17.964681621045365
right_knee,5,3,5,4,4,10,5,10,12,36,1.6674400484070748,180.0,17.83325599515929
