Joints,0,1,2,3,4,5,6,7,8,9,Min,Max,Step
left_shoulder,15,26,19,11,7,5,6,1,3,1,2.5613209387547816e-06,73.67077712496841,7.367077456364747
right_shoulder,14,27,12,10,12,8,3,2,3,3,0.3285513221231589,64.51006326272129,6.418151194059813
left_elbow,4,3,6,3,11,8,6,9,10,34,0.0,180.0,18.0
right_elbow,3,4,1,3,4,3,8,7,23,38,4.780421016622213,179.4350627896584,17.46546417730362
left_hip,9,7,6,15,9,28,6,6,2,6,0.0,175.90384348364876,17.590384348364875
right_hip,6,5,7,6,20,20,10,7,7,6,0.0,180.0,18.0
left_knee,8,7,6,8,2,13,4,9,11,26,5.7003625255216726,179.81377141857743,17.411340889305574
right_knee,2,7,5,4,10,9,5,6,15,31,0.0,179.54883472587036,17.954883472587035
