Joints,0,1,2,3,4,5,6,7,8,9,Min,Max,Step
left_shoulder,22,31,21,12,5,1,0,1,0,1,6.72683308823643,118.82143849430773,11.209460540607129
right_shoulder,15,20,17,21,8,3,7,2,0,1,0.0,88.82165750417118,8.88216575041712
left_elbow,7,6,9,7,9,7,5,9,14,21,0.3140766571541917,179.69014823734483,17.937607158019063
right_elbow,12,3,8,6,9,6,6,4,11,29,0.0,179.67753896241376,17.967753896241376
left_hip,5,3,8,10,36,19,2,3,5,3,14.567134643132832,175.6568889130145,16.108975426988167
right_hip,1,1,3,11,26,34,8,4,3,3,2.3334627606686005,164.59085876143632,16.22573960007677
left_knee,3,4,3,1,6,2,7,9,15,44,1.0949103822534687,180.0,17.890508961774653
right_knee,3,6,2,3,3,3,5,3,15,51,1.4569673986721776,180.0,17.85430326013278
