Joints,0,1,2,3,4,5,6,7,8,9,Min,Max,Step
left_shoulder,55,13,3,11,3,1,3,2,0,2,0.1955231844516142,243.7615349835053,24.35660117990537
right_shoulder,60,7,8,4,7,4,1,0,0,2,0.19993141301425865,269.53937878239816,26.93394473693839
left_elbow,35,23,14,5,7,1,3,3,0,2,0.2245332448934773,213.38914608259202,21.316461283769854
right_elbow,48,17,8,6,6,2,4,0,0,2,0.24320317113299506,255.2602366238794,25.501703345274642
left_hip,52,10,9,6,3,5,4,2,0,2,0.06768447275207963,245.05366178514302,24.498597731239094
right_hip,55,10,6,2,9,4,3,2,0,2,0.05507269920939161,255.09772460620331,25.504265190699392
left_knee,51,12,9,1,6,6,3,3,0,2,0.0755595760063692,252.33618676583438,25.226062718982803
right_knee,57,5,8,0,7,6,6,2,0,2,0.1953481665470368,264.63556165876315,26.44402134922161
