Joints,0,1,2,3,4,5,6,7,8,9,Min,Max,Step
left_shoulder,91,1,0,0,0,0,0,0,0,1,0.0,288.5578658467813,28.85578658467813
right_shoulder,72,3,4,4,1,1,4,2,1,1,0.0,14.769596849776983,1.4769596849776983
left_elbow,89,3,0,0,0,0,0,0,0,1,0.0,319.50130547597774,31.950130547597773
right_elbow,80,1,1,0,0,0,0,7,2,2,0.0,398.6016939416884,39.860169394168835
left_hip,88,3,0,1,0,0,0,0,0,1,0.0,267.488316386736,26.7488316386736
right_hip,84,4,2,0,0,0,1,0,0,2,0.0,285.23206460609805,28.523206460609806
left_knee,90,2,0,0,0,0,0,0,0,1,0.0,323.46273018918214,32.34627301891821
right_knee,82,5,1,0,0,1,2,1,0,1,0.0,184.87316603662663,18.487316603662663
