Joints,0,1,2,3,4,5,6,7,8,9,Min,Max,Step
left_shoulder,57,7,2,10,4,0,3,2,5,3,0.03254599554038419,230.30089313952806,23.026834714398767
right_shoulder,60,6,5,6,3,6,5,1,0,1,0.3577283753626183,266.1826720861925,26.582494371082987
left_elbow,34,26,7,6,6,1,0,7,1,5,0.3686793394469557,208.47977805571705,20.81110987162701
right_elbow,44,19,7,4,6,5,4,3,0,1,0.33822163152919466,260.0955889215708,25.97573672900416
left_hip,49,15,6,4,0,6,2,6,4,1,0.38262451195838093,244.1403375599447,24.375771304798633
right_hip,58,5,7,3,1,7,6,4,1,1,0.6646570078132319,254.2653035305984,25.360064652278517
left_knee,52,10,5,0,6,4,4,8,1,3,0.3966439365314845,252.17378402199162,25.177714008546012
right_knee,47,16,6,1,4,4,7,5,1,2,0.2771306780904266,269.60930042874617,26.933216975065573
