Joints,0,1,2,3,4,5,6,7,8,9,Min,Max,Step
left_shoulder,44,20,11,15,4,4,1,0,1,3,0.0,180.0,18.0
right_shoulder,27,30,16,13,6,2,4,1,1,3,0.0,168.2883235608361,16.82883235608361
left_elbow,24,12,9,7,1,10,2,10,15,13,0.0,179.9998639871321,17.99998639871321
right_elbow,17,8,11,6,7,10,9,7,16,12,0.0,180.0,18.0
left_hip,14,6,8,6,16,35,8,6,2,2,0.0,180.0,18.0
right_hip,11,3,5,9,23,28,11,6,4,3,0.0,174.39592282416007,17.439592282416008
left_knee,13,3,4,3,2,8,7,12,15,36,0.0,180.0,18.0
right_knee,19,2,4,2,2,6,4,7,17,40,0.0,180.0,18.0
