Joints,0,1,2,3,4,5,6,7,8,9,Min,Max,Step
left_shoulder,38,34,10,10,5,0,3,1,0,2,0.0,180.0,18.0
right_shoulder,27,22,11,31,3,4,0,2,0,3,0.0,159.21388505679795,15.921388505679795
left_elbow,15,11,9,15,0,13,4,2,9,25,0.0,180.0,18.0
right_elbow,24,7,3,16,1,1,5,7,14,25,0.0,176.60794907154758,17.66079490715476
left_hip,2,2,9,11,35,20,12,4,6,2,0.0,168.60382062171948,16.860382062171947
right_hip,3,2,2,13,20,36,13,6,6,2,0.0,180.0,18.0
left_knee,5,1,2,10,2,4,10,13,16,40,0.0,180.0,18.0
right_knee,2,2,3,3,1,13,9,8,16,46,0.0,180.0,18.0
