Joints,0,1,2,3,4,5,6,7,8,9,Min,Max,Step
left_shoulder,25,22,22,14,9,4,1,1,2,3,0.0,173.05400931546023,17.305400931546025
right_shoulder,30,29,14,12,3,3,7,3,0,2,0.0,163.41731517112459,16.341731517112457
left_elbow,18,13,8,6,1,8,9,6,15,19,0.0,180.0,18.0
right_elbow,15,9,4,2,8,15,15,12,8,15,3.2768665543065016,180.0,17.67231334456935
left_hip,7,3,11,13,18,22,13,4,7,5,0.0,174.1470257253811,17.41470257253811
right_hip,10,4,4,4,34,22,10,8,4,3,0.0,175.42172905337694,17.542172905337694
left_knee,8,4,4,5,9,7,7,9,21,29,0.0,180.0,18.0
right_knee,5,4,5,3,6,12,9,7,11,41,4.042321984205423,180.0,17.59576780157946
