Joints,0,1,2,3,4,5,6,7,8,9,Min,Max,Step
left_shoulder,21,37,20,10,1,2,1,2,8,1,0.0,167.85552856172433,16.785552856172433
right_shoulder,25,28,21,13,5,3,2,3,0,3,0.0,175.64439743318715,17.564439743318715
left_elbow,28,3,4,7,7,5,7,13,12,17,0.0,180.0,18.0
right_elbow,18,8,4,8,12,7,14,6,19,7,0.0,180.0,18.0
left_hip,12,5,10,9,30,22,6,3,4,2,0.0,180.0,18.0
right_hip,7,2,5,10,26,27,13,2,3,8,0.0,173.83449016562957,17.383449016562956
left_knee,9,3,5,5,4,5,7,8,21,36,0.0,180.0,18.0
right_knee,12,7,2,5,6,3,2,7,22,37,0.0,180.0,18.0
