Joints,0,1,2,3,4,5,6,7,8,9,Min,Max,Step
left_shoulder,25,27,29,10,3,2,2,1,3,1,0.0,180.0,18.0
right_shoulder,36,21,15,13,5,7,1,2,0,3,0.0,180.0,18.0
left_elbow,7,11,9,3,6,8,3,9,25,22,0.0,180.0,18.0
right_elbow,6,5,13,10,5,5,10,8,14,27,0.0,180.0,18.0
left_hip,10,1,6,6,11,27,23,10,1,8,0.0,164.65492542352018,16.465492542352017
right_hip,8,4,4,9,18,26,17,9,3,5,0.0,162.14990874499392,16.214990874499392
left_knee,2,1,5,3,5,5,10,15,27,30,3.1226814716178684,180.0,17.687731852838212
right_knee,1,3,3,3,1,8,7,8,30,39,0.0,180.0,18.0
