Joints,0,1,2,3,4,5,6,7,8,9,Min,Max,Step
left_shoulder,28,31,18,12,7,1,1,1,2,2,0.0,168.7377326373107,16.87377326373107
right_shoulder,39,29,13,7,6,3,2,1,0,3,0.0,180.0,18.0
left_elbow,13,11,11,4,6,4,11,6,14,23,0.0,180.0,18.0
right_elbow,20,7,8,6,7,7,10,7,14,17,0.0,180.0,18.0
left_hip,7,3,1,14,24,30,11,10,1,2,0.0,175.56396958554367,17.556396958554366
right_hip,4,2,8,15,25,21,11,8,4,5,0.0,180.0,18.0
left_knee,4,3,8,5,3,1,9,15,18,37,0.0,180.0,18.0
right_knee,3,3,2,2,7,5,8,15,19,39,0.0,180.0,18.0
