Joints,0,1,2,3,4,5,6,7,8,9,Min,Max,Step
left_shoulder,66,3,5,10,12,4,1,0,0,1,0.0,314.99946816583406,31.499946816583407
right_shoulder,65,4,1,13,12,4,2,0,0,1,0.0,301.4553467812512,30.14553467812512
left_elbow,66,3,6,11,11,3,1,0,0,1,0.0,314.2285913531146,31.422859135311462
right_elbow,64,5,1,13,10,3,5,0,0,1,0.0,296.8795957226648,29.687959572266482
left_hip,67,2,4,10,12,5,1,0,0,1,0.0,300.86876082858237,30.086876082858236
right_hip,65,4,1,13,12,4,2,0,0,1,0.0,297.78844750572057,29.778844750572055
left_knee,67,2,6,10,10,5,1,0,0,1,0.0,308.74187442056467,30.874187442056467
right_knee,66,3,2,13,11,5,1,0,0,1,0.0,299.8251003395024,29.98251003395024
