Joints,0,1,2,3,4,5,6,7,8,9,Min,Max,Step
left_shoulder,63,12,4,9,6,3,1,1,1,2,0.0,296.72810783862093,29.672810783862094
right_shoulder,65,10,4,8,7,2,2,1,2,1,0.0,298.54776476622897,29.854776476622895
left_elbow,65,9,4,11,5,3,1,1,1,2,0.0,298.651842323403,29.8651842323403
right_elbow,67,8,4,7,8,2,2,1,1,2,0.0,299.55235401682194,29.955235401682195
left_hip,65,11,3,9,7,2,1,1,1,2,0.0,302.7149916850638,30.27149916850638
right_hip,66,10,3,7,8,2,2,1,1,2,0.0,295.78993401292684,29.578993401292685
left_knee,66,5,7,11,6,2,1,2,1,1,0.0,304.4992570525795,30.449925705257947
right_knee,67,5,7,9,6,2,2,2,1,1,0.0,303.47471104544564,30.347471104544564
