Joints,0,1,2,3,4,5,6,7,8,9,Min,Max,Step
left_shoulder,100,1,0,0,0,0,0,0,0,1,0.0,248.32684309105025,24.832684309105026
right_shoulder,101,0,0,0,0,0,0,0,0,1,0.0,208.4712724791219,20.84712724791219
left_elbow,99,1,0,0,0,0,0,0,0,2,0.0,307.9033775153655,30.790337751536548
right_elbow,100,0,0,0,0,0,0,0,0,2,0.0,288.4937589244821,28.84937589244821
left_hip,100,1,0,0,0,0,0,0,0,1,0.0,222.44677184242008,22.244677184242008
right_hip,100,0,1,0,0,0,0,0,0,1,0.0,213.50058466123662,21.350058466123663
left_knee,98,2,1,0,0,0,0,0,0,1,0.0,274.51450665719636,27.451450665719637
right_knee,98,0,3,0,0,0,0,0,0,1,0.0,188.03267199079608,18.803267199079606
