Joints,0,1,2,3,4,5,6,7,8,9,Min,Max,Step
left_shoulder,68,8,6,11,5,1,2,0,0,1,0.0,315.21440587075983,31.521440587075983
right_shoulder,69,5,8,9,5,3,2,0,0,1,0.0,304.3479958623975,30.434799586239752
left_elbow,68,8,7,8,5,3,2,0,0,1,0.0,319.05809037660214,31.905809037660212
right_elbow,70,4,8,9,5,2,2,1,0,1,0.0,305.21523333947766,30.521523333947766
left_hip,67,10,5,7,7,2,3,0,0,1,0.0,300.01141505355093,30.001141505355093
right_hip,69,6,7,8,6,3,1,1,0,1,0.0,299.7018722041384,29.97018722041384
left_knee,68,9,5,8,6,3,2,0,0,1,0.0,306.6602812083525,30.66602812083525
right_knee,69,6,7,7,7,1,4,0,0,1,0.0,299.78526856231025,29.978526856231024
