Joints,0,1,2,3,4,5,6,7,8,9,Min,Max,Step
left_shoulder,50,51,26,17,5,9,4,0,1,4,0.28034372048054795,175.39787847136452,17.511753475088398
right_shoulder,45,52,29,12,5,7,4,4,6,3,1.1145371295217792,155.3736172176806,15.425908008815881
left_elbow,11,15,17,20,19,11,15,18,22,19,0.0,179.7328392384177,17.97328392384177
right_elbow,10,11,16,20,19,21,12,19,18,21,0.0,178.15110957411102,17.8151109574111
left_hip,3,2,8,21,50,58,11,8,2,4,0.0,180.0,18.0
right_hip,2,1,5,13,22,53,45,15,4,7,0.0,153.44948409767235,15.344948409767236
left_knee,7,2,1,3,5,5,7,28,52,57,0.0,179.58544937697278,17.958544937697276
right_knee,2,2,2,4,4,8,9,16,37,83,0.0,179.97936662184173,17.997936662184173
