Joints,0,1,2,3,4,5,6,7,8,9,Min,Max,Step
left_shoulder,26,35,40,18,11,11,11,10,3,2,0.13020826978950348,155.2687800422313,15.51385717724418
right_shoulder,38,22,26,14,12,9,11,17,11,7,0.35994371476400955,177.02885593262508,17.66689122178611
left_elbow,6,11,9,12,18,20,16,25,21,29,10.63505846854151,179.134673743145,16.84996152746035
right_elbow,13,12,17,9,18,11,14,18,20,35,1.3634675788022128,179.75979370176216,17.839632612295993
left_hip,1,3,3,21,41,51,27,14,2,4,0.6372935129233914,166.36750205315667,16.57302085402333
right_hip,7,5,28,44,39,28,14,0,1,1,40.144611251845824,177.9803010205519,13.783568976870605
left_knee,4,3,3,5,6,8,24,34,45,35,36.91910470451315,179.8961485020554,14.29770437975423
right_knee,3,0,0,1,4,7,12,31,55,54,5.886609981796013,179.6948408123103,17.38082308305143
