Joints,0,1,2,3,4,5,6,7,8,9,Min,Max,Step
left_shoulder,30,31,33,15,22,13,12,6,3,2,0.8866720874528686,161.57417915413367,16.06875070666808
right_shoulder,25,22,19,17,15,12,15,16,15,11,1.961671283987754,178.6446476467038,17.668297636271603
left_elbow,4,8,7,12,15,12,19,20,35,35,4.81767212828767,179.87473918187118,17.50570670535835
right_elbow,3,7,8,8,16,12,18,21,29,45,0.0,177.4351889060676,17.743518890606758
left_hip,1,5,25,37,36,36,16,5,4,2,32.46505517348853,153.05781200710132,12.059275683361278
right_hip,4,2,8,16,36,46,32,16,3,4,25.181461687200798,153.16299048382518,12.798152879662435
left_knee,1,1,2,2,6,11,7,39,52,46,16.348730841217133,179.64732278868172,16.32985919474646
right_knee,4,2,2,7,8,5,18,41,42,38,55.4214186167711,179.99995980004272,12.457854118327155
