Joints,0,1,2,3,4,5,6,7,8,9,Min,Max,Step
left_shoulder,46,51,24,13,15,3,10,2,2,1,0.6459495864157772,179.6712703321727,17.902532074575692
right_shoulder,49,39,20,15,10,7,5,13,4,5,0.6496704405759949,172.84656273899796,17.219689229842196
left_elbow,18,7,7,12,18,19,13,15,29,29,0.4656701518380868,179.82318110965085,17.935751095781278
right_elbow,13,10,11,16,16,20,14,19,22,26,4.698819512139932,179.99996180853753,17.53011422963976
left_hip,5,6,10,21,40,40,27,8,5,5,10.259525746059273,163.87052992010885,15.361100417404957
right_hip,3,7,8,24,43,42,14,15,6,5,12.950638998341775,167.11271327295378,15.4162074274612
left_knee,3,4,2,5,10,9,12,19,43,60,0.0,179.87047010358725,17.987047010358726
right_knee,5,2,2,5,7,6,9,24,43,64,0.0,179.8963102112854,17.989631021128538
