Joints,0,1,2,3,4,5,6,7,8,9,Min,Max,Step
left_shoulder,32,34,35,17,18,11,13,3,2,2,0.27092574585205736,171.632152838742,17.136122709288994
right_shoulder,41,30,24,19,13,13,7,12,6,2,2.0350563216780784,179.2621014402714,17.722704511859334
left_elbow,8,9,10,17,11,15,22,16,28,31,1.4016423456593778,179.25095341811902,17.784931107245963
right_elbow,10,6,11,14,24,15,13,17,22,35,0.6898220288748994,180.0,17.93101779711251
left_hip,9,26,39,42,24,11,13,1,0,2,43.96925518861585,179.04747284441086,13.5078217655795
right_hip,2,1,6,24,37,58,27,7,4,1,1.4073680244820612,171.9203176003072,17.051294957582513
left_knee,1,3,2,5,12,6,11,24,52,51,0.24405591486101594,179.43216065034082,17.918810473547982
right_knee,3,1,5,5,6,5,18,27,46,51,26.08624084690821,179.99999608751762,15.39137552406094
