Joints,0,1,2,3,4,5,6,7,8,9,Min,Max,Step
left_shoulder,15,23,37,25,9,17,9,14,14,4,0.0,134.31189970526052,13.431189970526052
right_shoulder,20,32,23,14,19,15,12,11,12,9,0.9073835724625372,177.09488457120122,17.61875009987387
left_elbow,4,8,8,16,15,15,19,24,35,23,1.7075472925031875e-06,179.99999758516347,17.999999587761618
right_elbow,16,13,12,9,21,16,8,17,28,27,0.0,179.99999758516347,17.999999758516346
left_hip,3,11,16,25,38,32,20,12,9,1,32.091858427245086,147.08178304650974,11.498992461926463
right_hip,1,2,5,11,35,45,37,18,9,4,19.35270672102495,147.88210649631202,12.852939977528706
left_knee,2,1,5,7,11,8,14,29,46,44,31.15088078570165,179.9999991462264,14.884911836052478
right_knee,3,1,0,1,3,6,6,20,64,63,0.0,179.2787692161697,17.92787692161697
