Joints,0,1,2,3,4,5,6,7,8,9,Min,Max,Step
left_shoulder,26,37,30,23,10,13,9,7,9,3,0.14291804585069362,135.42160562746258,13.527868758161187
right_shoulder,38,29,27,20,19,8,5,8,9,4,0.6331460245613313,171.60472682090298,17.097158079634163
left_elbow,13,12,4,13,14,19,18,13,34,27,2.615378163718776,176.82447679065953,17.420909862694074
right_elbow,10,8,12,13,21,16,15,22,22,28,0.03165091265940851,179.9999877758217,17.99683368631623
left_hip,2,2,3,19,29,56,32,14,7,3,5.683414655963122,153.8814185094344,14.819800385347126
right_hip,1,5,5,17,37,62,29,5,4,2,2.6690085719632477,173.37651083759826,17.0707502265635
left_knee,6,3,2,7,11,6,10,29,33,60,0.0,180.0,18.0
right_knee,4,2,2,5,10,10,6,19,47,62,0.0,179.66716963807133,17.966716963807134
