Joints,0,1,2,3,4,5,6,7,8,9,Min,Max,Step
left_shoulder,99,17,10,3,15,6,3,7,3,3,0.2650788395057198,213.2747929620997,21.300971412259397
right_shoulder,89,23,13,16,5,3,4,7,2,4,1.0201241635636016,163.59031691255015,16.257019274898656
left_elbow,76,19,19,21,8,8,4,6,2,3,0.5853303547732589,197.7337869725842,19.714845661781094
right_elbow,54,25,18,18,19,12,11,3,2,4,0.4104600268706676,146.42986340174136,14.601940337487068
left_hip,105,13,5,5,10,8,6,7,4,3,0.3896241195399404,216.26237284417755,21.58727487246376
right_hip,89,27,6,11,12,5,5,4,2,5,0.4474960467212268,182.554012293206,18.210651624648477
left_knee,90,23,9,5,6,9,5,6,5,8,1.2038777605341202,178.10256242728474,17.689868466675062
right_knee,89,24,13,12,8,10,4,4,0,2,0.6520438197188367,179.4462211583374,17.879417733861857
