Joints,0,1,2,3,4,5,6,7,8,9,Min,Max,Step
left_shoulder,100,63,23,9,5,1,2,0,0,1,0.18580201960183992,83.98155416962489,8.379575215002305
right_shoulder,63,108,14,8,5,2,1,1,1,1,0.0,108.29124581343972,10.829124581343972
left_elbow,1,0,1,1,6,6,3,99,74,13,10.35702457829838,174.2361932567314,16.387916867843302
right_elbow,3,1,1,2,2,5,4,23,39,124,8.995476406122245,179.99999852122062,17.10045221150984
left_hip,4,9,4,12,58,85,19,6,4,3,13.991826878127034,180.0,16.600817312187296
right_hip,2,4,4,7,36,72,35,26,10,8,0.0,158.56054553224027,15.856054553224027
left_knee,2,1,3,3,2,3,5,8,31,146,0.0,180.0,18.0
right_knee,2,0,3,4,5,9,10,14,44,113,0.0,180.0,18.0
