Joints,0,1,2,3,4,5,6,7,8,9,Min,Max,Step
left_shoulder,104,56,10,16,11,2,2,1,1,1,0.0,152.91048329631772,15.291048329631773
right_shoulder,69,79,19,10,11,5,2,3,4,2,0.13084068594367654,150.8872446142189,15.075640392827523
left_elbow,10,9,7,2,6,8,15,63,60,24,2.870674763679052,177.9819831548349,17.511130839115584
right_elbow,9,12,6,11,7,14,13,19,29,84,1.6997531204409162,180.0,17.83002468795591
left_hip,4,6,7,21,36,59,40,16,5,10,0.0,176.75357772797662,17.67535777279766
right_hip,11,2,5,22,57,58,32,7,3,7,0.0,177.49067050269608,17.74906705026961
left_knee,4,7,3,5,4,10,17,17,36,101,0.8125527318732635,179.99995650779502,17.918740377592176
right_knee,4,5,2,5,6,12,7,20,44,99,0.0,180.0,18.0
