Joints,0,1,2,3,4,5,6,7,8,9,Min,Max,Step
left_shoulder,99,49,24,16,2,6,1,2,0,5,0.0,176.05422932631905,17.605422932631903
right_shoulder,62,57,40,22,8,7,3,0,3,2,0.0,163.46900136687137,16.346900136687136
left_elbow,6,12,7,14,7,9,19,55,54,21,0.0,179.99997783474697,17.999997783474697
right_elbow,11,5,17,7,11,21,14,13,37,68,0.0,179.80932824661699,17.9809328246617
left_hip,6,5,11,12,36,81,31,17,2,3,0.0,168.6939860920921,16.86939860920921
right_hip,5,2,3,18,36,71,42,13,3,11,0.0,169.78945367662308,16.97894536766231
left_knee,10,3,4,6,8,9,12,26,40,86,0.0,180.0,18.0
right_knee,4,4,4,5,2,8,20,22,35,100,0.0,180.0,18.0
