Joints,0,1,2,3,4,5,6,7,8,9,Min,Max,Step
left_shoulder,85,71,16,9,11,5,1,3,1,2,0.0,166.21642285122925,16.621642285122924
right_shoulder,72,82,25,9,7,0,6,1,1,1,0.0,176.7737204701841,17.67737204701841
left_elbow,15,10,7,12,5,11,10,63,52,19,0.0,180.0,18.0
right_elbow,9,13,10,8,13,11,7,34,38,61,0.0,179.99998801671586,17.999998801671588
left_hip,6,6,11,16,39,73,22,15,7,9,0.0,180.0,18.0
right_hip,7,6,17,22,51,55,28,9,3,6,0.0,175.32615474067092,17.532615474067093
left_knee,15,8,1,7,1,14,5,8,40,105,0.0,179.99998083282918,17.999998083282918
right_knee,10,11,0,4,10,14,11,14,28,102,0.0,180.0,18.0
