Joints,0,1,2,3,4,5,6,7,8,9,Min,Max,Step
left_shoulder,125,31,11,13,7,4,6,2,3,1,0.0,116.52336014877086,11.652336014877086
right_shoulder,143,31,12,6,5,4,0,1,0,1,0.0,173.721357952404,17.3721357952404
left_elbow,131,16,19,11,12,5,4,1,3,1,0.0,118.7782646794397,11.87782646794397
right_elbow,133,39,8,9,5,5,2,0,1,1,0.0,159.0229485973395,15.902294859733951
left_hip,117,34,14,7,7,12,3,5,3,1,0.0,102.92553919442499,10.292553919442499
right_hip,129,30,14,10,6,4,5,3,0,2,0.0,120.86179310661771,12.086179310661771
left_knee,115,25,16,18,13,7,2,5,0,2,0.0,121.67555269001862,12.167555269001863
right_knee,97,46,22,18,6,8,4,0,0,2,0.0,139.38699284189144,13.938699284189145
