Joints,0,1,2,3,4,5,6,7,8,9,Min,Max,Step
left_shoulder,112,35,17,13,9,7,7,2,0,1,0.0,130.08492723394394,13.008492723394394
right_shoulder,103,45,21,12,6,6,1,6,0,3,0.0,134.517476984697,13.451747698469699
left_elbow,102,21,27,19,11,8,7,5,0,3,0.0,122.43933647976569,12.243933647976569
right_elbow,89,35,32,15,12,6,6,4,1,3,0.0,135.17954020870542,13.517954020870542
left_hip,111,35,20,18,10,5,2,1,0,1,0.0,144.36450368661812,14.436450368661813
right_hip,99,48,13,21,9,5,3,2,2,1,0.0,141.3714643470825,14.137146434708251
left_knee,89,35,22,21,20,8,5,1,1,1,0.0,143.49868996747617,14.349868996747617
right_knee,63,47,36,23,15,8,5,2,2,2,0.0,146.505436731788,14.650543673178799
