Joints,0,1,2,3,4,5,6,7,8,9,Min,Max,Step
left_shoulder,165,27,1,5,1,0,2,0,0,2,0.0,143.70540051860797,14.370540051860797
right_shoulder,158,31,5,3,0,2,0,1,0,3,0.0,109.30033525249901,10.9300335252499
left_elbow,167,23,4,5,0,2,0,0,0,2,0.0,161.98541572399472,16.19854157239947
right_elbow,147,34,14,1,2,1,0,0,2,2,0.0,130.2686997830417,13.026869978304171
left_hip,169,20,6,2,2,0,2,1,0,1,0.0,133.15242107699794,13.315242107699794
right_hip,164,25,2,4,1,3,0,0,0,4,0.0,111.42628393840509,11.142628393840509
left_knee,150,17,17,4,7,3,1,2,0,2,0.0,117.16008053923584,11.716008053923584
right_knee,96,58,22,12,1,3,6,1,2,2,0.0,105.60764992710064,10.560764992710064
