Joints,0,1,2,3,4,5,6,7,8,9,Min,Max,Step
left_shoulder,4,1,1,2,6,25,6,2,0,5,-171.978023730108,154.7674718520944,32.674549558220235
right_shoulder,4,2,3,4,7,19,6,1,2,4,-119.68796701998696,118.63900786792648,23.83269748879134
left_elbow,4,2,4,3,20,9,3,3,3,1,-164.62532410483792,171.76110526185744,33.63864293666953
right_elbow,6,3,1,8,20,3,3,1,2,5,-116.78269480735406,139.69030624082276,25.647300104817674
left_hip,2,1,0,4,35,5,1,1,2,1,-140.5183502892994,147.37675551750723,28.78951058068067
right_hip,2,2,3,1,32,7,3,0,1,1,-140.21049796194788,169.9727326402745,31.01832306022223
left_knee,2,2,0,7,24,6,5,2,2,2,-167.69874616239602,168.93762310597523,33.66363692683714
right_knee,2,1,3,3,5,21,5,4,3,5,-162.39073525987195,124.11944725269804,28.651018251257
