Joints,0,1,2,3,4,5,6,7,8,9,Min,Max,Step
left_shoulder,2,0,2,5,6,25,7,1,2,2,-152.68635510341582,135.73812566493874,28.842448076835453
right_shoulder,3,2,2,3,24,9,4,3,1,1,-140.91588697568858,150.37542310438914,29.129131008007775
left_elbow,4,1,3,6,8,16,6,3,0,5,-168.73930720239943,167.03051534309574,33.576982254549506
right_elbow,1,2,2,5,3,26,7,2,3,1,-172.1056048846461,154.38154384166478,32.648714872631075
left_hip,3,5,2,5,19,6,6,2,2,2,-115.98643448195496,131.36052148169892,24.7346955963654
right_hip,1,3,2,4,1,26,4,4,5,2,-142.88605298289596,115.95618875094158,25.884224173383757
left_knee,4,2,5,4,3,21,4,2,4,3,-161.07234737781803,160.8237492924469,32.189609667026474
right_knee,4,1,2,4,18,11,5,4,1,2,-154.0748865726461,156.67559172375385,31.07504782964
