Joints,0,1,2,3,4,5,6,7,8,9,Min,Max,Step
left_shoulder,2,3,0,5,8,21,6,2,2,3,-166.04005247137292,153.5211177139061,31.95611701852789
right_shoulder,2,0,2,0,5,9,24,4,1,5,-141.82362760970057,88.60233781695645,23.042596542665706
left_elbow,3,4,2,6,24,4,1,3,2,3,-139.54141033960659,156.80777138776122,29.634918172736775
right_elbow,1,1,1,1,7,29,4,4,1,3,-170.2303594889799,134.02655966888707,30.4256919157867
left_hip,1,0,4,5,5,27,3,3,2,2,-155.40898766718578,137.63918867500047,29.304817634218622
right_hip,4,2,4,1,29,2,5,4,0,1,-113.00341706856581,149.36611407952373,26.236953114808955
left_knee,2,1,3,5,4,26,7,1,2,1,-172.2053600821641,165.93686953204644,33.81422296142105
right_knee,3,1,3,7,21,5,6,3,1,2,-161.59152374139637,172.4063340558123,33.39978577972087
