Joints,0,1,2,3,4,5,6,7,8,9,Min,Max,Step
left_shoulder,3,1,1,4,29,8,1,3,1,1,-152.81808833414516,164.95691400842904,31.777500234257417
right_shoulder,2,1,3,7,5,21,4,5,2,2,-155.6932922155001,149.1021983288996,30.47954905443997
left_elbow,5,2,3,4,17,10,3,2,3,3,-167.26908883878323,173.49665358982585,34.076574242860914
right_elbow,2,6,2,3,21,6,3,3,3,3,-145.5377898608561,155.64190182897536,30.117969168983137
left_hip,3,0,1,5,3,30,5,1,1,3,-151.0620198864133,144.12963913279714,29.519165901921042
right_hip,1,3,4,30,7,4,1,1,0,1,-97.76075660121285,153.75811772020262,25.15188743214155
left_knee,2,2,4,7,23,8,1,1,2,2,-146.82192806316326,178.4100750389484,32.523200310211166
right_knee,4,4,3,5,22,5,4,2,2,1,-115.11874663462021,150.6710271440655,26.57897737786857
