Joints,0,1,2,3,4,5,6,7,8,9,Min,Max,Step
left_shoulder,4,2,0,3,9,21,5,1,1,6,-154.0072027644561,137.8314283029925,29.183863106744866
right_shoulder,2,3,1,0,7,30,4,2,0,3,-172.84500468637538,159.59169108979523,33.243669577617055
left_elbow,2,1,3,1,3,2,21,9,4,6,-167.21667505384218,90.0,25.721667505384232
right_elbow,4,2,3,6,5,18,6,0,2,6,-145.68751642763166,144.5464440056768,29.023396043330848
left_hip,4,2,1,2,3,27,4,3,2,4,-153.55508707374992,127.89017566973871,28.144526274348863
right_hip,4,0,1,3,5,26,6,3,2,2,-153.32737651123819,142.9108285565691,29.62382050678073
left_knee,4,3,2,6,17,8,6,1,4,1,-145.91634815698004,163.73502731195273,30.965137546893274
right_knee,2,2,3,5,4,19,9,4,2,2,-135.6430483826254,130.7022215793701,26.634526996199554
