Joints,0,1,2,3,4,5,6,7,8,9,Min,Max,Step
left_shoulder,2,1,1,1,8,30,5,1,1,2,-164.72236160000884,148.51287002995545,31.323523162996423
right_shoulder,3,2,4,1,29,4,4,1,1,3,-145.88062130193637,168.7784821638406,31.4659103465777
left_elbow,2,2,2,5,9,18,4,4,3,3,-167.95549340308315,147.63484035965794,31.5590333762741
right_elbow,3,3,2,3,8,20,5,4,2,2,-168.85738348560983,161.45262786069247,33.03100113463023
left_hip,2,1,3,3,8,23,4,6,1,1,-157.69377323942803,151.86048521413562,30.95542584535636
right_hip,1,4,4,5,22,3,2,5,3,3,-102.30900688046049,103.41825930832908,20.57272661887896
left_knee,2,3,1,5,24,7,6,2,1,1,-156.87415071494513,177.87270107166344,33.47468517866085
right_knee,2,1,2,8,3,26,4,2,3,1,-169.76771791414308,161.1974122567613,33.096513017090444
