Joints,0,1,2,3,4,5,6,7,8,9,Min,Max,Step
left_shoulder,4,2,2,6,23,4,5,2,0,4,-146.1868101961174,166.68997815081326,31.287678834693068
right_shoulder,1,1,1,2,4,5,27,4,2,5,-176.57247174118658,106.23430340767716,28.280677514886378
left_elbow,3,2,5,7,17,5,7,3,2,1,-158.79934742873445,171.1514335153969,32.99507809441313
right_elbow,3,5,3,8,18,7,1,1,5,1,-115.7418063297087,150.52823449639538,26.627004082610412
left_hip,3,0,4,5,4,21,8,1,3,3,-143.6501052024774,129.90615132153664,27.3556256524014
right_hip,2,0,6,6,19,6,6,4,1,2,-134.00846627520806,136.35498195804217,27.036344823325024
left_knee,2,2,3,5,5,23,5,1,4,2,-173.0676472131729,166.81600654559608,33.988365375876896
right_knee,2,1,3,7,7,18,6,3,3,2,-163.6228321104014,152.32865944104503,31.59514915514464
