Joints,0,1,2,3,4,5,6,7,8,9,Min,Max,Step
left_shoulder,4,2,0,2,5,24,7,3,3,2,-160.83018965623197,142.70033789780138,30.353052755403326
right_shoulder,3,1,2,2,9,24,3,3,2,3,-141.45135925797487,133.42289971903566,27.48742589770106
left_elbow,3,3,2,4,6,20,7,1,4,2,-167.27213994573543,156.68314502190628,32.39552849676417
right_elbow,2,3,3,2,8,22,4,4,2,2,-169.7510952486603,166.53698326582952,33.62880785144898
left_hip,1,4,0,1,3,6,24,4,5,4,-146.93780652802315,97.35484811295557,24.429265464097867
right_hip,3,3,5,5,27,1,4,3,0,1,-94.8935532017322,133.77456641523418,22.86681196169664
left_knee,4,0,1,3,9,25,6,0,1,3,-156.23863754976645,150.22107763045824,30.645971518022463
right_knee,1,2,3,4,3,23,7,4,4,1,-143.41794781089,121.79459151490904,26.52125393257991
