Joints,0,1,2,3,4,5,6,7,8,9,Min,Max,Step
left_shoulder,21,6,7,1,2,0,2,4,4,5,3.812156672898977,176.87187246822654,17.30597157953276
right_shoulder,12,21,4,3,2,2,3,1,3,1,1.2986994230334334,177.37536025920963,17.60766608361762
left_elbow,9,1,3,0,3,5,2,5,11,13,1.7079139268722905,174.6855260611469,17.29776121342746
right_elbow,9,2,4,3,2,0,2,3,11,16,3.1957390066065954,176.20154254541373,17.30058035388071
left_hip,14,7,4,5,3,8,2,4,3,2,0.0,180.0,18.0
right_hip,7,5,1,1,11,4,6,2,5,10,0.0,176.62615437474705,17.662615437474706
left_knee,2,6,1,3,5,3,3,3,14,12,5.0078177973344244,179.999990765026,17.49921729676916
right_knee,4,5,1,2,9,1,7,6,9,8,1.2007446267373478,175.53994464252526,17.43392000157879
