Joints,0,1,2,3,4,5,6,7,8,9,Min,Max,Step
left_shoulder,19,10,8,2,3,2,1,1,3,3,0.0,173.46251432759124,17.346251432759125
right_shoulder,22,12,8,1,5,0,2,0,0,2,0.0,176.57247174118658,17.65724717411866
left_elbow,5,0,6,2,7,2,5,4,11,10,0.0,175.07440477326188,17.50744047732619
right_elbow,7,4,2,1,7,1,3,7,13,7,7.7831840693407095,180.0,17.22168159306593
left_hip,11,2,6,4,7,4,5,5,2,6,0.0,180.0,18.0
right_hip,7,2,7,7,9,7,4,3,3,3,0.0,173.1569437172293,17.31569437172293
left_knee,6,3,7,1,3,3,4,6,5,14,0.0,179.9472486840941,17.99472486840941
right_knee,11,2,3,1,3,3,7,4,7,11,0.0,179.16519887267512,17.916519887267512
