Joints,0,1,2,3,4,5,6,7,8,9,Min,Max,Step
left_shoulder,25,9,6,5,0,1,2,1,0,3,0.0,168.6368352511346,16.863683525113462
right_shoulder,20,6,8,4,1,4,2,1,3,3,0.0,172.23897262444828,17.22389726244483
left_elbow,8,3,2,1,4,3,3,4,5,19,1.7102832192026192,178.0905680550403,17.63802848358377
right_elbow,5,5,3,3,4,3,1,8,9,11,4.396343856598576,179.99996333740484,17.560361948080626
left_hip,10,7,1,9,6,2,2,1,13,1,0.0,180.0,18.0
right_hip,16,1,6,1,9,6,4,4,1,4,0.0,180.0,18.0
left_knee,11,3,1,7,2,1,3,6,5,13,0.0,179.2081586569064,17.92081586569064
right_knee,11,4,1,2,4,5,5,3,13,4,0.0,179.16237537576094,17.916237537576094
