Joints,0,1,2,3,4,5,6,7,8,9,Min,Max,Step
left_shoulder,22,15,7,2,0,1,2,0,0,3,0.0,171.5773926054217,17.15773926054217
right_shoulder,17,18,3,1,1,3,5,1,1,2,2.057123129428636,178.87372194977675,17.68165988203481
left_elbow,9,2,2,3,0,4,5,5,11,11,0.7093484105800564,180.0,17.929065158941995
right_elbow,8,1,3,4,2,3,2,2,12,15,0.8274224545622391,177.56859783445316,17.67411753798909
left_hip,8,3,3,11,11,5,4,4,1,2,0.0,180.0,18.0
right_hip,8,0,0,13,12,6,3,4,3,3,0.0,180.0,18.0
left_knee,10,4,1,2,4,8,5,8,3,7,0.0,179.20794274109505,17.920794274109504
right_knee,7,2,2,1,5,4,5,11,9,6,2.0392834755209206,179.16073652771104,17.71214530521901
