Joints,0,1,2,3,4,5,6,7,8,9,Min,Max,Step
left_shoulder,22,8,6,4,5,1,1,1,2,2,0.0,166.8092868053749,16.68092868053749
right_shoulder,14,16,5,4,2,0,3,2,2,4,0.9861680305668048,170.724121601023,16.97379535704562
left_elbow,12,1,4,1,3,2,3,6,7,13,0.41716208528217397,175.3995053650111,17.49823432797289
right_elbow,13,4,3,5,0,1,5,3,10,8,4.094906422013646,180.0,17.590509357798634
left_hip,7,6,12,4,5,10,3,2,2,1,0.0,180.0,18.0
right_hip,4,4,6,5,10,5,5,3,2,8,0.0,179.13332814517787,17.913332814517787
left_knee,7,3,2,3,2,3,7,5,9,11,2.5784883253104667,179.43614942124316,17.685766109593267
right_knee,6,1,0,5,4,3,10,6,10,7,7.07908622020303,176.04024326553426,16.896115704533123
