Joints,0,1,2,3,4,5,6,7,8,9,Min,Max,Step
left_shoulder,11,5,11,9,3,3,1,1,0,8,0.3155620033571592,175.74878682131398,17.54332248179568
right_shoulder,8,7,7,8,8,4,8,0,1,1,0.0,162.09515167845674,16.209515167845673
left_elbow,6,3,3,2,7,6,2,6,6,11,0.0,178.96726447671273,17.896726447671274
right_elbow,6,0,6,10,0,1,6,8,4,11,0.0,176.76758321729235,17.676758321729235
left_hip,12,5,3,3,11,9,2,1,4,2,0.0,180.0,18.0
right_hip,13,2,1,3,16,4,4,1,2,6,0.0,164.57316026665583,16.457316026665584
left_knee,4,4,2,4,2,11,4,7,6,8,0.11352680880405247,180.0,17.988647319119597
right_knee,4,5,2,4,3,5,2,9,8,10,1.6761018037626227,179.99973236681373,17.83236305630511
