Joints,0,1,2,3,4,5,6,7,8,9,Min,Max,Step
left_shoulder,32,1,2,1,0,2,3,6,2,2,0.0,154.29075751496043,15.429075751496043
right_shoulder,33,0,2,1,1,3,6,1,2,2,0.0,173.6716621993325,17.36716621993325
left_elbow,28,4,3,1,0,4,1,5,2,3,0.0,147.29656355423916,14.729656355423916
right_elbow,33,0,1,2,1,1,1,7,1,4,0.0,159.14907942988737,15.914907942988737
left_hip,28,4,2,2,1,1,5,2,4,2,0.0,151.4258527517949,15.14258527517949
right_hip,28,5,1,1,2,0,2,2,7,3,0.0,150.77756587459274,15.077756587459273
left_knee,29,4,2,1,1,4,3,3,2,2,0.0,159.1475056078097,15.91475056078097
right_knee,30,3,1,2,0,2,2,5,2,4,0.0,157.55907213703932,15.755907213703932
