Joints,0,1,2,3,4,5,6,7,8,9,Min,Max,Step
left_shoulder,29,1,3,3,4,1,5,3,1,1,0.0,181.12274772330218,18.112274772330217
right_shoulder,27,1,2,3,3,2,6,3,1,3,0.0,174.01153625060712,17.40115362506071
left_elbow,24,4,6,3,5,1,5,2,0,1,0.0,177.38430241301654,17.738430241301653
right_elbow,27,2,3,7,1,0,5,4,1,1,0.0,171.3277056986205,17.13277056986205
left_hip,24,3,4,5,5,1,2,2,4,1,0.0,160.94510930828454,16.094510930828456
right_hip,26,3,2,6,2,1,3,3,2,3,0.0,172.7318038462931,17.27318038462931
left_knee,28,2,2,4,3,3,8,0,0,1,0.0,170.1291344114272,17.01291344114272
right_knee,26,4,1,6,4,1,6,2,0,1,0.0,178.37863502802932,17.837863502802932
