Joints,0,1,2,3,4,5,6,7,8,9,Min,Max,Step
left_shoulder,34,0,2,3,0,2,1,3,3,3,0.0,149.329691983127,14.9329691983127
right_shoulder,34,0,1,4,1,2,0,3,3,3,0.0,160.08282487951325,16.008282487951327
left_elbow,32,2,3,2,1,3,1,3,1,3,0.0,148.25509538444885,14.825509538444885
right_elbow,34,0,1,4,1,1,1,3,4,2,0.0,159.44126868290832,15.944126868290832
left_hip,29,5,2,2,2,2,2,2,1,4,0.0,143.47468855157533,14.347468855157533
right_hip,33,1,1,3,2,0,4,1,3,3,0.0,148.77633862839696,14.877633862839696
left_knee,33,1,1,4,2,2,1,3,1,3,0.0,152.17169045027828,15.217169045027827
right_knee,32,2,1,3,1,2,1,3,4,2,0.0,157.14815244323438,15.714815244323438
