Joints,0,1,2,3,4,5,6,7,8,9,Min,Max,Step
left_shoulder,30,1,3,5,2,0,2,0,2,6,0.0,128.05508201426,12.805508201425999
right_shoulder,29,2,4,3,3,1,1,0,6,2,0.0,132.79688898546212,13.279688898546212
left_elbow,27,4,6,3,1,1,1,2,2,4,0.0,138.21837077774757,13.821837077774756
right_elbow,30,1,2,6,2,1,0,1,4,4,0.0,137.79775257602302,13.779775257602301
left_hip,29,2,3,5,1,1,1,1,2,6,0.0,133.219265066334,13.3219265066334
right_hip,28,3,2,5,2,1,2,0,4,4,0.0,134.11111699966918,13.411111699966918
left_knee,24,7,2,5,2,1,2,0,5,3,0.0,132.07137844434203,13.207137844434204
right_knee,28,3,4,3,3,0,1,1,6,2,0.0,133.60078741586665,13.360078741586666
