Joints,0,1,2,3,4,5,6,7,8,9,Min,Max,Step
left_shoulder,24,2,5,3,3,5,7,0,0,2,0.0,194.34524450184693,19.434524450184693
right_shoulder,25,1,6,4,2,2,5,1,3,2,0.0,187.8811240966523,18.788112409665228
left_elbow,23,3,6,3,6,5,2,1,0,2,0.0,195.43120903955162,19.543120903955163
right_elbow,23,3,2,6,1,4,2,1,4,5,0.0,142.7167542752418,14.271675427524182
left_hip,21,5,3,4,2,4,5,4,0,3,0.0,156.2497231435454,15.62497231435454
right_hip,23,4,3,4,2,3,1,2,6,3,0.0,151.23694158530878,15.123694158530878
left_knee,24,6,3,5,3,2,5,1,0,2,0.0,192.21517054024463,19.221517054024464
right_knee,23,2,4,7,2,2,2,2,2,5,0.0,162.13839145395409,16.213839145395408
