Joints,0,1,2,3,4,5,6,7,8,9,Min,Max,Step
left_shoulder,36,1,1,2,4,5,1,0,0,1,0.0,230.467211276947,23.046721127694703
right_shoulder,36,1,2,2,5,2,1,1,0,1,0.0,244.16724414029926,24.416724414029925
left_elbow,34,4,2,3,4,3,0,0,0,1,0.0,220.7167348381361,22.07167348381361
right_elbow,35,1,4,3,4,3,0,0,0,1,0.0,250.62805055502332,25.06280505550233
left_hip,30,7,0,5,3,5,0,0,0,1,0.0,229.2722453728861,22.92722453728861
right_hip,33,5,1,2,3,5,1,0,0,1,0.0,236.1770750516909,23.61770750516909
left_knee,35,2,3,3,4,3,0,0,0,1,0.0,235.1922202802982,23.51922202802982
right_knee,35,3,2,2,1,7,0,0,0,1,0.0,237.23720622395058,23.723720622395057
