Joints,0,1,2,3,4,5,6,7,8,9,Min,Max,Step
left_shoulder,23,2,5,4,6,8,1,1,0,1,0.0,244.36750743998505,24.436750743998505
right_shoulder,23,4,7,4,7,1,4,0,0,1,0.0,271.1464605048224,27.114646050482243
left_elbow,23,1,5,3,5,6,6,0,0,2,0.0,198.50248233109227,19.850248233109227
right_elbow,22,4,9,5,3,3,2,2,0,1,0.0,256.5172866706716,25.651728667067157
left_hip,24,5,4,6,5,5,0,1,0,1,0.0,243.7676117764301,24.37676117764301
right_hip,24,6,8,2,7,2,1,0,0,1,0.0,282.6396449239212,28.26396449239212
left_knee,21,5,9,1,5,6,2,0,1,1,0.0,228.4066293263414,22.84066293263414
right_knee,25,2,10,1,4,5,1,2,0,1,0.0,255.74300353206948,25.574300353206947
