Joints,0,1,2,3,4,5,6,7,8,9,Min,Max,Step
left_shoulder,29,1,3,2,2,3,2,6,2,1,0.0,171.36215957685278,17.136215957685277
right_shoulder,27,2,4,1,2,2,2,4,5,2,0.0,161.42284914609218,16.142284914609217
left_elbow,24,4,6,4,1,5,0,5,0,2,0.0,148.28491847126898,14.828491847126898
right_elbow,28,1,3,2,2,3,4,1,2,5,0.0,144.30886608621387,14.430886608621387
left_hip,27,3,4,2,3,4,3,1,1,3,0.0,143.53867213094887,14.353867213094887
right_hip,26,4,4,2,1,3,3,4,2,2,0.0,146.17352066443775,14.617352066443775
left_knee,25,5,7,2,2,3,2,1,0,4,0.0,145.382386404885,14.538238640488501
right_knee,27,3,3,2,3,3,2,2,3,3,0.0,145.37893145934342,14.537893145934342
