Joints,0,1,2,3,4,5,6,7,8,9,Min,Max,Step
left_shoulder,35,31,25,11,16,8,2,1,0,2,0.1295727911105203,168.10149324353338,16.797192045242287
right_shoulder,45,24,29,13,9,7,1,0,2,1,0.5900811349042393,177.76200521762144,17.71719240827172
left_elbow,12,8,9,11,11,8,8,16,15,33,1.3550419023142244,179.6431156184272,17.828807371611298
right_elbow,7,6,6,13,14,17,9,6,17,36,3.5769000385450016,179.3910407124033,17.58141406738583
left_hip,6,3,6,12,20,43,28,5,5,3,0.0,175.66372748392303,17.566372748392304
right_hip,9,3,5,13,13,33,31,12,5,7,0.0,175.5669740296556,17.55669740296556
left_knee,4,3,4,1,7,6,6,21,29,50,0.0,179.71072035234988,17.97107203523499
right_knee,5,1,1,1,6,8,16,14,40,39,0.0,180.0,18.0
