Joints,0,1,2,3,4,5,6,7,8,9,Min,Max,Step
left_shoulder,35,35,25,12,9,5,5,1,2,2,0.14904992456653582,170.5299016038835,17.038085167931698
right_shoulder,43,27,23,11,14,3,3,0,5,2,0.31386873756239897,172.07246077947227,17.17585920419099
left_elbow,10,6,6,10,17,14,10,18,17,23,0.0,179.4534001882557,17.94534001882557
right_elbow,6,13,9,9,11,16,14,9,15,29,0.0,179.9999630995909,17.99999630995909
left_hip,11,1,5,6,20,30,41,11,2,4,0.0,170.3790719953763,17.03790719953763
right_hip,4,3,6,6,22,40,14,20,7,9,0.0,180.0,18.0
left_knee,8,1,5,2,4,6,10,23,22,50,0.0,179.7862226642621,17.97862226642621
right_knee,8,2,4,4,5,5,15,21,27,40,0.0,180.0,18.0
