Joints,0,1,2,3,4,5,6,7,8,9,Min,Max,Step
left_shoulder,36,42,14,15,6,13,1,0,0,4,1.7306799954791638,159.2166170379413,15.748593704246211
right_shoulder,30,30,43,13,6,4,2,2,0,1,0.0,170.15110801888602,17.015110801888603
left_elbow,12,5,7,8,25,14,9,12,14,25,0.0,178.89567173502982,17.889567173502982
right_elbow,11,6,3,11,15,11,8,22,15,29,0.0,179.34465098879394,17.934465098879393
left_hip,7,3,6,8,23,38,22,6,10,8,0.0,180.0,18.0
right_hip,9,7,2,16,22,33,19,9,3,11,0.0,180.0,18.0
left_knee,14,4,2,0,14,10,9,17,20,41,0.0,179.87590953801538,17.987590953801536
right_knee,12,9,6,1,5,11,11,8,25,43,0.0,180.0,18.0
