Joints,0,1,2,3,4,5,6,7,8,9,Min,Max,Step
left_shoulder,27,40,31,17,5,7,3,0,0,1,0.3480248404762813,134.98571284157043,13.463768800109415
right_shoulder,41,43,26,10,6,1,1,0,0,3,4.003182051352163,175.73462807134402,17.173144601999187
left_elbow,11,5,3,14,15,9,24,10,25,15,0.7068591856005645,177.76784724117616,17.70609880555756
right_elbow,7,2,7,14,11,16,10,14,28,22,0.0,177.90596909339826,17.790596909339826
left_hip,11,8,0,5,8,45,22,15,12,5,0.0,166.64695990649196,16.664695990649196
right_hip,10,1,2,11,14,49,22,9,4,9,0.0,180.0,18.0
left_knee,5,1,1,3,14,9,4,27,30,37,0.0,179.57023254800498,17.957023254800497
right_knee,12,5,7,6,3,0,18,23,17,40,0.0,179.66136807326495,17.966136807326496
