Joints,0,1,2,3,4,5,6,7,8,9,Min,Max,Step
left_shoulder,32,39,19,9,14,10,5,1,0,2,1.3248387859068766,165.0071402586759,16.3682301472769
right_shoulder,35,31,22,20,13,6,2,1,0,1,0.6473026468391249,159.37894592215824,15.873164327531912
left_elbow,9,9,5,6,11,10,15,17,27,22,1.3007464073423622,179.9999793499704,17.869923294262804
right_elbow,9,8,12,7,12,15,11,10,17,30,4.0949724460107735,179.53469159109105,17.543971914508028
left_hip,5,1,5,8,26,39,28,6,6,7,0.0,176.30326942306456,17.630326942306457
right_hip,8,8,7,14,13,35,26,11,6,3,0.0,176.872424805797,17.6872424805797
left_knee,3,5,1,6,4,3,13,14,30,52,0.0,180.0,18.0
right_knee,8,0,1,5,1,8,15,15,31,47,0.0,180.0,18.0
