Joints,0,1,2,3,4,5,6,7,8,9,Min,Max,Step
left_shoulder,19,28,34,12,17,11,7,2,0,1,0.238865470461506,156.6874664402252,15.644860096976368
right_shoulder,38,28,31,12,9,8,0,1,1,3,0.0,164.31035434375082,16.431035434375083
left_elbow,6,4,7,7,13,15,10,9,22,38,0.0,179.50649752386445,17.950649752386447
right_elbow,11,13,9,9,16,8,6,6,20,33,0.0,179.99999743867906,17.999999743867907
left_hip,4,2,7,12,23,58,12,6,3,4,0.0,180.0,18.0
right_hip,2,4,7,3,21,43,30,13,4,4,6.3206202071283055,180.0,17.36793797928717
left_knee,5,1,1,0,3,10,5,34,28,44,0.0,179.48367640999592,17.948367640999592
right_knee,1,1,4,1,4,8,13,25,27,47,0.0,179.75504660190984,17.975504660190985
