Joints,0,1,2,3,4,5,6,7,8,9,Min,Max,Step
left_shoulder,28,19,26,21,14,7,7,7,1,1,0.0,134.89530493127262,13.489530493127262
right_shoulder,36,31,24,15,10,10,3,0,0,2,0.36940234983365605,168.4227752224332,16.805337287259952
left_elbow,10,8,8,14,14,13,17,11,11,25,0.0,179.63474341140278,17.963474341140277
right_elbow,4,14,10,17,12,11,11,6,14,32,0.36229688780363656,179.76305992132117,17.940076303351752
left_hip,7,4,7,8,16,47,25,7,7,3,0.0,180.0,18.0
right_hip,7,4,13,8,16,24,30,17,5,7,0.0,171.7899708783466,17.17899708783466
left_knee,3,0,10,1,4,8,11,16,32,46,0.0,179.5383625844876,17.95383625844876
right_knee,7,0,3,1,10,10,13,11,39,37,0.0,179.95371336759698,17.995371336759696
