Joints,0,1,2,3,4,5,6,7,8,9,Min,Max,Step
left_shoulder,84,19,10,10,3,0,0,2,1,1,0.0,113.48010485648571,11.34801048564857
right_shoulder,79,17,17,6,5,2,1,1,1,1,0.0,114.01803321274632,11.401803321274631
left_elbow,56,22,14,17,8,5,3,2,2,1,0.0,87.88989880834566,8.788989880834567
right_elbow,47,30,17,19,11,2,3,0,0,1,0.0,106.125680846092,10.6125680846092
left_hip,84,29,4,2,1,3,4,1,1,1,0.0,122.17236326354269,12.21723632635427
right_hip,71,25,19,2,1,2,1,4,3,2,0.0,81.72151233873447,8.172151233873446
left_knee,69,24,14,10,6,2,0,2,1,2,0.0,94.38045226709112,9.43804522670911
right_knee,67,15,8,12,14,2,8,1,2,1,0.0,74.9045124271082,7.4904512427108205
