Joints,0,1,2,3,4,5,6,7,8,9,Min,Max,Step
left_shoulder,85,19,16,4,2,0,0,0,2,2,0.0,130.50773530322152,13.050773530322152
right_shoulder,75,25,15,7,2,0,2,0,0,4,0.0,121.52747027118562,12.152747027118561
left_elbow,65,29,18,6,7,1,0,2,0,2,0.0,125.30745860185243,12.530745860185244
right_elbow,59,25,10,14,12,2,3,0,4,1,0.0,118.95945442350953,11.895945442350953
left_hip,91,21,10,3,1,1,1,0,0,2,0.0,126.2419999078202,12.62419999078202
right_hip,90,16,11,6,1,1,3,0,0,2,0.0,116.47371042503424,11.647371042503424
left_knee,66,15,28,13,0,5,1,0,0,2,0.0,121.56315651597738,12.156315651597739
right_knee,82,10,19,9,2,5,1,0,1,1,0.0,133.4164015924189,13.34164015924189
