Joints,0,1,2,3,4,5,6,7,8,9,Min,Max,Step
left_shoulder,1,0,2,3,49,229,11,4,0,1,-84.03220682309754,72.44143654611335,15.647364336921086
right_shoulder,1,0,2,9,72,200,11,1,3,1,-51.39447757477715,47.54441107363884,9.8938888648416
left_elbow,4,9,12,9,121,110,10,14,9,2,-155.72850119155189,157.11978723077024,31.284828842232216
right_elbow,3,2,2,2,69,212,2,2,2,4,-130.8540802045139,125.87274274550764,25.672682295002147
left_hip,2,4,18,22,37,165,16,30,4,2,-180.0,171.3432540521191,35.13432540521191
right_hip,7,29,8,19,58,112,20,12,29,6,-180.0,180.0,36.0
left_knee,8,22,15,16,133,46,12,22,20,6,-150.74923039842372,154.24825208265182,30.49974824810755
right_knee,12,3,34,19,66,97,24,31,5,9,-180.0,180.0,36.0
