Joints,0,1,2,3,4,5,6,7,8,9,Min,Max,Step
left_shoulder,1,1,4,8,65,181,32,6,1,1,-51.15016491915736,44.4191391443109,9.556930406346822
right_shoulder,1,5,5,52,196,30,6,3,0,2,-28.66516612788281,36.225620037616274,6.489078616549907
left_elbow,2,11,13,4,96,143,4,14,9,4,-154.05282715830757,151.40667882344172,30.545950598174926
right_elbow,4,0,1,4,281,5,1,0,2,2,-130.9379423541408,155.94357014101294,28.68815124951537
left_hip,2,4,17,25,32,163,19,26,8,4,-180.0,162.17346181046815,34.21734618104682
right_hip,5,36,5,15,53,124,15,8,35,4,-180.0,180.0,36.0
left_knee,6,27,11,17,141,38,19,27,10,4,-154.30262459421547,167.83471244457868,32.21373370387941
right_knee,9,3,39,17,67,100,18,38,2,7,-180.0,180.0,36.0
