Joints,0,1,2,3,4,5,6,7,8,9,Min,Max,Step
left_shoulder,19,105,133,29,9,3,0,0,0,2,0.0,109.18776530502414,10.918776530502415
right_shoulder,56,213,20,5,4,0,0,1,0,1,2.2816873133509508,122.58442703334974,12.030273971999879
left_elbow,42,9,4,2,24,162,39,15,2,1,0.0,169.56814092603864,16.956814092603864
right_elbow,12,101,174,4,0,3,1,1,1,3,1.260608242260117,162.3272693300035,16.10666610877434
left_hip,3,1,5,4,15,37,18,4,25,188,0.0,180.0,18.0
right_hip,17,5,77,74,11,7,8,1,2,98,0.0,180.0,18.0
left_knee,42,20,23,34,17,18,10,31,96,9,0.0,180.0,18.0
right_knee,100,21,13,15,35,60,28,3,2,23,0.0,180.0,18.0
