Joints,0,1,2,3,4,5,6,7,8,9,Min,Max,Step
left_shoulder,10,10,33,57,97,49,22,11,8,3,0.0,53.410868637795716,5.341086863779571
right_shoulder,6,83,150,36,13,4,3,3,1,1,4.903364813151081,60.24414291254126,5.534077809939018
left_elbow,47,6,3,2,97,104,34,4,0,3,0.0,180.0,18.0
right_elbow,15,137,141,2,0,0,1,0,3,1,1.2608846895974344,177.27757219758843,17.6016687507991
left_hip,3,0,2,3,13,36,18,5,30,190,0.0,180.0,18.0
right_hip,15,5,66,77,8,4,8,3,2,112,0.0,180.0,18.0
left_knee,42,21,23,34,16,19,5,25,104,11,0.0,180.0,18.0
right_knee,116,16,13,13,31,61,24,1,3,22,0.0,180.0,18.0
