Joints,0,1,2,3,4,5,6,7,8,9,Min,Max,Step
left_shoulder,36,196,56,10,0,0,0,1,0,1,0.0,143.71825939003153,14.371825939003154
right_shoulder,110,174,8,4,1,0,1,1,0,1,2.885449753491247,142.18728304149153,13.930183328800027
left_elbow,44,7,4,2,96,104,31,8,2,2,0.0,179.1623125187873,17.91623125187873
right_elbow,14,117,162,4,0,0,1,1,0,1,1.9532686379553543,167.1955518598509,16.524228322189554
left_hip,3,2,2,2,12,38,18,6,24,193,0.0,180.0,18.0
right_hip,22,5,70,81,11,3,7,2,1,98,0.0,180.0,18.0
left_knee,39,20,26,33,19,19,6,28,96,14,0.0,180.0,18.0
right_knee,102,23,13,14,33,61,24,1,3,26,0.0,180.0,18.0
