Joints,0,1,2,3,4,5,6,7,8,9,Min,Max,Step
left_shoulder,17,77,155,34,13,3,0,0,0,1,0.0,102.5909242738416,10.259092427384159
right_shoulder,4,19,143,96,21,6,6,2,2,1,0.8716831835764458,59.008454027176846,5.81367708436004
left_elbow,43,8,5,2,32,160,32,14,2,2,0.0,171.3361739456581,17.13361739456581
right_elbow,22,174,96,3,1,0,0,0,2,2,5.194943292697734,177.8695561851244,17.267461289242668
left_hip,4,2,3,4,10,37,12,2,26,200,0.0,180.0,18.0
right_hip,20,4,75,75,7,3,8,4,3,101,0.0,180.0,18.0
left_knee,41,16,19,34,20,17,8,21,109,15,0.0,178.07496309035446,17.807496309035447
right_knee,104,18,11,18,30,61,30,1,3,24,0.0,180.0,18.0
