Joints,0,1,2,3,4,5,6,7,8,9,Min,Max,Step
left_shoulder,9,7,39,69,90,49,19,8,7,3,0.0,54.93151142351029,5.493151142351029
right_shoulder,15,108,125,31,12,1,3,4,0,1,6.268615706428489,60.77321705156567,5.450460134513718
left_elbow,44,9,4,1,54,143,31,12,1,1,0.0,174.1584369337349,17.41584369337349
right_elbow,13,144,140,0,1,0,0,1,0,1,1.261641331411385,177.9958915942987,17.673425026288733
left_hip,2,2,2,1,12,33,16,3,33,196,0.0,180.0,18.0
right_hip,22,3,73,77,9,5,6,3,1,101,0.0,180.0,18.0
left_knee,43,14,21,36,19,15,9,20,109,14,0.0,178.72538010692008,17.872538010692008
right_knee,103,20,10,14,36,66,24,1,1,25,0.0,180.0,18.0
