Joints,0,1,2,3,4,5,6,7,8,9,Min,Max,Step
left_shoulder,279,0,0,0,0,0,0,5,5,10,0.10662268048349773,204.71191684956187,20.46052941690784
right_shoulder,279,0,0,0,0,0,0,2,8,10,0.04229857703114712,143.25115437813338,14.320885580110224
left_elbow,273,5,0,1,0,0,2,4,9,5,0.2747258031095035,254.94920938886628,25.467448358575677
right_elbow,276,3,0,0,0,0,0,3,6,11,0.08821658546231463,166.71421682599782,16.662600024053553
left_hip,279,0,0,0,0,0,0,2,8,10,0.07654808897757961,228.67198005238498,22.85954319634074
right_hip,276,3,0,0,0,0,0,2,11,7,0.02759221979793129,196.2626272915566,19.62350350717587
left_knee,164,49,47,10,6,8,0,5,7,3,0.4417096285950145,277.23142759384945,27.678971796525445
right_knee,142,29,34,38,14,13,18,3,6,2,0.23294385742686724,257.25118491762845,25.70182410602016
