Joints,0,1,2,3,4,5,6,7,8,9,Min,Max,Step
left_shoulder,279,0,0,0,0,0,0,6,8,6,0.16563538032967806,203.33863117974832,20.317299579941864
right_shoulder,278,1,0,0,0,0,0,0,7,13,0.05944981661049219,143.7975727074144,14.37381228908039
left_elbow,274,2,0,1,1,1,0,5,8,7,0.04005071714625488,243.8920581041935,24.385200738704725
right_elbow,273,5,0,1,0,0,0,3,4,13,0.20742638292550608,163.6006406127751,16.33932142298496
left_hip,278,1,0,0,0,0,0,5,10,5,0.11087656148158533,236.3829932438117,23.627211668233013
right_hip,273,6,0,0,0,0,0,6,11,3,0.08538739011121813,209.47599089059358,20.939060350048237
left_knee,158,45,51,17,6,1,4,7,8,2,0.2756159592692509,276.7333627416641,27.645774678239484
right_knee,132,25,24,43,25,13,10,13,5,9,0.3987330122120775,229.07772066373118,22.86789876515191
