Joints,0,1,2,3,4,5,6,7,8,9,Min,Max,Step
left_shoulder,283,0,0,0,0,0,1,6,1,8,0.04419029614397873,203.37997141116742,20.333578111502344
right_shoulder,283,0,0,0,0,0,4,0,6,6,0.04819243586253474,153.00907092707294,15.29608784912104
left_elbow,277,5,0,1,0,2,3,3,5,3,0.4258967604368398,256.9814718523188,25.655557509188196
right_elbow,278,4,0,1,0,0,4,1,5,6,0.07579737232458336,172.10819614559082,17.203239877326624
left_hip,283,0,0,0,0,0,0,6,4,6,0.09769595411937253,242.7360222432929,24.263832628917353
right_hip,281,2,0,0,0,0,1,3,6,6,0.1446726596958078,213.9847768855347,21.38401042258389
left_knee,164,49,47,17,5,4,2,5,4,2,0.2168884620865075,285.9747545820619,28.57578661199754
right_knee,134,28,24,46,24,15,10,9,2,7,0.17006419787598548,234.65408560380882,23.448402140593284
