Joints,0,1,2,3,4,5,6,7,8,9,Min,Max,Step
left_shoulder,273,0,0,0,0,0,0,4,15,7,0.02038932814438553,204.7673125772433,20.474692324909892
right_shoulder,273,0,0,0,0,2,1,5,4,14,0.11183317133726664,146.4717312348681,14.635989806353084
left_elbow,268,3,0,2,0,1,0,4,11,10,0.4089122190511712,243.84795649150203,24.343904427245086
right_elbow,269,4,0,0,2,1,4,2,7,10,0.12464209537307112,170.8788633403921,17.075422124501902
left_hip,273,0,0,0,0,0,0,3,16,7,0.16001513489301825,228.4893170834063,22.832930194851325
right_hip,271,2,0,0,0,2,0,3,8,13,0.2124082175352479,189.56703723240454,18.93546290148693
left_knee,149,42,59,15,6,4,7,2,8,7,0.06071528731449595,245.8063947825848,24.57456794952703
right_knee,138,29,29,44,18,13,14,5,3,6,0.2702701786639819,243.50522583096,24.3234955652296
