Joints,0,1,2,3,4,5,6,7,8,9,Min,Max,Step
left_shoulder,82,81,65,35,18,10,4,2,1,1,0.4509082995503383,20.347410629030236,1.9896502329479895
right_shoulder,128,117,39,7,5,0,0,2,0,1,0.07697039745581515,10.522623912764498,1.0445653515308684
left_elbow,225,47,17,8,1,0,0,0,0,1,0.4258001710467316,78.71272930638955,7.828692913534281
right_elbow,112,101,58,12,7,4,1,3,0,1,0.07979698118328729,22.880242262573248,2.2800445281389963
left_hip,63,95,65,40,18,8,3,3,1,3,0.18087193734329196,16.83284693583844,1.665197499849515
right_hip,91,116,46,23,15,1,1,3,2,1,0.12946443761153215,22.9705374443144,2.2841073006702866
left_knee,129,55,20,38,33,10,4,4,2,4,0.546329413682437,167.8419562916997,16.729562687801725
right_knee,143,24,34,45,23,11,3,2,5,9,0.4568442031700528,238.32132820851737,23.78644840053473
