Joints,0,1,2,3,4,5,6,7,8,9,Min,Max,Step
left_shoulder,293,0,0,0,0,0,0,2,2,2,0.19308869363961986,205.68799111709282,20.54949024234532
right_shoulder,293,0,0,0,0,0,0,2,0,4,0.13681671515572175,132.61615832393431,13.247934160877858
left_elbow,285,5,0,2,1,0,0,0,2,4,0.2742500765477841,218.2878562988488,21.8013606222301
right_elbow,289,4,0,0,0,0,0,2,2,2,0.11580275427420565,166.9314373967179,16.68156346424437
left_hip,293,0,0,0,0,0,0,0,4,2,0.10561846112221876,224.9581303401127,22.485251187899046
right_hip,285,8,0,0,0,0,0,0,2,4,0.11266225717621925,179.9054642838344,17.979280202665816
left_knee,174,52,52,10,3,1,1,3,1,2,0.21040145714844294,273.01968134074195,27.28092798835935
right_knee,139,23,31,48,19,14,11,4,2,8,0.10886558003576807,234.585762017332,23.447689643729625
