Joints,0,1,2,3,4,5,6,7,8,9,Min,Max,Step
left_shoulder,282,1,0,0,0,0,0,1,7,8,0.2862497097434525,204.8571481253981,20.457089841565466
right_shoulder,282,1,0,0,0,0,2,3,4,7,0.08285744033576599,146.20898821177786,14.612613077144209
left_elbow,275,5,0,1,0,1,1,2,9,5,0.4341018262454045,253.71875673762506,25.328465491137965
right_elbow,279,4,0,0,0,1,1,4,4,6,0.25281920883076553,173.16857468135302,17.291575547252226
left_hip,283,0,0,0,0,0,0,0,4,12,0.310736307886366,227.6432277367717,22.733249142888532
right_hip,279,4,0,0,0,0,0,0,10,6,0.15298852814710825,198.21534964149183,19.80623611133447
left_knee,157,40,54,22,6,1,2,4,4,9,0.045090692448372265,237.0203069366645,23.69752162442161
right_knee,145,22,27,44,22,9,17,4,2,7,0.5274651584122294,235.26636258079742,23.47388974223852
