Joints,0,1,2,3,4,5,6,7,8,9,Min,Max,Step
left_shoulder,274,1,0,0,0,0,0,4,8,12,0.03534786668711242,208.41431618901544,20.837896832232833
right_shoulder,274,0,1,0,0,0,4,7,8,5,0.01819764296719897,157.44686324145326,15.742866559848604
left_elbow,270,4,0,1,0,0,0,4,10,10,0.13933457603570132,254.89880725901043,25.47594726829747
right_elbow,272,3,0,0,0,0,3,3,9,9,0.2535192108460926,172.72934633920818,17.24758271283621
left_hip,275,0,0,0,0,0,0,2,2,20,0.2028982519964353,220.04355510754704,21.98406568555506
right_hip,272,3,0,0,0,2,0,10,7,5,0.10145944286324134,216.3627158474525,21.626125640458927
left_knee,165,38,51,13,7,2,4,5,10,4,0.08637495351259124,264.11431057360016,26.40279356200876
right_knee,134,25,24,47,25,11,16,7,3,7,0.42866283100135655,234.69185314812958,23.426319031712822
