Joints,0,1,2,3,4,5,6,7,8,9,Min,Max,Step
left_shoulder,285,0,0,0,0,0,0,3,7,4,0.3919901528113207,205.37512218057262,20.498313202776128
right_shoulder,285,0,0,0,0,2,0,2,6,4,0.08315441565020731,152.7193467233181,15.263619230766789
left_elbow,280,4,0,1,0,0,1,4,6,3,0.18373262258856635,248.97634354687492,24.879261092428635
right_elbow,283,2,0,0,2,0,2,0,6,4,0.24982862225984875,184.02604184262958,18.377621322036973
left_hip,285,0,0,0,0,0,0,4,5,5,0.1718197240592605,224.8000337688919,22.462821404483265
right_hip,282,3,0,0,0,2,0,0,2,10,0.2060893130532031,184.67126876309686,18.446517945004366
left_knee,157,50,53,17,6,2,2,4,3,5,0.08321765293747613,275.17351133176254,27.509029367882505
right_knee,146,23,28,45,23,10,6,9,3,6,0.30959623511050416,235.5828936171448,23.52732973820343
