Joints,0,1,2,3,4,5,6,7,8,9,Min,Max,Step
left_shoulder,1,0,0,0,0,0,0,0,0,100,-128.31371033604864,0.0,12.831371033604867
right_shoulder,1,0,0,0,0,0,0,0,0,100,-36.164126614352064,0.0,3.6164126614352057
left_elbow,100,0,0,0,0,0,0,0,0,1,0.0,48.0610237845001,4.80610237845001
right_elbow,100,0,0,0,0,0,0,0,0,1,0.0,140.7427716272527,14.07427716272527
left_hip,1,0,0,0,0,0,0,0,0,100,-11.406599642225089,0.0,1.1406599642225093
right_hip,1,0,0,0,0,0,0,0,0,100,-31.342447838916,0.0,3.1342447838915994
left_knee,1,0,0,0,0,0,0,0,0,100,-4.4942665188645385,0.0,0.44942665188645403
right_knee,1,0,0,0,0,0,0,0,0,100,-43.1897346108008,0.0,4.318973461080077
