Joints,0,1,2,3,4,5,6,7,8,9,Min,Max,Step
left_shoulder,22,42,24,9,1,0,1,0,1,1,0.0,142.27537672857568,14.227537672857569
right_shoulder,21,25,20,16,8,3,3,3,0,2,0.0,115.95259175613064,11.595259175613064
left_elbow,7,5,9,10,9,8,8,10,16,19,0.10925311668925106,179.69725877317933,17.958800565649007
right_elbow,9,8,10,4,7,12,11,11,9,20,0.2769723332315033,178.39509093342443,17.811811860019294
left_hip,13,8,3,5,11,31,14,4,3,9,0.0,180.0,18.0
right_hip,7,9,5,10,9,15,13,9,13,11,0.0,180.0,18.0
left_knee,13,12,6,9,8,6,5,4,11,27,0.0,180.0,18.0
right_knee,19,6,8,7,7,6,5,8,13,22,0.0,180.0,18.0
