Joints,0,1,2,3,4,5,6,7,8,9,Min,Max,Step
left_shoulder,14,1,0,0,0,0,0,0,0,86,0.0,153.83561576969387,15.383561576969388
right_shoulder,14,1,0,0,0,0,0,0,0,86,0.0,40.810231208148046,4.0810231208148045
left_elbow,14,0,0,0,0,0,0,86,0,1,0.0,166.3265499797927,16.63265499797927
right_elbow,14,86,0,0,0,0,0,0,0,1,0.0,163.77127275502338,16.37712727550234
left_hip,14,0,0,0,0,0,0,1,0,86,0.0,56.41151222003968,5.641151222003968
right_hip,14,0,0,0,0,0,0,1,0,86,0.0,121.81604569539984,12.181604569539983
left_knee,14,0,0,0,0,0,0,0,1,86,0.0,23.517036168770648,2.3517036168770646
right_knee,14,0,0,0,1,0,0,0,0,86,0.0,74.73556088073876,7.473556088073876
