Joints,0,1,2,3,4,5,6,7,8,9,Min,Max,Step
left_shoulder,59,26,9,3,0,0,2,1,0,1,0.0,180.0,18.0
right_shoulder,55,21,6,7,1,4,2,2,2,1,0.0,178.67809383113897,17.867809383113897
left_elbow,10,7,7,7,4,4,4,10,19,29,2.7358474461328344,180.0,17.72641525538672
right_elbow,8,7,3,5,6,7,16,13,14,22,0.1239516781528995,179.0420123702993,17.89180606921464
left_hip,5,1,4,2,18,40,18,6,3,4,0.0,180.0,18.0
right_hip,6,2,5,6,12,31,12,15,8,4,0.0,180.0,18.0
left_knee,13,8,4,3,6,14,6,5,7,35,0.0,179.64489250051068,17.964489250051066
right_knee,16,3,8,8,6,7,6,12,7,28,0.0,179.6579841138637,17.96579841138637
