Joints,0,1,2,3,4,5,6,7,8,9,Min,Max,Step
left_shoulder,33,25,16,9,5,3,2,4,1,3,0.0,120.5060193671678,12.05060193671678
right_shoulder,37,25,19,7,3,1,3,2,2,2,0.0,159.14209977238082,15.914209977238082
left_elbow,11,10,7,5,9,7,8,9,15,20,0.0,180.0,18.0
right_elbow,10,11,1,5,7,11,11,12,20,13,0.0,178.22550036587145,17.822550036587145
left_hip,6,5,4,3,20,32,12,9,6,4,0.0,180.0,18.0
right_hip,6,4,7,10,13,23,13,4,12,9,0.0,180.0,18.0
left_knee,14,5,8,8,11,8,4,2,14,27,0.0,179.59251934807202,17.959251934807202
right_knee,15,7,9,8,9,7,5,4,11,26,0.0,180.0,18.0
