Joints,0,1,2,3,4,5,6,7,8,9,Min,Max,Step
left_shoulder,49,24,11,4,3,1,0,2,1,6,0.0,180.0,18.0
right_shoulder,48,16,9,11,3,3,1,3,2,5,0.0,168.7053479011948,16.870534790119482
left_elbow,10,5,9,5,5,6,7,9,22,23,0.0,180.0,18.0
right_elbow,15,8,7,5,7,7,11,6,17,18,0.0,180.0,18.0
left_hip,1,3,4,4,21,40,14,6,2,6,0.0,180.0,18.0
right_hip,2,4,2,12,17,25,20,10,6,3,0.0,176.06260802663584,17.606260802663584
left_knee,17,8,4,4,6,6,6,7,9,34,0.0,179.52598298960868,17.95259829896087
right_knee,15,7,2,7,10,7,8,9,6,30,0.0,179.11699014555703,17.9116990145557
