Joints,0,1,2,3,4,5,6,7,8,9,Min,Max,Step
left_shoulder,98,0,0,0,0,0,0,0,1,1,0.0,216.84410664141282,21.684410664141282
right_shoulder,98,0,0,1,0,0,0,0,0,1,0.0,209.9013169848632,20.99013169848632
left_elbow,98,0,0,0,0,0,0,1,0,1,0.0,248.3139309034797,24.83139309034797
right_elbow,98,0,0,1,0,0,0,0,0,1,0.0,240.12781585741183,24.012781585741184
left_hip,98,0,0,0,0,1,0,0,0,1,0.0,264.38453967685507,26.438453967685508
right_hip,98,0,1,0,0,0,0,0,0,1,0.0,260.83724204988533,26.083724204988535
left_knee,98,0,0,0,1,0,0,0,0,1,0.0,286.34873484024985,28.634873484024986
right_knee,98,0,1,0,0,0,0,0,0,1,0.0,299.7314344284095,29.97314344284095
