Joints,0,1,2,3,4,5,6,7,8,9,Min,Max,Step
left_shoulder,20,23,28,13,2,5,2,0,0,1,0.0,155.3528306664416,15.53528306664416
right_shoulder,22,28,20,13,3,3,2,0,2,1,0.0,154.47586791699743,15.447586791699743
left_elbow,3,5,10,12,8,11,13,13,6,13,0.0,177.68919970029597,17.768919970029597
right_elbow,5,4,3,17,14,10,13,7,10,11,0.0,177.41657675413975,17.741657675413975
left_hip,5,0,6,6,23,27,7,9,2,9,0.0,180.0,18.0
right_hip,4,5,0,9,26,18,6,7,8,11,0.0,180.0,18.0
left_knee,3,6,6,10,5,10,2,6,16,30,0.0,180.0,18.0
right_knee,6,5,2,8,6,3,12,4,25,23,0.0,180.0,18.0
