Joints,0,1,2,3,4,5,6,7,8,9,Min,Max,Step
left_shoulder,21,22,19,16,6,4,1,2,0,3,0.4122943526945139,158.02711913958225,15.761482478688771
right_shoulder,16,31,18,5,8,4,4,4,2,2,0.8102016131573448,177.32177718043386,17.65115755672765
left_elbow,8,8,8,5,9,12,8,12,12,12,3.606728994518652,179.47119982797523,17.586447083345657
right_elbow,6,10,13,8,14,9,8,8,12,6,0.3839426321724429,178.12223618923198,17.773829355705953
left_hip,6,7,6,8,13,21,16,6,7,4,0.0,173.87061463966893,17.387061463966894
right_hip,2,5,3,10,14,24,14,5,8,9,0.0,180.0,18.0
left_knee,6,3,10,6,6,8,11,4,12,28,0.9948879598551712,180.0,17.900511204014485
right_knee,4,4,4,7,7,9,11,11,17,20,0.0,180.0,18.0
