Joints,0,1,2,3,4,5,6,7,8,9,Min,Max,Step
left_shoulder,23,16,31,8,6,3,2,1,2,2,0.23781583941954165,176.83696796303718,17.659915212361764
right_shoulder,18,18,15,11,11,3,4,7,5,2,1.1436416444096404,164.37367209210015,16.323003044769052
left_elbow,9,5,8,5,10,14,13,7,11,12,2.0293967898222078e-05,180.0,17.99999797060321
right_elbow,1,6,10,16,22,12,11,11,1,4,11.108101629288775,174.68722864039418,16.357912701110543
left_hip,3,0,7,15,24,8,11,12,6,8,12.97419288319792,171.30282271546287,15.832862983226493
right_hip,4,1,10,14,15,28,11,2,3,6,17.367687524046367,174.0983974773239,15.673070995327755
left_knee,1,1,8,2,9,7,5,3,14,44,0.0,180.0,18.0
right_knee,2,1,4,5,1,10,16,9,20,26,11.709988092164526,179.7758483891516,16.806586029698707
