Joints,0,1,2,3,4,5,6,7,8,9,Min,Max,Step
left_shoulder,15,25,21,18,7,3,2,1,0,2,0.0,172.6411479783223,17.264114797832228
right_shoulder,20,21,19,14,6,2,3,6,0,3,0.23437127208871825,170.6918888769874,17.04575176048987
left_elbow,6,11,13,8,8,10,9,9,8,12,3.5300800922558957,175.44998972789506,17.191990963563917
right_elbow,6,5,8,13,11,15,14,5,8,9,2.158345316457368,180.0,17.784165468354264
left_hip,6,2,6,15,15,9,12,11,10,8,5.443792501820524,178.5626585751973,17.311886607337676
right_hip,8,6,5,11,19,16,12,8,5,4,0.0,177.70851422844146,17.770851422844146
left_knee,3,3,7,6,7,5,6,5,19,33,4.843887777295435,179.99995574354958,17.515606796625413
right_knee,3,0,7,4,7,6,11,15,15,26,0.0,179.5333028422219,17.95333028422219
