Joints,0,1,2,3,4,5,6,7,8,9,Min,Max,Step
left_shoulder,28,20,20,5,10,5,2,1,0,3,0.0,170.3789377684138,17.03789377684138
right_shoulder,18,16,21,11,10,8,3,0,3,4,0.0,142.97920859506806,14.297920859506807
left_elbow,8,6,18,6,7,11,7,11,8,12,0.0,179.99995403873902,17.999995403873903
right_elbow,5,4,3,13,17,22,7,11,4,8,0.0,177.34685777112801,17.7346857771128
left_hip,14,1,2,8,19,17,12,6,4,11,0.0,170.63277953871773,17.063277953871772
right_hip,3,1,5,7,15,24,10,12,6,11,0.0,180.0,18.0
left_knee,10,5,7,7,5,6,7,7,12,28,0.0,180.0,18.0
right_knee,5,8,2,3,10,2,12,10,12,30,0.0,179.88855064862312,17.988855064862314
