Joints,0,1,2,3,4,5,6,7,8,9,Min,Max,Step
left_shoulder,34,25,15,7,7,4,0,1,0,1,5.571613639565629,177.66187162811656,17.20902579885509
right_shoulder,20,25,21,13,4,3,2,2,1,3,1.245616314791051,136.3364185606568,13.509080224586576
left_elbow,9,4,9,13,14,4,4,17,9,11,2.9819120178450027,179.51321876964138,17.65313067517964
right_elbow,3,4,10,10,9,16,14,12,9,7,6.1661101764312605,177.7038396784255,17.153772950199425
left_hip,3,4,1,6,30,10,14,11,5,10,1.4076060045449956,178.9516977739116,17.75440917693666
right_hip,4,2,10,9,15,26,10,5,5,8,7.114107136503138,180.0,17.288589286349684
left_knee,8,2,5,5,4,9,11,6,13,31,0.0,179.6672507380811,17.96672507380811
right_knee,5,1,2,10,7,5,9,6,17,32,0.0,180.0,18.0
