Joints,0,1,2,3,4,5,6,7,8,9,Min,Max,Step
left_shoulder,1,1,2,3,13,78,7,3,0,2,-155.44570176656168,136.14908395188348,29.159478571844517
right_shoulder,1,1,2,6,25,66,5,1,2,1,-87.30974289919651,84.56784147463675,17.187758437383323
left_elbow,3,3,5,7,11,59,12,6,0,4,-173.6391102124188,159.54613092953008,33.31852411419487
right_elbow,1,1,3,12,53,32,4,2,0,2,-104.6832384322667,111.4394067984194,21.612264523068603
left_hip,6,2,10,7,46,15,7,9,3,5,-178.88434905357562,180.0,35.88843490535757
right_hip,2,5,1,7,12,61,11,4,2,5,-180.0,161.1426197554115,34.114261975541154
left_knee,4,4,3,5,11,69,4,2,3,5,-180.0,170.37863696719262,35.037863696719256
right_knee,2,7,6,8,17,48,6,5,8,3,-180.0,180.0,36.0
