Joints,0,1,2,3,4,5,6,7,8,9,Min,Max,Step
left_shoulder,1,1,2,2,14,78,7,2,1,2,-155.4496273869118,136.12866197829385,29.15782893652056
right_shoulder,1,3,1,6,22,67,6,1,2,1,-87.30198857068967,84.55684416581407,17.185883273650376
left_elbow,3,4,5,5,10,58,15,6,0,4,-173.46651645799733,159.56420728843543,33.30307237464328
right_elbow,1,1,1,0,13,63,26,2,1,2,-153.3053044199431,116.62198916079231,26.992729358073547
left_hip,7,4,9,7,42,15,7,10,4,5,-178.8843127143744,180.0,35.88843127143744
right_hip,3,4,2,6,16,58,9,4,3,5,-180.0,164.2117383374879,34.42117383374878
left_knee,4,3,3,4,15,68,4,2,2,5,-180.0,171.87455175296216,35.18745517529621
right_knee,2,7,4,6,15,54,6,4,9,3,-180.0,180.0,36.0
