Joints,0,1,2,3,4,5,6,7,8,9,Min,Max,Step
left_shoulder,1,1,2,3,13,79,6,2,1,2,-153.89456330708438,134.5986426897202,28.849320599680453
right_shoulder,1,1,3,4,26,65,7,1,1,1,-87.3011971344029,84.55828333185816,17.18594804662611
left_elbow,3,3,5,6,12,57,14,6,0,4,-175.99666746992457,159.6282974566774,33.56249649266019
right_elbow,1,1,3,13,53,31,4,1,1,2,-104.68244450091512,111.41822311509972,21.610066761601487
left_hip,6,2,10,6,47,14,8,9,3,5,-178.86190968922406,180.0,35.88619096892242
right_hip,2,4,2,8,12,60,9,5,3,5,-180.0,161.16260385888805,34.11626038588881
left_knee,4,2,5,6,13,67,2,3,2,6,-180.0,175.2562978035352,35.52562978035351
right_knee,2,6,7,9,20,42,8,4,8,4,-180.0,180.0,36.0
