Joints,0,1,2,3,4,5,6,7,8,9,Min,Max,Step
left_shoulder,1,1,2,3,13,79,6,3,0,2,-155.44689174593202,136.17653476687673,29.16234265128088
right_shoulder,1,1,2,6,26,64,7,1,1,1,-87.31281535836231,84.56788240583079,17.18806977641931
left_elbow,3,3,3,7,12,57,15,6,0,4,-178.38037477494098,159.55557688474101,33.793595165968185
right_elbow,1,1,3,14,54,29,4,2,0,2,-103.83859747858335,111.44123596650208,21.52798334450854
left_hip,6,3,10,8,46,14,6,8,3,6,-178.884338065951,180.0,35.88843380659512
right_hip,2,4,2,7,12,61,10,4,3,5,-180.0,161.13839301603633,34.11383930160363
left_knee,4,3,4,5,14,66,3,3,3,5,-180.0,174.19628467900574,35.419628467900566
right_knee,2,6,7,8,19,44,7,5,9,3,-180.0,180.0,36.0
