Joints,0,1,2,3,4,5,6,7,8,9,Min,Max,Step
left_shoulder,1,1,1,4,12,80,6,2,1,2,-155.4427014038736,136.15849778786057,29.16011991917341
right_shoulder,1,1,2,7,24,64,7,2,1,1,-87.29592605450924,84.55399205826447,17.18499181127737
left_elbow,3,3,4,5,13,59,13,6,0,4,-174.70847176746776,159.56387010005338,33.427234186752116
right_elbow,3,2,3,17,62,16,2,2,0,3,-110.35504783408041,135.25168433834608,24.560673217242652
left_hip,5,4,9,6,22,40,7,9,3,5,-180.0,180.0,36.0
right_hip,2,4,1,7,12,60,11,5,2,6,-180.0,155.00288445710908,33.50028844571091
left_knee,4,3,2,5,12,71,3,3,3,4,-180.0,175.24815950429837,35.524815950429854
right_knee,2,6,8,8,22,41,6,5,10,2,-180.0,180.0,36.0
