Joints,0,1,2,3,4,5,6,7,8,9,Min,Max,Step
left_shoulder,1,1,1,3,13,81,5,2,1,2,-155.4404414684544,136.15969100365453,29.160013247210898
right_shoulder,1,1,2,6,30,60,5,2,2,1,-87.29101317925414,84.55267072337102,17.18436839026252
left_elbow,3,3,4,4,15,59,12,6,0,4,-175.065335297885,159.54549275110847,33.46108280489935
right_elbow,2,1,1,14,61,24,2,3,1,1,-127.22058803333144,141.80519114870555,26.902577918203704
left_hip,5,2,9,7,14,46,9,10,3,5,-178.88434471780133,171.4163103206809,35.03006550384822
right_hip,2,5,3,9,16,54,9,5,5,2,-180.0,180.0,36.0
left_knee,3,3,2,4,15,70,4,3,1,5,-179.1425425548278,174.220244201217,35.33627867560449
right_knee,2,5,4,7,23,49,6,4,7,3,-180.0,180.0,36.0
