Joints,0,1,2,3,4,5,6,7,8,9,Min,Max,Step
left_shoulder,40,48,7,4,0,6,3,0,1,1,0.0,169.2908315831871,16.92908315831871
right_shoulder,9,2,20,34,27,8,0,2,4,4,0.0,93.75504863161717,9.375504863161717
left_elbow,20,26,14,15,7,6,5,5,3,9,0.0,178.6650859340033,17.86650859340033
right_elbow,44,27,23,10,0,1,0,3,0,2,0.0,157.5914813842161,15.759148138421612
left_hip,27,7,2,3,17,17,4,3,9,21,0.0,180.0,18.0
right_hip,9,2,2,6,3,3,9,14,11,51,0.0,180.0,18.0
left_knee,58,19,8,4,2,1,4,7,1,6,0.0,180.0,18.0
right_knee,47,12,7,4,3,6,7,15,1,8,0.0,180.0,18.0
