Joints,0,1,2,3,4,5,6,7,8,9,Min,Max,Step
left_shoulder,40,45,10,4,0,6,3,0,1,1,0.0,169.28964185780734,16.928964185780735
right_shoulder,9,2,26,40,18,4,4,3,2,2,0.0,102.77987695070937,10.277987695070937
left_elbow,20,25,17,15,8,5,4,5,2,9,0.0,179.72074874871055,17.972074874871055
right_elbow,34,24,26,13,7,1,0,0,3,2,0.0,138.76055446546246,13.876055446546246
left_hip,26,8,2,3,17,17,4,6,6,21,0.0,180.0,18.0
right_hip,5,6,2,6,4,2,7,14,13,51,0.0,180.0,18.0
left_knee,56,20,6,4,2,4,4,7,1,6,0.0,180.0,18.0
right_knee,45,10,10,4,4,7,9,15,1,5,0.0,180.0,18.0
