Joints,0,1,2,3,4,5,6,7,8,9,Min,Max,Step
left_shoulder,39,46,9,4,1,1,8,0,1,1,0.0,167.74288197383106,16.774288197383108
right_shoulder,9,3,25,44,15,4,4,2,3,1,0.0,104.58709683967186,10.458709683967186
left_elbow,20,26,15,15,8,6,4,5,2,9,0.0,179.1640720000507,17.91640720000507
right_elbow,35,27,25,11,6,1,0,0,3,2,0.0,138.83807888359712,13.883807888359712
left_hip,27,7,2,3,17,16,5,4,7,22,0.0,180.0,18.0
right_hip,5,6,2,5,4,3,7,15,10,53,0.0,180.0,18.0
left_knee,59,17,6,4,3,4,3,7,2,5,0.0,180.0,18.0
right_knee,46,10,10,4,4,7,6,16,2,5,0.0,180.0,18.0
