Joints,0,1,2,3,4,5,6,7,8,9,Min,Max,Step
left_shoulder,42,44,9,4,0,6,3,0,1,1,0.0,169.28904709400592,16.92890470940059
right_shoulder,10,2,20,31,27,10,4,1,2,3,0.0,93.76554941680904,9.376554941680904
left_elbow,21,26,14,16,9,7,1,5,2,9,0.0,179.16710493565915,17.916710493565915
right_elbow,34,23,20,18,5,6,1,0,1,2,0.0,125.44290068993185,12.544290068993185
left_hip,27,6,2,3,17,16,7,4,6,22,0.0,180.0,18.0
right_hip,5,6,3,6,3,3,8,15,11,50,0.0,180.0,18.0
left_knee,59,17,7,5,3,2,4,6,1,6,0.0,180.0,18.0
right_knee,44,12,10,3,5,7,8,15,1,5,0.0,180.0,18.0
