Joints,0,1,2,3,4,5,6,7,8,9,Min,Max,Step
left_shoulder,63,22,7,5,1,2,3,2,1,3,0.0,67.35878747943553,6.735878747943554
right_shoulder,68,22,12,1,1,2,0,1,0,2,0.0,88.37419345899453,8.837419345899452
left_elbow,62,15,5,4,5,6,3,2,3,4,0.0,133.5488750783783,13.35488750783783
right_elbow,78,5,6,5,5,4,2,1,1,2,0.0,109.36773096643694,10.936773096643694
left_hip,69,21,3,1,6,0,3,1,1,4,0.0,107.09038047416979,10.709038047416978
right_hip,80,12,3,0,3,4,3,2,0,2,0.0,116.84317294229227,11.684317294229228
left_knee,47,5,5,4,10,8,7,7,12,4,0.0,121.00239159513363,12.100239159513363
right_knee,58,8,7,6,9,10,3,5,1,2,0.0,152.7111576581089,15.27111576581089
