Joints,0,1,2,3,4,5,6,7,8,9,Min,Max,Step
left_shoulder,63,20,8,6,1,2,3,2,1,3,0.0,67.82310061429503,6.782310061429503
right_shoulder,68,22,11,2,1,2,0,1,0,2,0.0,88.7187089155969,8.871870891559691
left_elbow,63,13,6,4,4,7,3,2,3,4,0.0,133.55097548669846,13.355097548669846
right_elbow,73,8,7,4,6,5,2,1,1,2,0.0,108.8988695839212,10.88988695839212
left_hip,69,19,3,3,3,1,4,0,2,5,0.0,113.29345170658848,11.329345170658849
right_hip,80,10,3,0,4,3,3,2,0,4,0.0,116.68957911541165,11.668957911541165
left_knee,51,8,14,11,16,7,0,1,0,1,0.0,213.2944023187741,21.32944023187741
right_knee,61,8,4,7,7,9,3,3,5,2,0.0,152.1851362116795,15.218513621167949
