Joints,0,1,2,3,4,5,6,7,8,9,Min,Max,Step
left_shoulder,63,20,8,6,1,2,3,2,1,3,0.0,67.40319236392769,6.740319236392769
right_shoulder,68,20,14,1,1,2,0,1,0,2,0.0,88.46488027702526,8.846488027702526
left_elbow,62,15,5,4,4,7,3,2,3,4,0.0,133.53887577848528,13.353887577848528
right_elbow,73,6,7,7,4,6,2,1,1,2,0.0,109.32551086492587,10.932551086492587
left_hip,69,19,3,3,4,0,4,0,2,5,0.0,112.92780248328131,11.292780248328132
right_hip,79,11,3,0,3,4,3,2,0,4,0.0,116.72010850438541,11.672010850438541
left_knee,51,8,17,10,14,7,0,1,0,1,0.0,212.49757130723512,21.249757130723513
right_knee,56,9,5,7,9,10,3,5,3,2,0.0,152.40171236437988,15.240171236437988
