Joints,0,1,2,3,4,5,6,7,8,9,Min,Max,Step
left_shoulder,63,22,7,5,1,2,3,2,1,3,0.0,67.86959489736171,6.786959489736171
right_shoulder,69,24,8,2,1,2,0,1,0,2,0.0,88.25160946470552,8.825160946470552
left_elbow,62,15,5,4,5,6,3,2,3,4,0.0,133.22648089532422,13.322648089532422
right_elbow,76,7,7,4,5,4,1,2,1,2,0.0,108.22995667059229,10.822995667059228
left_hip,69,21,3,2,5,0,3,1,1,4,0.0,107.09516736074309,10.70951673607431
right_hip,81,11,3,0,4,3,3,2,0,2,0.0,116.21967063984509,11.62196706398451
left_knee,48,3,7,5,13,5,9,7,8,4,0.0,125.83141668417541,12.583141668417541
right_knee,61,6,7,6,5,11,4,6,0,3,0.0,150.91252244581347,15.091252244581346
