Joints,0,1,2,3,4,5,6,7,8,9,Min,Max,Step
left_shoulder,96,8,3,0,0,0,0,0,1,1,0.0,301.20473945872936,30.120473945872938
right_shoulder,88,13,2,2,1,1,0,0,1,1,0.0,172.27079993324318,17.227079993324317
left_elbow,78,9,11,5,4,0,0,0,1,1,0.0,313.3425849280687,31.334258492806867
right_elbow,78,5,6,6,6,2,2,0,2,2,0.0,129.96003227109713,12.996003227109714
left_hip,89,8,5,2,3,0,0,0,0,2,0.0,259.8653157679209,25.98653157679209
right_hip,88,5,1,6,4,1,2,0,0,2,0.0,167.8322521380127,16.78322521380127
left_knee,55,18,18,14,1,0,1,0,0,2,0.0,326.3180363698404,32.63180363698404
right_knee,57,10,8,8,13,5,3,1,2,2,0.0,183.2273116108285,18.32273116108285
