Joints,0,1,2,3,4,5,6,7,8,9,Min,Max,Step
left_shoulder,62,23,7,5,1,2,3,2,1,3,0.0,67.35312669132963,6.735312669132964
right_shoulder,68,21,12,2,1,2,0,1,0,2,0.0,88.57230364256107,8.857230364256107
left_elbow,62,14,7,3,5,6,3,2,3,4,0.0,133.62147975408544,13.362147975408543
right_elbow,76,8,6,4,6,3,2,1,1,2,0.0,109.31326208807049,10.931326208807048
left_hip,68,22,3,1,5,0,4,1,1,4,0.0,107.12362667782652,10.712362667782653
right_hip,82,10,3,0,3,4,3,2,0,2,0.0,116.83173832108149,11.68317383210815
left_knee,47,5,4,6,9,8,7,7,12,4,0.0,121.36758305220059,12.13675830522006
right_knee,61,8,5,7,7,10,2,5,2,2,0.0,152.02034032089546,15.202034032089546
