Joints,0,1,2,3,4,5,6,7,8,9,Min,Max,Step
left_shoulder,4,0,0,4,28,21,4,1,0,4,-144.13803311646274,144.77085943390585,28.890889255036853
right_shoulder,1,1,0,1,11,48,2,0,1,1,-153.55875765012104,139.0407125405011,29.25994701906221
left_elbow,5,2,7,4,14,17,6,6,1,4,-148.80487694672183,153.60747744934156,30.241235439606342
right_elbow,2,1,6,5,16,19,10,3,2,2,-157.33650570277945,156.2918503178874,31.36283560206668
left_hip,3,2,1,1,25,18,7,4,4,1,-53.1029761057685,49.9418126048876,10.304478871065605
right_hip,1,1,1,5,21,30,4,1,1,1,-71.98922640518734,69.78656526092406,14.177579166611139
left_knee,1,1,2,8,13,21,10,7,1,2,-39.239924874512056,33.764421012971084,7.300434588748313
right_knee,1,0,1,2,31,25,5,0,0,1,-98.12464810571976,98.45829890826906,19.658294701398887
