Joints,0,1,2,3,4,5,6,7,8,9,Min,Max,Step
left_shoulder,1,2,6,8,11,15,10,9,1,3,-42.28425221330394,38.381341343909135,8.066559355721303
right_shoulder,1,6,4,12,15,14,6,3,1,4,-26.761784122138003,29.37837654286869,5.6140160665006675
left_elbow,6,8,9,9,17,7,2,1,5,2,-90.41156054602413,133.71875461363476,22.413031515965884
right_elbow,3,1,0,6,9,33,7,3,1,3,-155.74601699274132,141.1591534757421,29.690517046848342
left_hip,2,0,1,8,36,14,1,2,0,2,-72.59373285001296,80.07532880471004,15.2669061654723
right_hip,2,2,2,6,34,9,6,3,0,2,-59.81995913472181,65.00273080053104,12.482268993525281
left_knee,4,2,5,7,21,11,5,6,3,2,-36.388562576841395,37.41420939177462,7.380277196861602
right_knee,2,1,2,4,8,30,12,2,2,3,-56.31995698343151,45.82282459476138,10.214278157819287
