Joints,0,1,2,3,4,5,6,7,8,9,Min,Max,Step
left_shoulder,23,17,15,6,0,0,1,0,0,4,0.4058459051726761,156.2598549848293,15.585400907965663
right_shoulder,30,33,0,1,0,0,0,1,0,1,0.6741585024788204,160.7490737890558,16.0074915286577
left_elbow,4,4,3,0,4,4,6,7,14,20,6.8208600363180265,179.2408695512983,17.242000951498024
right_elbow,3,1,1,3,5,4,3,6,10,30,19.512851267679647,179.9999487166946,16.04870974490149
left_hip,1,3,1,6,15,17,17,4,1,1,43.52624009047224,128.87041191641262,8.53441718259404
right_hip,2,7,23,19,10,1,2,1,0,1,63.11390345861562,156.38413250237954,9.327022904376385
left_knee,2,0,1,0,2,8,11,12,12,18,123.34317956724938,179.83845739003638,5.649527782278696
right_knee,1,0,0,0,1,4,3,16,16,25,78.86982092169055,180.0,10.113017907830951
