Joints,0,1,2,3,4,5,6,7,8,9,Min,Max,Step
left_shoulder,22,22,9,9,2,1,0,0,0,1,1.161563261484012,133.63934426555517,13.247778100407114
right_shoulder,29,29,4,0,1,0,1,0,0,2,0.5548244060565564,149.6200471055461,14.906522269948955
left_elbow,2,0,0,1,3,3,5,8,9,35,0.0,179.99998903307895,17.999998903307894
right_elbow,2,0,0,3,6,3,2,6,10,34,6.033434500766759,179.10645344562462,17.307301894485786
left_hip,2,0,1,0,6,8,17,21,9,2,22.42826195126967,118.11428435592858,9.56860224046589
right_hip,3,8,13,18,17,5,1,0,0,1,64.00031835764139,156.6175393142534,9.261722095661199
left_knee,1,0,0,0,0,3,5,7,19,31,89.04580126552307,179.71249926988997,9.066669800436685
right_knee,4,0,0,0,1,6,7,8,14,26,82.69689083456404,180.0,9.730310916543601
