Joints,0,1,2,3,4,5,6,7,8,9,Min,Max,Step
left_shoulder,19,22,18,4,1,1,0,0,0,1,1.1529792008688695,145.47602412577854,14.432304492490967
right_shoulder,30,33,1,1,0,0,0,0,0,1,1.5416029179670436,158.55904706662952,15.701744414866244
left_elbow,3,1,2,3,7,4,1,9,15,21,12.22646925171634,178.89369036996837,16.6667221118252
right_elbow,1,0,0,2,4,3,6,9,10,31,0.3121569728501606,179.999962824064,17.968780585121387
left_hip,1,2,4,11,22,15,8,1,1,1,42.86762825949162,144.70310523696082,10.183547697746924
right_hip,1,1,0,8,3,15,17,10,6,5,36.0744666328576,122.41024146263901,8.63357748297814
left_knee,2,0,0,2,0,1,1,2,20,38,42.25949799569602,179.08087425158752,13.68213762558915
right_knee,2,0,0,0,0,0,7,13,13,31,61.8943576207061,180.0,11.810564237929384
