Joints,0,1,2,3,4,5,6,7,8,9,Min,Max,Step
left_shoulder,4,8,15,7,9,6,10,5,1,1,0.0,63.059288105475005,6.305928810547501
right_shoulder,9,2,9,10,11,6,6,3,8,2,3.7467374465398486,41.712817903709066,3.7966080457169222
left_elbow,2,2,1,4,2,4,5,14,13,19,0.0,180.0,18.0
right_elbow,2,2,1,1,2,6,9,5,11,27,2.481581058214684,179.1124762895481,17.663089523133344
left_hip,3,4,10,23,22,1,2,0,0,1,47.60260940620589,171.8833098172539,12.428070041104796
right_hip,1,0,3,1,3,29,18,5,4,2,24.60619358389289,131.24267802582514,10.663648444193228
left_knee,1,1,4,2,2,6,4,11,9,26,130.23682531473142,179.78518338544728,4.954835807071589
right_knee,1,0,3,4,1,4,3,12,14,24,112.70004448918046,180.0,6.729995551081956
