Joints,0,1,2,3,4,5,6,7,8,9,Min,Max,Step
left_shoulder,50,9,0,0,0,0,0,0,1,5,0.2721721699189894,103.54696715574293,10.327479498582395
right_shoulder,52,6,1,0,0,0,0,1,4,1,0.04563600063897715,88.63152883313383,8.858589283249485
left_elbow,44,8,5,0,2,0,0,0,1,5,0.3999852056352965,111.54103858812826,11.114105338249296
right_elbow,48,4,3,2,0,2,0,3,1,2,0.3439917340949129,85.69311141545573,8.534911968136083
left_hip,49,10,0,0,0,0,0,0,1,5,0.3178925156333487,100.73276247604548,10.041486996041213
right_hip,54,3,1,1,0,0,0,0,2,4,0.17703924263119974,87.9964977258728,8.78194584832416
left_knee,53,5,1,0,0,0,0,0,5,1,0.21447791697664784,111.51326091868697,11.129878300171033
right_knee,55,3,0,1,0,0,0,2,3,1,0.2524452103119745,97.97827547417707,9.77258302638651
