Joints,0,1,2,3,4,5,6,7,8,9,Min,Max,Step
left_shoulder,56,5,0,0,0,0,0,2,0,2,0.0,119.78731722705945,11.978731722705945
right_shoulder,54,7,1,1,0,0,0,0,0,2,0.0,90.91618155968516,9.091618155968515
left_elbow,43,10,5,3,0,0,0,0,0,4,0.0,127.53585372334072,12.753585372334072
right_elbow,46,10,3,3,0,1,0,0,0,2,0.0,81.308092565688,8.1308092565688
left_hip,52,9,0,0,0,0,0,2,0,2,0.0,105.29661989627267,10.529661989627268
right_hip,50,11,0,0,2,0,0,0,0,2,0.0,86.77499445543123,8.677499445543123
left_knee,50,11,0,0,0,0,0,0,0,4,0.0,98.8776924182183,9.88776924182183
right_knee,49,12,0,0,1,1,0,0,0,2,0.0,91.55583220125862,9.155583220125862
