Joints,0,1,2,3,4,5,6,7,8,9,Min,Max,Step
left_shoulder,48,5,2,0,2,0,0,3,3,2,0.1556721859000533,121.54659427576937,12.13909220898693
right_shoulder,48,5,0,4,0,0,0,0,4,4,0.3233866718022459,87.85068950401262,8.752730283221037
left_elbow,41,8,4,1,1,2,0,0,4,4,0.4431017963615433,106.24196913470921,10.579886733834766
right_elbow,43,6,4,2,2,1,3,1,1,2,0.5416276902504188,90.06509815100142,8.9523470460751
left_hip,47,5,2,1,0,0,0,0,3,7,0.33506158680358666,99.9698167922138,9.96347552054102
right_hip,50,5,0,0,0,0,2,0,3,5,0.09351447690690808,88.1510066240138,8.80574921471069
left_knee,50,5,0,0,0,0,0,0,4,6,0.5477542078840623,102.21624773493294,10.166849352704887
right_knee,50,5,0,0,2,0,0,0,3,5,0.3419652541130353,88.03326703851816,8.769130178440513
