Joints,0,1,2,3,4,5,6,7,8,9,Min,Max,Step
left_shoulder,3,2,0,17,16,28,1,0,0,7,0.0,155.23341781758282,15.523341781758281
right_shoulder,17,0,14,5,15,17,5,0,0,1,0.0,156.43931410496,15.643931410496
left_elbow,3,0,0,13,0,4,19,13,18,4,0.0,180.0,18.0
right_elbow,7,12,0,14,0,2,8,4,14,13,0.0,178.31578182743075,17.831578182743076
left_hip,21,1,2,1,2,4,8,3,13,19,0.0,178.64884346487818,17.86488434648782
right_hip,27,14,4,0,2,17,0,3,3,4,0.0,161.0171966121527,16.10171966121527
left_knee,3,1,0,3,1,13,0,4,9,40,0.0,179.37228141065074,17.937228141065074
right_knee,17,9,1,2,1,6,6,8,5,19,0.0,179.3447083523739,17.93447083523739
