Joints,0,1,2,3,4,5,6,7,8,9,Min,Max,Step
left_shoulder,4,1,0,9,16,4,0,9,21,10,0.0,90.88069094114788,9.088069094114788
right_shoulder,14,1,4,3,14,19,5,2,0,12,0.0,137.06240376624112,13.706240376624113
left_elbow,4,0,0,0,0,9,16,4,24,17,0.0,167.70897673843842,16.77089767384384
right_elbow,20,0,3,2,5,0,3,7,15,19,0.0,179.95665313250052,17.99566531325005
left_hip,5,1,0,0,0,3,1,28,20,16,0.0,179.99998604922368,17.999998604922368
right_hip,19,35,7,1,0,5,3,1,1,2,0.0,175.24428619237528,17.52442861923753
left_knee,5,1,0,0,0,0,0,0,8,60,0.0,179.99998241972463,17.999998241972463
right_knee,7,6,0,1,0,0,3,8,14,35,0.0,173.37281693509883,17.337281693509883
