Joints,0,1,2,3,4,5,6,7,8,9,Min,Max,Step
left_shoulder,3,0,0,8,4,5,17,13,17,7,0.0,92.12955751287876,9.212955751287875
right_shoulder,14,2,1,13,28,13,1,0,1,1,0.0,156.84842508549474,15.684842508549474
left_elbow,8,0,2,0,1,0,6,5,28,24,0.0,163.3366806406483,16.33366806406483
right_elbow,9,1,1,4,0,17,2,7,12,21,0.0,178.58517299840346,17.858517299840347
left_hip,5,0,2,0,2,7,4,26,12,16,0.0,175.63941175363297,17.563941175363297
right_hip,28,19,4,8,6,1,2,2,3,1,0.0,179.21139904805767,17.921139904805766
left_knee,2,1,2,1,0,0,1,2,4,61,0.0,179.92576548585615,17.992576548585614
right_knee,9,2,0,1,1,6,23,5,5,22,0.0,173.06370679932363,17.306370679932364
