Joints,0,1,2,3,4,5,6,7,8,9,Min,Max,Step
left_shoulder,68,2,2,0,0,0,0,0,0,1,0.0,144.0277437092456,14.402774370924561
right_shoulder,69,1,2,0,0,0,0,0,0,1,0.0,119.87158092000074,11.987158092000074
left_elbow,69,1,2,0,0,0,0,0,0,1,0.0,192.49728903730045,19.249728903730045
right_elbow,68,2,2,0,0,0,0,0,0,1,0.0,167.77332341663225,16.777332341663225
left_hip,70,2,0,0,0,0,0,0,0,1,0.0,194.34946896429128,19.43494689642913
right_hip,68,3,1,0,0,0,0,0,0,1,0.0,174.53877190690793,17.453877190690793
left_knee,70,2,0,0,0,0,0,0,0,1,0.0,220.4424907274693,22.04424907274693
right_knee,71,1,0,0,0,0,0,0,0,1,0.0,219.132961314841,21.9132961314841
