Joints,0,1,2,3,4,5,6,7,8,9,Min,Max,Step
left_shoulder,1,0,0,1,35,125,5,0,0,1,-171.5743054753547,163.43047188086737,33.50047773562221
right_shoulder,1,0,2,3,8,134,15,2,2,1,-162.3915892577924,130.90649121073045,29.329808046852293
left_elbow,2,3,8,8,28,95,13,4,3,4,-165.73833580294226,158.25282432799676,32.3991160130939
right_elbow,4,1,7,10,93,31,10,9,2,1,-144.6411424864941,148.9052265851746,29.354636907166864
left_hip,3,4,12,14,92,20,12,6,1,4,-105.40861536008379,118.91720912441055,22.432582448449438
right_hip,1,1,4,4,11,94,34,11,4,4,-144.27217312800647,100.43966594927757,24.471183907728403
left_knee,7,5,4,2,27,97,10,6,5,5,-164.83164067893154,155.81292327626798,32.064456395519954
right_knee,2,1,6,18,24,94,9,9,2,3,-159.83755448164916,156.8686641268401,31.67062186084894
