Joints,0,1,2,3,4,5,6,7,8,9,Min,Max,Step
left_shoulder,2,1,4,18,103,29,6,3,1,1,-49.02619758545665,56.08698690991722,10.511318449537391
right_shoulder,1,0,1,13,130,20,2,0,0,1,-87.59549317860875,102.4259917068556,19.00214848854644
left_elbow,2,6,5,12,100,24,10,4,2,3,-131.10840748223458,142.02680973997732,27.313521722221196
right_elbow,2,4,3,11,13,98,14,16,5,2,-154.0059310830751,127.08793270954506,28.10938637926202
left_hip,3,0,6,11,32,86,11,11,7,1,-96.42880579479694,85.75587517468034,18.21846809694773
right_hip,1,2,4,11,34,94,12,8,1,1,-133.50768670303546,128.2960917920999,26.180377849513533
left_knee,4,3,6,10,92,30,12,4,3,4,-153.8005333366069,158.67833094392427,31.24788642805312
right_knee,3,2,5,20,99,23,8,3,1,4,-150.46011423784896,166.86862623973067,31.73287404775796
