Joints,0,1,2,3,4,5,6,7,8,9,Min,Max,Step
left_shoulder,1,0,1,3,18,136,7,0,1,1,-127.03376088884892,115.55530288778641,24.258906377663536
right_shoulder,1,1,2,9,120,28,5,0,1,1,-123.57551384213123,132.09356948254936,25.56690833246806
left_elbow,1,4,8,10,24,103,8,3,2,5,-158.05500509815144,154.15209831775815,31.22071034159096
right_elbow,2,2,9,9,22,93,15,9,3,4,-159.2570505743296,147.23828937914266,30.649533995347213
left_hip,3,3,5,16,90,24,16,7,3,1,-105.77819585722123,109.80632025895622,21.55845161161774
right_hip,3,1,8,17,110,17,6,4,1,1,-114.5066153474205,138.97431832078263,25.348093366820308
left_knee,4,3,8,5,96,32,9,3,4,4,-153.52252248851048,157.23229355298764,31.075481604149815
right_knee,2,1,6,14,101,28,7,5,1,3,-156.03792857920598,161.19359820698028,31.723152678618618
