Joints,0,1,2,3,4,5,6,7,8,9,Min,Max,Step
left_shoulder,1,1,2,3,137,19,2,1,1,1,-129.35340276847262,140.04057233433696,26.939397510280955
right_shoulder,2,7,12,122,17,7,0,0,0,1,-94.77642315075336,170.80124339409568,26.557766654484894
left_elbow,3,3,3,12,96,34,9,3,2,3,-163.95918722441803,168.87392233202542,33.28331095564434
right_elbow,2,2,10,12,90,28,16,6,1,1,-161.879605774426,170.64191316844446,33.25215189428704
left_hip,3,3,8,10,91,31,8,9,2,3,-98.22541937359672,100.55844023475677,19.87838596083536
right_hip,1,3,3,8,5,101,24,8,11,4,-141.47104938219792,101.28453348647318,24.27555828686711
left_knee,6,4,4,6,100,27,8,3,7,3,-152.68852207010457,157.1589497376071,30.984747180771166
right_knee,4,0,8,20,87,29,5,8,2,5,-152.59771876593516,160.66906554753922,31.326678431347432
