Joints,0,1,2,3,4,5,6,7,8,9,Min,Max,Step
left_shoulder,85,70,9,1,0,0,0,0,0,3,0.0,132.72361588619484,13.272361588619484
right_shoulder,112,35,14,4,0,1,0,0,0,2,0.0,171.9554129837561,17.19554129837561
left_elbow,32,5,1,1,5,4,12,17,25,66,0.0,180.0,18.0
right_elbow,30,5,1,4,14,17,22,10,30,35,0.0,180.0,18.0
left_hip,29,0,4,14,17,41,28,19,6,10,0.0,179.37342366209796,17.937342366209798
right_hip,35,2,11,22,33,34,16,10,2,3,0.0,162.75629860636028,16.275629860636027
left_knee,36,3,1,4,4,7,12,14,26,61,0.0,180.0,18.0
right_knee,33,3,2,6,2,10,12,19,23,58,0.0,180.0,18.0
