Joints,0,1,2,3,4,5,6,7,8,9,Min,Max,Step
left_shoulder,78,65,14,7,0,1,1,0,1,1,0.0,140.04057354175524,14.004057354175524
right_shoulder,104,27,16,17,3,0,0,0,0,1,0.0,180.0,18.0
left_elbow,28,5,0,7,1,13,11,18,29,56,0.0,180.0,18.0
right_elbow,31,7,1,4,11,22,19,15,19,39,0.0,179.64322902407653,17.964322902407652
left_hip,28,1,7,2,14,37,45,16,10,8,0.0,178.4966522190429,17.84966522190429
right_hip,42,3,13,18,43,27,7,9,4,2,0.0,174.4804507525987,17.44804507525987
left_knee,39,3,3,8,0,10,7,19,30,49,0.0,179.82613654351928,17.98261365435193
right_knee,30,4,5,5,1,13,14,15,27,54,0.0,180.0,18.0
