Joints,0,1,2,3,4,5,6,7,8,9,Min,Max,Step
left_shoulder,22,82,42,17,2,1,1,0,0,1,0.0,86.94002687552212,8.694002687552212
right_shoulder,45,68,25,11,4,7,6,0,0,2,0.0,94.09717241928487,9.409717241928487
left_elbow,10,6,4,1,3,1,13,38,25,67,0.0,180.0,18.0
right_elbow,10,5,3,3,20,15,10,16,35,51,0.0,180.0,18.0
left_hip,37,2,0,18,19,28,25,28,4,7,0.0,175.35011670409958,17.535011670409958
right_hip,18,2,18,29,22,37,12,2,26,2,0.0,180.0,18.0
left_knee,17,2,1,3,4,7,12,19,21,82,0.0,180.0,18.0
right_knee,13,3,6,5,4,8,14,11,29,75,0.0,180.0,18.0
