Joints,0,1,2,3,4,5,6,7,8,9,Min,Max,Step
left_shoulder,145,6,2,2,4,0,4,3,0,1,0.0,127.72335244274339,12.77233524427434
right_shoulder,139,11,2,4,1,2,1,2,3,2,0.0,157.40327567538324,15.740327567538325
left_elbow,144,6,3,6,3,2,0,0,0,3,0.0,137.65792906810574,13.765792906810574
right_elbow,136,13,5,2,1,0,3,2,1,4,0.0,150.65650318450685,15.065650318450684
left_hip,143,7,3,7,3,1,0,0,2,1,0.0,150.56920603305184,15.056920603305183
right_hip,147,5,0,2,1,7,2,2,0,1,0.0,157.95776806773156,15.795776806773157
left_knee,134,15,4,3,3,5,0,0,2,1,0.0,165.02592106009968,16.502592106009967
right_knee,133,17,4,0,2,4,3,1,2,1,0.0,187.0922229071283,18.70922229071283
