Joints,0,1,2,3,4,5,6,7,8,9,Min,Max,Step
left_shoulder,142,3,2,5,2,3,1,0,5,4,0.0,142.04878142328354,14.204878142328354
right_shoulder,140,7,3,2,3,4,1,1,2,4,0.0,155.7673519015534,15.576735190155341
left_elbow,141,5,4,4,2,0,2,4,3,2,0.0,146.9062012105503,14.69062012105503
right_elbow,134,10,6,4,4,2,1,0,2,4,0.0,160.35465920013448,16.035465920013447
left_hip,141,8,4,1,2,3,1,0,5,2,0.0,141.08167521732472,14.108167521732472
right_hip,137,15,0,2,1,4,2,1,0,5,0.0,151.0860117697954,15.108601176979539
left_knee,131,18,2,3,0,2,2,4,1,4,0.0,160.14481792838012,16.014481792838012
right_knee,132,16,4,2,3,1,3,1,2,3,0.0,164.97681032900937,16.497681032900935
