Joints,0,1,2,3,4,5,6,7,8,9,Min,Max,Step
left_shoulder,144,3,2,3,1,8,2,1,0,3,0.0,153.80280004388985,15.380280004388984
right_shoulder,139,8,4,1,0,0,2,5,6,2,0.0,167.5543097309214,16.75543097309214
left_elbow,140,8,2,4,2,5,4,0,0,2,0.0,132.80119137845995,13.280119137845995
right_elbow,140,5,6,1,1,1,3,4,2,4,0.0,159.69638406868134,15.969638406868134
left_hip,143,6,4,1,0,4,4,3,0,2,0.0,139.72285279077155,13.972285279077155
right_hip,141,10,1,0,0,0,0,4,6,5,0.0,142.99655495860068,14.299655495860069
left_knee,123,15,12,5,0,2,3,1,1,5,0.0,135.38957301556766,13.538957301556767
right_knee,123,19,8,2,0,2,2,5,3,3,0.0,150.7411528399568,15.074115283995681
