Joints,0,1,2,3,4,5,6,7,8,9,Min,Max,Step
left_shoulder,141,5,2,5,1,2,5,0,1,5,0.0,148.19293686445567,14.819293686445567
right_shoulder,134,13,3,2,4,3,1,1,4,2,0.0,174.36199744889385,17.436199744889386
left_elbow,142,3,4,6,2,3,0,1,3,3,0.0,141.36200203415643,14.136200203415644
right_elbow,134,13,3,1,4,2,1,2,2,5,0.0,166.71981437577531,16.671981437577532
left_hip,144,6,2,1,6,0,1,2,4,1,0.0,166.54048924673884,16.654048924673884
right_hip,140,8,2,0,3,0,4,3,4,3,0.0,147.53331506560556,14.753331506560556
left_knee,123,18,8,2,3,0,4,1,4,4,0.0,149.21041658512414,14.921041658512413
right_knee,123,20,7,0,3,5,4,0,2,3,0.0,165.27144887678762,16.527144887678762
