Joints,0,1,2,3,4,5,6,7,8,9,Min,Max,Step
left_shoulder,2,5,3,10,26,32,15,15,6,4,-126.5249616558233,104.40713641867464,23.093209807449796
right_shoulder,1,1,6,18,42,30,15,3,0,2,-145.8821649008555,151.36232332543366,29.724448822628915
left_elbow,11,5,5,4,40,28,7,4,9,5,-171.02456593407103,178.3762404978757,34.940080643194676
right_elbow,4,5,9,10,22,33,11,9,11,4,-150.25412324319691,136.20690229416678,28.64610255373637
left_hip,3,5,12,14,18,28,13,11,7,7,-123.9945515816914,114.73878962778838,23.873334120947973
right_hip,3,4,8,21,30,17,22,9,2,2,-161.1505814779352,167.04013264157058,32.819071411950574
left_knee,4,9,11,16,23,20,15,9,4,7,-164.17479076663454,169.76200901975344,33.3936799786388
right_knee,7,7,5,15,25,24,14,9,5,7,-165.2028751619104,164.38106768066643,32.95839428425768
