Joints,0,1,2,3,4,5,6,7,8,9,Min,Max,Step
left_shoulder,1,2,1,8,23,70,10,1,0,2,-131.19488542533787,127.3629272946664,25.855781272000428
right_shoulder,4,10,15,58,9,12,4,4,1,1,-41.9577425513024,68.06015616713344,11.001789871843584
left_elbow,2,4,6,11,14,54,9,6,7,5,-162.33674559455966,150.65094417697904,31.298768977153884
right_elbow,5,2,6,9,9,64,11,7,1,4,-142.7578695049413,139.48820987321372,28.224607937815506
left_hip,3,8,6,18,55,14,4,7,1,2,-120.23965300634829,154.73993538874572,27.497958839509394
right_hip,1,1,7,11,12,58,15,9,1,3,-172.35369943073516,150.92599857183913,32.32796980025742
left_knee,2,6,9,12,59,9,11,2,7,1,-141.60471216286018,168.13916740448005,30.97438795673402
right_knee,5,4,5,8,14,59,10,2,5,6,-162.94050114646703,158.54815528489388,32.14886564313608
