Joints,0,1,2,3,4,5,6,7,8,9,Min,Max,Step
left_shoulder,4,21,35,24,6,7,10,5,3,3,1.70668523104986,177.08184357999244,17.537515834894258
right_shoulder,12,24,41,27,4,1,3,1,1,4,3.650818173281343,159.82628857600545,15.61754704027241
left_elbow,2,0,1,1,0,0,0,2,71,41,0.21463877513588228,173.34056747726422,17.312592870212832
right_elbow,1,1,0,1,1,5,1,9,62,37,2.658839565063281,174.28128219363288,17.16224426285696
left_hip,4,1,7,11,14,12,20,22,14,13,4.755327021331793,176.48677706312702,17.173145004179524
right_hip,4,9,5,8,11,22,13,16,13,17,1.147206346788146,178.00732359279837,17.686011724601023
left_knee,9,10,22,17,16,12,7,12,7,6,1.103700982531724,171.40624012760046,17.030253914506872
right_knee,20,18,24,17,10,4,6,6,5,8,0.0,173.92843156162263,17.392843156162265
