Joints,0,1,2,3,4,5,6,7,8,9,Min,Max,Step
left_shoulder,26,33,30,15,9,0,1,2,0,2,2.858384622240962,164.91862662834316,16.206024200610223
right_shoulder,39,43,20,10,3,1,0,0,1,1,0.0,174.03475793841798,17.4034757938418
left_elbow,12,4,3,10,7,7,9,13,28,25,1.4827593548621658,178.9709194916016,17.74881601367394
right_elbow,4,8,12,6,10,14,8,16,15,25,0.0,177.11305844450595,17.711305844450596
left_hip,7,5,3,4,15,13,14,15,27,15,6.7885863835327545,180.0,17.321141361646724
right_hip,11,6,8,5,14,24,6,12,13,19,0.0,180.0,18.0
left_knee,22,19,14,16,10,7,7,3,13,7,0.0,180.0,18.0
right_knee,17,17,19,15,14,4,6,7,6,13,0.0,180.0,18.0
