Joints,0,1,2,3,4,5,6,7,8,9,Min,Max,Step
left_shoulder,9,8,36,19,16,13,7,2,4,4,0.0,156.3685314102224,15.63685314102224
right_shoulder,19,17,43,22,10,3,1,0,1,2,1.3839369867428426,153.86727783875043,15.24833408520076
left_elbow,4,1,1,2,4,4,4,5,48,45,0.0,174.64033142709408,17.464033142709408
right_elbow,5,2,1,1,6,6,8,14,47,28,0.0,177.96432956466703,17.796432956466703
left_hip,2,2,6,7,20,15,20,17,16,13,3.0917699857477823,180.0,17.690823001425223
right_hip,4,6,5,11,17,21,18,11,8,17,6.348419554667473,178.08630146288718,17.173788190821973
left_knee,13,17,19,12,11,5,10,11,10,10,2.039947971494517,180.0,17.796005202850548
right_knee,19,17,20,13,10,9,9,4,6,11,0.00011285001652353721,178.71758736363805,17.87174745136215
