Joints,0,1,2,3,4,5,6,7,8,9,Min,Max,Step
left_shoulder,17,47,25,21,2,1,0,1,0,4,2.0412625264828064,151.64701652733882,14.960575400085602
right_shoulder,5,9,26,30,22,14,7,2,1,2,0.9985004810418384,78.40176255342534,7.74032620723835
left_elbow,6,3,3,10,4,10,9,15,28,30,7.621373464431372,178.21945741827358,17.05980839538422
right_elbow,6,1,3,9,6,7,9,28,32,17,0.0,178.42380815996884,17.842380815996883
left_hip,3,10,7,2,20,19,12,22,9,14,10.013775140170512,180.0,16.99862248598295
right_hip,4,3,7,8,18,15,17,20,12,14,2.59532269973611,180.0,17.74046773002639
left_knee,25,10,18,12,17,9,6,3,7,11,0.0,179.0983856451397,17.90983856451397
right_knee,29,34,7,14,5,6,2,3,5,13,0.0,179.2492592122197,17.92492592122197
