Joints,0,1,2,3,4,5,6,7,8,9,Min,Max,Step
left_shoulder,7,17,34,29,9,7,1,7,5,2,1.474718467872163,160.2884481240396,15.881372965616743
right_shoulder,14,17,36,26,15,5,3,0,1,1,0.3136496013118445,140.84090120550587,14.052725160419403
left_elbow,1,1,3,1,1,2,1,8,78,22,6.8462028499360335,179.0991570526249,17.225295420268885
right_elbow,2,1,3,3,3,1,3,17,41,44,9.720568669276293,171.9279956449261,16.22074269756498
left_hip,6,3,2,7,7,20,23,25,13,12,7.1464440284011825,180.0,17.285355597159878
right_hip,3,5,10,7,18,18,12,15,14,16,3.283576701089703,180.0,17.67164232989103
left_knee,16,16,21,12,12,9,9,6,8,9,1.4576175934056632,173.88775171663846,17.24301341232328
right_knee,20,16,9,14,7,13,9,10,8,12,0.0,179.99994508569324,17.999994508569323
