Joints,0,1,2,3,4,5,6,7,8,9,Min,Max,Step
left_shoulder,19,15,31,22,13,6,6,1,2,3,2.3495380927411498,165.29574249968113,16.294620440693997
right_shoulder,29,29,30,17,4,4,3,0,1,1,0.3119105196053132,169.6557589057674,16.93438483861621
left_elbow,10,6,2,4,7,1,6,14,39,29,0.17985368341919306,178.97058936392068,17.87907356805015
right_elbow,4,7,5,6,4,9,6,17,46,14,7.0973603993367655,178.20763116081102,17.111027076147426
left_hip,1,4,6,10,16,13,19,17,21,11,0.0,174.50800781939998,17.450800781939996
right_hip,7,3,12,3,21,17,14,17,7,17,0.0,179.87626063213423,17.987626063213423
left_knee,17,11,16,18,10,11,7,10,8,10,0.0,180.0,18.0
right_knee,18,15,15,15,12,10,8,7,5,13,0.0,179.5267153784571,17.95267153784571
