Joints,0,1,2,3,4,5,6,7,8,9,Min,Max,Step
left_shoulder,10,12,30,30,19,4,3,4,5,1,0.0,141.60948736618195,14.160948736618195
right_shoulder,20,21,44,21,7,4,0,0,0,1,1.6763628436353113,166.3948435903388,16.47184807467035
left_elbow,4,5,7,5,3,8,8,9,44,25,2.253721525693133,177.41441430448074,17.516069277878763
right_elbow,3,5,6,1,8,6,8,11,36,34,2.6472628775750136,173.83023912722282,17.118297624964782
left_hip,4,2,4,4,10,17,16,29,18,14,2.7261404207176905,177.71377689105327,17.49876364703356
right_hip,4,7,6,7,14,22,15,13,14,16,8.6262262089203,179.6898892986041,17.106366308968383
left_knee,13,19,18,19,10,7,10,10,7,5,0.2262693278264181,179.755516867035,17.952924753920858
right_knee,12,29,12,12,14,8,5,14,9,3,0.426316634148481,179.23914084361326,17.881282420946476
