Joints,0,1,2,3,4,5,6,7,8,9,Min,Max,Step
left_shoulder,52,30,22,3,1,1,1,3,1,3,1.2291866646331504,51.15519091753135,4.992600425289821
right_shoulder,52,33,19,4,3,0,2,0,3,1,0.4534152199597978,41.654575200068294,4.120115998010849
left_elbow,63,17,18,9,3,3,0,2,0,2,0.7945275443113983,124.2755919331084,12.3481064388797
right_elbow,59,16,21,6,4,3,3,3,0,2,0.4874377970110582,94.0061791547103,9.351874135769924
left_hip,54,29,21,5,3,1,0,0,2,2,0.7463096169371908,179.9960186753535,17.92497090584163
right_hip,58,30,20,1,2,1,2,2,0,1,0.9469493037031076,168.44001537487475,16.749306607117163
left_knee,31,21,25,15,12,7,4,1,0,1,1.116234761269209,155.28405652628362,15.416782176501442
right_knee,32,27,30,14,6,2,2,1,1,2,1.241053238165286,160.3641315491053,15.912307831094004
