Joints,0,1,2,3,4,5,6,7,8,9,Min,Max,Step
left_shoulder,2,4,5,3,46,72,7,4,3,5,-156.3931270843637,151.78075008923634,30.817387717360006
right_shoulder,1,2,4,5,20,94,14,5,3,3,-155.7383084725389,132.1258216766607,28.786413014919958
left_elbow,3,5,5,6,21,78,15,8,5,5,-151.64319619492557,131.9584838987463,28.360168009367186
right_elbow,5,7,6,10,73,27,6,8,4,5,-155.78136445796738,163.05537556708788,31.88367400250553
left_hip,1,4,2,3,4,92,29,9,3,4,-165.88732659434856,118.59722600864107,28.44845526029897
right_hip,1,3,2,7,22,99,8,5,2,2,-176.15575702192416,158.2722504044841,33.44280074264083
left_knee,3,3,8,12,106,11,2,1,3,2,-145.2587077331302,177.63326608704887,32.2891973820179
right_knee,2,3,4,9,103,17,7,4,0,2,-137.14063922356652,157.38257527513971,29.452321449870624
