Joints,0,1,2,3,4,5,6,7,8,9,Min,Max,Step
left_shoulder,2,5,2,10,43,68,9,4,2,6,-141.55705967154415,137.7816117998908,27.933867147143502
right_shoulder,2,4,2,7,27,84,7,10,6,2,-156.72278281377004,140.85830435113942,29.758108716490952
left_elbow,6,6,6,14,59,28,16,9,3,4,-130.83147564518538,136.5085397000207,26.734001534520615
right_elbow,5,6,5,7,66,39,8,5,4,6,-161.79749370145504,161.84192906010884,32.36394227615639
left_hip,2,3,3,3,7,102,21,4,3,3,-147.53119665874948,117.39163856878055,26.492283522753
right_hip,2,4,5,8,88,26,10,4,3,1,-122.48932034274485,132.39000345077253,25.487932379351733
left_knee,2,3,5,42,89,4,0,3,2,1,-117.37664655332621,167.09484908454382,28.447149563786994
right_knee,2,2,4,4,29,97,5,3,2,3,-166.0147726604516,158.43236122999437,32.44471338904461
