Joints,0,1,2,3,4,5,6,7,8,9,Min,Max,Step
left_shoulder,3,4,7,5,74,39,9,3,5,2,-161.96879462312756,164.59331992447275,32.65621145476004
right_shoulder,5,2,6,3,35,81,7,7,0,5,-156.51277692414317,151.48195232775308,30.799472925189633
left_elbow,3,5,7,8,27,71,17,4,4,5,-144.68542486855267,135.58646237759405,28.027188724614675
right_elbow,6,5,5,9,71,31,8,7,5,4,-171.52362098768953,177.22352369328425,34.87471446809738
left_hip,4,1,6,3,9,94,15,9,5,5,-145.85290699845822,113.84038973812888,25.969329673658706
right_hip,1,2,4,7,11,104,10,5,6,1,-156.5844789478173,134.4553018997125,29.10397808475298
left_knee,4,3,6,3,40,79,6,1,4,5,-120.09883313936169,117.56427374284272,23.766310688220443
right_knee,3,3,2,5,78,47,6,2,2,3,-161.76577034500102,162.32427190278256,32.40900422477836
