Joints,0,1,2,3,4,5,6,7,8,9,Min,Max,Step
left_shoulder,3,5,2,4,32,78,16,4,2,5,-142.33706066532022,130.60663326530957,27.29436939306298
right_shoulder,2,6,3,18,87,17,8,4,4,2,-133.4908349835991,155.32788973915544,28.881872472275447
left_elbow,4,9,3,18,67,25,12,6,4,3,-142.42624823960134,157.83627839429366,30.0262526633895
right_elbow,7,4,3,8,19,75,19,6,4,6,-175.25058106715875,158.47272362019456,33.37233046873533
left_hip,2,4,3,6,30,85,9,7,3,2,-155.9896326871401,144.99139249642738,30.09810251835674
right_hip,1,4,5,7,95,25,9,2,1,2,-127.1683293339225,141.39936880802014,26.856769814194266
left_knee,2,2,4,5,45,78,7,2,3,3,-116.44678243509834,112.3138258592642,22.876060829436256
right_knee,2,3,1,10,108,18,6,1,1,1,-114.94149016278057,133.57122278736028,24.851271295014087
