Joints,0,1,2,3,4,5,6,7,8,9,Min,Max,Step
left_shoulder,22,44,25,11,8,11,9,4,13,4,0.4435833142073741,175.83437265902938,17.5390789344822
right_shoulder,25,29,30,19,6,7,4,4,10,17,1.7533382167535585,179.58542204455966,17.78320838278061
left_elbow,23,16,27,7,7,17,24,18,7,5,0.39677042584455857,170.52411169557544,17.01273412697309
right_elbow,19,17,15,18,28,12,10,9,13,10,0.5162123744188164,179.01812859655624,17.850191622213742
left_hip,2,23,7,5,12,8,15,30,29,20,0.0,172.09707509498153,17.209707509498152
right_hip,8,15,21,18,20,16,16,15,10,12,0.0,174.58266524516128,17.458266524516127
left_knee,3,9,19,19,19,11,11,14,14,32,33.89163962732295,178.7832899940743,14.48916503667514
right_knee,5,0,1,3,15,15,13,14,39,46,0.0,179.9162166077604,17.99162166077604
