Joints,0,1,2,3,4,5,6,7,8,9,Min,Max,Step
left_shoulder,27,36,24,8,11,16,7,8,9,5,2.4148365394514667e-06,179.60740730096606,17.960740488612952
right_shoulder,35,26,27,17,12,3,5,7,10,9,0.6657496623652398,179.67932276719674,17.90135731048315
left_elbow,21,17,21,18,22,15,20,8,3,6,0.2809894245144569,175.55436522327955,17.52733757987651
right_elbow,23,11,9,23,26,10,13,3,19,14,0.3671750536836725,178.2735785059482,17.790640345226453
left_hip,18,10,4,5,9,10,18,39,27,11,10.806594548836756,177.4114738438721,16.660487929503535
right_hip,16,12,23,27,17,26,4,7,11,8,4.571492697294682,178.857038660269,17.428554596297438
left_knee,2,0,9,19,28,14,11,16,18,34,11.11315462224565,178.3497498482179,16.723659522597224
right_knee,1,0,2,3,14,15,23,15,40,38,7.88221594200945,179.9876625387682,17.210544659675875
