Joints,0,1,2,3,4,5,6,7,8,9,Min,Max,Step
left_shoulder,29,36,16,8,12,17,7,7,11,8,0.43639637782501706,178.73793908462537,17.830154270680033
right_shoulder,29,25,29,23,4,5,4,5,11,16,2.7196618343357044,179.12885518779973,17.640919335346403
left_elbow,15,11,21,13,22,18,17,20,5,9,0.0001684424218686308,166.25502230189767,16.625485385947577
right_elbow,33,11,8,23,24,9,9,10,13,11,0.0,178.92133066406498,17.892133066406497
left_hip,14,8,10,7,8,12,16,35,33,8,4.334697878167587,175.19636295448436,17.086166507631674
right_hip,10,14,18,31,17,20,10,12,10,9,2.2734900607166435,178.40141441429836,17.61279243535817
left_knee,3,0,6,12,31,19,15,14,18,33,0.7435918485677794,180.0,17.925640815143222
right_knee,3,4,0,5,16,9,24,12,36,42,1.4486180890974258,179.99997230823638,17.855135421913893
