Joints,0,1,2,3,4,5,6,7,8,9,Min,Max,Step
left_shoulder,25,40,17,11,9,13,4,8,18,6,0.058628603934074285,175.9157045977955,17.585707599386144
right_shoulder,25,25,32,15,12,2,7,11,6,16,0.3539905162023358,177.7733126574161,17.741932214121377
left_elbow,23,11,14,16,24,20,13,11,9,10,0.4092879266092016,161.97559241060267,16.156630448399348
right_elbow,31,6,8,21,29,12,10,13,11,10,0.7836186166827714,176.31656002662257,17.55329414099398
left_hip,15,8,7,6,5,7,16,35,38,14,6.74263565499702,176.3973895752679,16.965475392027088
right_hip,16,19,17,23,15,13,11,15,12,10,0.24552585340582644,178.01926195876666,17.77737361053608
left_knee,3,3,10,12,22,23,11,16,19,32,1.7628224432541022,179.39608853030296,17.763326608704887
right_knee,4,1,4,1,14,14,13,17,31,52,5.0718303685931305,179.6245963069036,17.455276593831048
