Joints,0,1,2,3,4,5,6,7,8,9,Min,Max,Step
left_shoulder,117,17,2,3,2,3,0,2,1,3,0.0,183.3848061467101,18.33848061467101
right_shoulder,113,19,2,1,6,3,0,0,2,4,0.0,140.73899508785024,14.073899508785024
left_elbow,98,13,11,10,5,7,0,2,1,3,0.0,138.31573883297838,13.831573883297839
right_elbow,109,15,7,10,4,1,3,0,0,1,0.0,181.8906690807928,18.18906690807928
left_hip,124,5,3,3,7,3,0,2,2,1,0.0,157.56140771115471,15.756140771115472
right_hip,132,5,3,1,1,0,1,0,5,2,0.0,158.96661261922534,15.896661261922535
left_knee,121,13,2,2,5,4,1,0,1,1,0.0,213.39970814815442,21.33997081481544
right_knee,130,8,2,0,1,1,3,1,2,2,0.0,176.62410484247155,17.662410484247154
