Joints,0,1,2,3,4,5,6,7,8,9,Min,Max,Step
left_shoulder,109,19,8,2,6,0,0,2,0,4,0.0,202.881933333671,20.288193333367097
right_shoulder,110,14,4,10,6,0,0,1,3,2,0.0,167.62158757195343,16.762158757195344
left_elbow,109,15,10,12,0,0,0,2,1,1,0.0,220.18255715498557,22.018255715498558
right_elbow,97,19,9,15,2,0,1,2,3,2,0.0,163.35753425005527,16.335753425005528
left_hip,128,6,4,6,2,0,0,1,1,2,0.0,205.00901106538788,20.500901106538787
right_hip,129,11,1,1,1,1,0,1,0,5,0.0,161.93042801666545,16.193042801666543
left_knee,126,9,2,3,4,1,1,0,0,4,0.0,240.43760726823746,24.043760726823745
right_knee,127,12,2,1,5,0,0,1,0,2,0.0,230.17154525372726,23.017154525372725
