Joints,0,1,2,3,4,5,6,7,8,9,Min,Max,Step
left_shoulder,111,10,9,3,1,4,3,2,4,3,0.0,159.26775198791918,15.926775198791919
right_shoulder,112,12,5,8,3,3,5,1,0,1,0.0,209.2884392946719,20.928843929467188
left_elbow,94,14,19,6,5,3,2,4,0,3,0.0,169.73388964641566,16.973388964641565
right_elbow,105,13,11,6,2,1,6,4,0,2,0.0,201.85671945319731,20.185671945319733
left_hip,128,3,1,2,8,1,1,0,3,3,0.0,145.45676276753997,14.545676276753998
right_hip,120,8,5,5,3,0,3,1,2,3,0.0,155.2747001952419,15.527470019524191
left_knee,118,10,4,6,2,4,3,1,0,2,0.0,280.03480475841354,28.003480475841354
right_knee,126,9,4,1,1,1,3,2,1,2,0.0,233.5763252970793,23.35763252970793
