Joints,0,1,2,3,4,5,6,7,8,9,Min,Max,Step
left_shoulder,109,17,7,8,2,1,1,2,1,2,0.0,85.34314350999102,8.534314350999102
right_shoulder,105,14,9,6,4,3,1,2,5,1,0.0,78.37889415195721,7.837889415195721
left_elbow,104,13,5,9,8,4,2,1,2,2,0.0,101.82133138307638,10.182133138307638
right_elbow,113,19,2,5,6,2,1,0,1,1,0.0,122.5885876650721,12.25885876650721
left_hip,120,15,1,2,0,1,2,3,5,1,0.0,86.5734941924533,8.65734941924533
right_hip,131,11,3,1,2,0,0,1,0,1,0.0,158.07974150125202,15.807974150125201
left_knee,121,12,7,2,1,1,1,3,0,2,0.0,132.58776691244984,13.258776691244984
right_knee,124,9,6,2,1,1,1,2,2,2,0.0,130.67938529195777,13.067938529195777
