Joints,0,1,2,3,4,5,6,7,8,9,Min,Max,Step
left_shoulder,116,16,4,5,2,3,0,0,2,2,0.0,165.8915934039104,16.589159340391042
right_shoulder,125,9,4,6,1,0,3,1,0,1,0.0,211.4593764057764,21.14593764057764
left_elbow,104,10,16,9,5,2,1,1,1,1,0.0,153.84031010802588,15.384031010802588
right_elbow,99,21,6,6,4,4,2,3,0,5,0.0,146.83294130809108,14.683294130809108
left_hip,128,3,2,5,5,2,0,0,2,3,0.0,159.26159700335882,15.926159700335882
right_hip,124,12,1,4,2,1,1,3,0,2,0.0,152.78091356671706,15.278091356671705
left_knee,121,13,3,1,2,6,0,0,1,3,0.0,176.1395231987553,17.61395231987553
right_knee,129,7,2,2,2,3,1,2,0,2,0.0,198.63482494727418,19.863482494727418
