Joints,0,1,2,3,4,5,6,7,8,9,Min,Max,Step
left_shoulder,53,77,89,15,1,4,1,5,0,1,0.7081870574562023,167.94213095745442,16.72339438999982
right_shoulder,18,29,147,43,0,1,0,1,0,7,0.3312265453822494,165.1106229616891,16.477939641630687
left_elbow,5,8,4,29,113,25,26,26,9,1,0.0,163.33093560258266,16.333093560258266
right_elbow,18,15,16,21,50,40,12,21,35,18,9.784055679198357,171.4460174104567,16.166196173125833
left_hip,4,1,22,15,5,7,131,52,7,2,2.7687616558161654,180.0,17.72312383441838
right_hip,15,19,27,26,27,33,30,5,5,59,0.0,180.0,18.0
left_knee,13,46,128,35,13,6,1,1,2,1,0.0,139.36049039280115,13.936049039280116
right_knee,77,45,41,24,20,15,8,8,4,4,0.0,168.92060096418703,16.892060096418703
