Joints,0,1,2,3,4,5,6,7,8,9,Min,Max,Step
left_shoulder,52,68,98,15,1,5,2,4,0,1,0.1593187758436825,167.96401441330644,16.780469563746276
right_shoulder,16,39,141,40,0,2,0,1,0,7,0.4208980661035833,166.22276243997396,16.580186437387038
left_elbow,7,6,4,31,106,27,29,25,9,2,0.0,163.56245582046228,16.356245582046228
right_elbow,6,20,11,21,44,54,9,24,32,25,1.8183817652814869,170.2171708046692,16.83987890393877
left_hip,3,2,15,18,1,16,119,60,8,4,0.0,180.0,18.0
right_hip,16,18,31,27,28,33,26,9,6,52,0.0,180.0,18.0
left_knee,13,45,125,38,10,9,2,1,1,2,0.8189095111726258,136.71114748555624,13.589223797438361
right_knee,77,48,40,22,24,12,10,6,2,5,0.0,174.03901685877727,17.403901685877727
