Joints,0,1,2,3,4,5,6,7,8,9,Min,Max,Step
left_shoulder,55,67,97,15,1,5,3,2,0,1,0.3144688086640419,168.49964641331562,16.81851776046516
right_shoulder,19,38,140,40,0,1,0,1,0,7,0.3426955374505169,166.82907940860306,16.648638387115255
left_elbow,5,9,3,32,106,29,27,26,7,2,0.0,163.33057446480828,16.33305744648083
right_elbow,14,15,14,21,52,41,7,23,36,23,9.940109323965537,169.36930522184417,15.942919589787863
left_hip,5,0,18,15,8,8,136,47,7,2,3.2828260585813047,180.0,17.671717394141872
right_hip,15,19,31,21,30,37,24,8,5,56,0.0,180.0,18.0
left_knee,14,42,131,34,13,5,3,1,2,1,0.0,139.85133839396178,13.985133839396179
right_knee,76,51,39,24,18,14,12,4,5,3,0.0,180.0,18.0
