Joints,0,1,2,3,4,5,6,7,8,9,Min,Max,Step
left_shoulder,243,0,0,0,0,0,0,0,0,2,0.10034376250381373,277.9073375647959,27.78069938022921
right_shoulder,243,0,0,0,0,0,0,0,0,2,0.10478805496209533,147.34937147431327,14.724458341935119
left_elbow,212,29,2,0,0,0,0,0,0,2,0.231451990638833,313.93616197399007,31.370470998335122
right_elbow,217,24,2,0,0,0,0,0,0,2,0.05544433812116638,113.96852763453964,11.391308329641848
left_hip,223,8,2,10,0,0,0,0,0,2,0.08915901475825372,240.4547598610221,24.036560084626387
right_hip,191,10,1,11,10,10,5,2,3,2,0.3290509105721834,156.6293615977169,15.63003106871447
left_knee,208,18,7,8,0,0,2,0,0,2,0.04903858841674039,281.4758250820091,28.142678649359237
right_knee,151,19,8,32,12,12,5,0,2,4,0.2752115363976145,197.44167681774186,19.716646528134426
