Joints,0,1,2,3,4,5,6,7,8,9,Min,Max,Step
left_shoulder,243,0,0,0,0,0,0,0,0,2,0.10843324773543878,270.23207905498384,27.012364580724842
right_shoulder,243,0,0,0,0,0,0,0,0,2,0.102094432459207,202.33894295536462,20.22368485229054
left_elbow,190,34,15,1,1,1,0,1,0,2,0.29474234327028603,190.77752637133662,19.048278402806634
right_elbow,217,24,2,0,0,0,0,0,0,2,0.4234760647144388,126.590460568662,12.616698450394756
left_hip,223,8,7,5,0,0,0,0,0,2,0.27804210544599484,284.116343316729,28.3838301211283
right_hip,194,5,13,14,10,3,2,0,1,3,0.4244162438762728,211.01492242564584,21.059050618176958
left_knee,203,16,4,15,3,0,0,2,0,2,0.2343749246249475,248.12132476462955,24.78869498400046
right_knee,154,21,5,31,6,17,6,1,2,2,0.24459390237540785,203.55502400722463,20.331043010484922
