Joints,0,1,2,3,4,5,6,7,8,9,Min,Max,Step
left_shoulder,137,72,22,2,4,3,0,2,1,2,0.02619754116340335,18.366913907827342,1.834071636666394
right_shoulder,28,69,54,36,31,16,4,1,4,2,0.05202041273712245,5.079716880102559,0.5027696467365437
left_elbow,169,28,9,12,16,4,5,1,0,1,0.21954173685799316,87.12724569511622,8.690770395825822
right_elbow,139,52,20,7,9,8,7,2,0,1,0.17496026497520212,32.74942816123792,3.2574467896262718
left_hip,199,25,5,2,2,2,0,1,5,4,0.026831828896735112,94.56397036743542,9.453713853853868
right_hip,183,15,1,4,16,8,7,4,2,5,0.2610238604058494,133.84033047533228,13.357930661492642
left_knee,200,15,10,1,12,5,0,0,0,2,0.05380675049617261,182.47863512148183,18.242482837098567
right_knee,149,16,13,32,13,12,5,0,1,4,0.24111212811342994,196.89566182260688,19.665454969449346
