Joints,0,1,2,3,4,5,6,7,8,9,Min,Max,Step
left_shoulder,2,4,7,268,13,4,0,1,0,1,-33.05153981433392,56.713379819530495,8.976491963386444
right_shoulder,1,0,1,1,1,4,263,17,8,4,-120.74119292996276,52.54834585690956,17.32895387868723
left_elbow,1,2,3,5,11,264,6,2,3,3,-164.27941222954462,156.72141340027625,32.100082562982095
right_elbow,4,2,3,8,269,6,4,2,1,1,-126.97000499093413,164.60338215837945,29.157338714931356
left_hip,2,0,1,3,9,266,10,3,2,4,-108.486727562008,78.74453900553985,18.723126656754786
right_hip,3,1,1,6,265,14,4,3,1,2,-111.7663339159842,114.75929789287486,22.652563180885906
left_knee,3,1,1,3,15,271,0,2,1,3,-159.4033867956253,154.28426009184557,31.368764688747092
right_knee,1,2,1,1,273,17,1,1,1,2,-153.17020803621995,155.58877089583225,30.87589789320522
