Joints,0,1,2,3,4,5,6,7,8,9,Min,Max,Step
left_shoulder,3,1,0,6,274,10,2,2,1,1,-71.93017318480501,82.39365381819988,15.432382700300494
right_shoulder,2,0,0,4,4,274,8,6,1,1,-111.61292990901251,84.7404235536987,19.63533534627112
left_elbow,1,1,3,3,4,7,267,5,4,5,-169.34191779232418,105.7166703794462,27.505858817177028
right_elbow,1,3,3,7,273,5,2,2,2,2,-150.29614707023288,168.6213292068081,31.891747627704092
left_hip,1,0,2,3,8,273,3,7,2,1,-110.95549721013096,87.97678834419622,19.893228555432714
right_hip,3,2,1,4,10,267,5,4,1,3,-90.69693587636084,83.94022655842036,17.463716243478117
left_knee,2,1,2,6,6,275,0,4,1,3,-161.3337682900576,149.36167382605439,31.069544211611202
right_knee,2,1,3,3,270,13,2,3,1,2,-163.25621635425162,171.9500854111816,33.520630176543335
