Joints,0,1,2,3,4,5,6,7,8,9,Min,Max,Step
left_shoulder,2,0,1,1,273,17,4,1,0,1,-142.81391482114097,148.36530089455619,29.117921571569724
right_shoulder,3,0,0,6,9,268,8,4,0,2,-95.4540300753528,80.68092239835427,17.613495247370707
left_elbow,6,3,7,5,261,5,2,4,3,4,-130.30049034347002,157.1741348232279,28.7474625166698
right_elbow,3,1,2,3,8,267,6,2,3,5,-151.83652245595468,126.46841432553516,27.830493678148983
left_hip,4,1,3,8,257,12,6,4,2,3,-92.1641291008315,92.6705682227094,18.483469732354095
right_hip,1,0,5,3,6,9,258,6,7,5,-156.81922515979429,100.02407933512222,25.684330449491654
left_knee,6,3,1,5,265,8,2,1,3,6,-168.4064093671344,173.15311998744323,34.15595293545775
right_knee,3,4,1,2,9,269,2,3,5,2,-175.9474406401399,160.82999799833476,33.67774386384747
