Joints,0,1,2,3,4,5,6,7,8,9,Min,Max,Step
left_shoulder,1,2,2,2,269,15,3,4,1,1,-86.55952995426979,86.82403104134974,17.33835609956195
right_shoulder,1,1,0,1,3,10,270,11,1,2,-137.09977922911222,79.23222986139297,21.633200909050515
left_elbow,1,2,3,8,5,266,7,3,2,3,-169.06950877208934,157.18989739902892,32.62594061711181
right_elbow,2,1,4,5,271,8,6,1,1,1,-155.22352370575257,166.94761175489538,32.217113546064795
left_hip,1,2,0,5,5,269,9,3,2,4,-132.26361297951195,98.5756506935219,23.083926367303377
right_hip,1,0,2,5,7,263,10,4,6,2,-156.7715063177729,114.46234099729841,27.123384731507144
left_knee,3,2,1,2,11,274,2,2,1,2,-154.76590862613364,144.70734865594525,29.947325728207886
right_knee,5,0,1,4,268,13,2,3,0,4,-163.89331951481182,170.06321019084706,33.39565297056589
