Joints,0,1,2,3,4,5,6,7,8,9,Min,Max,Step
left_shoulder,30,45,57,52,71,32,2,1,2,8,0.0,60.45881770114554,6.045881770114554
right_shoulder,49,60,100,24,15,11,39,1,0,1,0.0,125.7350203358277,12.57350203358277
left_elbow,23,0,14,34,36,15,35,58,39,46,0.0,179.46650949569278,17.94665094956928
right_elbow,20,0,2,20,50,0,2,68,49,89,0.0,179.58270916970605,17.958270916970605
left_hip,7,16,36,12,94,61,46,10,15,3,0.0,173.5172729672112,17.35172729672112
right_hip,10,30,11,33,137,38,27,2,0,12,0.0,180.0,18.0
left_knee,32,0,1,3,11,38,39,1,27,148,0.0,179.30615989778423,17.930615989778424
right_knee,26,14,11,23,10,22,1,25,60,108,0.0,179.43304917898269,17.943304917898267
