Joints,0,1,2,3,4,5,6,7,8,9,Min,Max,Step
left_shoulder,29,15,36,59,86,37,14,0,1,23,0.0,60.34780690578125,6.034780690578125
right_shoulder,54,44,95,22,44,38,1,1,0,1,0.0,125.34722710257155,12.534722710257155
left_elbow,25,0,10,29,41,14,34,20,31,96,0.0,179.3194121514824,17.93194121514824
right_elbow,8,29,17,40,20,1,3,39,58,85,0.0,178.9594368727549,17.89594368727549
left_hip,3,7,23,18,17,135,51,38,7,1,0.0,164.4615965761259,16.44615965761259
right_hip,4,0,31,54,135,23,43,8,0,2,0.0,180.0,18.0
left_knee,12,2,1,2,16,19,25,1,85,137,0.0,180.0,18.0
right_knee,3,1,2,1,17,10,1,9,69,187,0.0,180.0,18.0
