Joints,0,1,2,3,4,5,6,7,8,9,Min,Max,Step
left_shoulder,72,120,86,1,0,7,0,0,0,14,0.0,138.56586545021273,13.856586545021273
right_shoulder,54,54,81,6,49,22,16,1,16,1,0.0,125.26253988196841,12.52625398819684
left_elbow,6,15,11,45,10,0,14,43,40,116,0.0,178.3771343277277,17.83771343277277
right_elbow,3,2,1,7,69,3,29,69,40,77,0.0,179.6022765942215,17.960227659422152
left_hip,19,19,25,28,92,69,24,0,21,3,0.0,180.0,18.0
right_hip,6,28,23,26,92,75,32,17,0,1,0.0,173.7935812087582,17.37935812087582
left_knee,14,17,3,0,0,30,2,13,50,171,0.0,179.2885281414788,17.92885281414788
right_knee,15,3,5,0,10,10,1,2,78,176,0.0,180.0,18.0
