Joints,0,1,2,3,4,5,6,7,8,9,Min,Max,Step
left_shoulder,35,70,88,44,13,0,23,0,2,25,0.0,97.0928212696849,9.70928212696849
right_shoulder,57,44,89,42,36,18,1,0,0,13,0.0,138.8910313641457,13.88910313641457
left_elbow,7,2,12,54,32,16,23,3,74,77,0.0,179.3660928432594,17.93660928432594
right_elbow,20,17,2,28,16,0,5,68,53,91,0.0,178.06521943298526,17.806521943298527
left_hip,6,2,23,16,67,114,11,37,11,13,0.0,159.4646512452727,15.94646512452727
right_hip,10,26,0,12,3,48,58,101,1,41,0.0,125.21692269070059,12.521692269070059
left_knee,29,1,0,14,1,15,1,27,59,153,0.0,179.4971786257797,17.94971786257797
right_knee,20,1,3,14,12,21,2,10,107,110,0.0,180.0,18.0
