Joints,0,1,2,3,4,5,6,7,8,9,Min,Max,Step
left_shoulder,267,10,5,3,3,2,1,2,4,2,0.0,169.62764683394826,16.962764683394827
right_shoulder,266,12,1,1,0,4,5,4,2,4,0.0,197.12514579086232,19.712514579086232
left_elbow,265,12,5,3,2,1,2,2,3,4,0.0,165.92348951344468,16.59234895134447
right_elbow,263,12,5,0,3,2,7,4,2,1,0.0,196.11478640106256,19.611478640106256
left_hip,268,8,9,1,2,1,6,3,0,1,0.0,198.43516898258386,19.843516898258386
right_hip,265,13,2,0,3,5,4,4,1,2,0.0,197.78828817558482,19.778828817558484
left_knee,268,10,4,3,4,3,5,1,0,1,0.0,212.71981181108532,21.271981181108533
right_knee,272,7,1,0,0,7,9,1,1,1,0.0,215.504885911377,21.5504885911377
