Joints,0,1,2,3,4,5,6,7,8,9,Min,Max,Step
left_shoulder,278,9,4,1,2,2,2,0,0,1,0.0,256.8324579118705,25.68324579118705
right_shoulder,280,6,2,1,2,4,2,1,0,1,0.0,264.3594701230606,26.43594701230606
left_elbow,275,10,3,4,1,3,2,0,0,1,0.0,240.9987546973311,24.09987546973311
right_elbow,273,13,1,2,1,3,4,1,0,1,0.0,268.14310788689284,26.814310788689284
left_hip,280,7,4,0,5,0,1,1,0,1,0.0,256.67452859772646,25.667452859772645
right_hip,276,11,2,0,3,4,1,1,0,1,0.0,251.4641111150889,25.14641111150889
left_knee,279,7,3,2,3,2,1,0,1,1,0.0,262.84670651436574,26.284670651436574
right_knee,278,9,1,3,0,3,3,1,0,1,0.0,270.8393966277937,27.08393966277937
