Joints,0,1,2,3,4,5,6,7,8,9,Min,Max,Step
left_shoulder,277,14,3,0,0,1,0,1,2,1,0.0,169.78326625726376,16.978326625726375
right_shoulder,273,17,5,1,0,0,0,0,1,2,0.0,157.20329377518445,15.720329377518445
left_elbow,274,16,3,1,2,0,0,0,1,2,0.0,167.54756077747248,16.75475607774725
right_elbow,275,15,4,0,0,0,0,2,2,1,0.0,177.94136383898731,17.79413638389873
left_hip,281,11,3,1,0,0,1,1,0,1,0.0,196.4967821291653,19.64967821291653
right_hip,275,17,2,1,1,0,1,1,0,1,0.0,197.28567107435487,19.728567107435488
left_knee,278,13,5,0,0,0,2,0,0,1,0.0,212.7757082266079,21.27757082266079
right_knee,280,14,1,0,1,1,1,0,0,1,0.0,214.16504292242848,21.41650429224285
