Joints,0,1,2,3,4,5,6,7,8,9,Min,Max,Step
left_shoulder,276,8,3,0,3,2,2,2,1,2,0.0,169.91231663912075,16.991231663912075
right_shoulder,274,11,2,1,0,2,3,2,1,3,0.0,200.7623911141892,20.07623911141892
left_elbow,275,9,3,0,5,2,1,2,1,1,0.0,179.15673409551727,17.915673409551726
right_elbow,272,9,7,0,0,1,2,4,1,3,0.0,193.7988898276417,19.379888982764168
left_hip,276,8,4,2,3,2,0,2,1,1,0.0,182.8728688560996,18.28728688560996
right_hip,272,10,6,1,0,2,3,1,2,2,0.0,184.75080431781168,18.47508043178117
left_knee,276,7,5,1,1,3,2,1,1,2,0.0,200.58272824875155,20.058272824875154
right_knee,277,8,3,0,0,3,4,1,0,3,0.0,200.58272824875155,20.058272824875154
