Joints,0,1,2,3,4,5,6,7,8,9,Min,Max,Step
left_shoulder,283,6,2,0,4,3,0,0,0,1,0.0,263.07203095799173,26.307203095799174
right_shoulder,284,5,0,0,3,2,4,0,0,1,0.0,274.58480950102603,27.458480950102604
left_elbow,279,10,1,3,2,2,1,0,0,1,0.0,247.12195165314674,24.712195165314675
right_elbow,279,10,0,1,2,3,2,1,0,1,0.0,274.9480300410179,27.49480300410179
left_hip,278,10,3,0,5,1,0,1,0,1,0.0,254.14682972106976,25.414682972106977
right_hip,280,9,0,0,3,5,0,1,0,1,0.0,265.96871187137214,26.596871187137214
left_knee,279,9,2,2,4,1,0,0,1,1,0.0,260.68701453135134,26.068701453135134
right_knee,280,8,1,1,3,3,1,1,0,1,0.0,271.72971704499184,27.172971704499183
