Joints,0,1,2,3,4,5,6,7,8,9,Min,Max,Step
left_shoulder,278,8,1,3,2,4,2,0,0,1,0.0,242.9747280528138,24.29747280528138
right_shoulder,278,8,2,1,3,1,1,3,1,1,0.0,230.06836424883286,23.006836424883286
left_elbow,275,13,0,5,2,2,0,1,0,1,0.0,235.53552055858063,23.553552055858063
right_elbow,272,12,3,4,1,1,0,3,2,1,0.0,224.02872547839257,22.40287254783926
left_hip,276,10,3,2,3,3,0,0,1,1,0.0,235.65619922851712,23.565619922851713
right_hip,277,8,0,6,1,2,3,0,1,1,0.0,232.38261889862926,23.238261889862926
left_knee,278,9,2,3,3,2,0,0,1,1,0.0,252.34461290808383,25.234461290808383
right_knee,275,9,3,4,1,2,2,0,1,2,0.0,230.04071970827172,23.004071970827173
