Joints,0,1,2,3,4,5,6,7,8,9,Min,Max,Step
left_shoulder,1,1,1,5,15,57,11,8,2,2,-146.12317630761737,116.4671812841249,26.259035759174225
right_shoulder,2,6,5,27,45,9,4,4,0,1,-125.20577593319562,172.65474204846538,29.7860517981661
left_elbow,9,1,6,9,28,22,14,4,4,6,-169.0501977051268,170.70196721870633,33.97521649238331
right_elbow,6,4,7,7,38,20,6,8,5,2,-164.2953719938652,174.03011429390338,33.83254862877686
left_hip,2,5,5,10,44,16,8,6,5,2,-119.5326042110489,120.82981137627577,24.03624155873247
right_hip,3,4,11,22,40,15,5,2,0,1,-114.52794188103609,164.30115053094838,27.882909241198448
left_knee,2,4,1,12,49,21,5,4,3,2,-159.64828528995818,164.3654468209934,32.40137321109516
right_knee,6,5,4,6,35,27,6,5,3,6,-124.59022867773966,125.50545758177627,25.009568625951587
