Joints,0,1,2,3,4,5,6,7,8,9,Min,Max,Step
left_shoulder,1,1,4,3,17,47,17,7,4,2,-136.63255558324946,107.85169100089136,24.448424658414083
right_shoulder,3,1,5,8,28,37,8,6,4,3,-138.67668497243213,130.52451643309834,26.920120140553053
left_elbow,6,4,7,12,31,14,15,3,3,8,-169.05018371212532,171.93730539621296,34.09874891083382
right_elbow,7,2,4,10,31,29,7,6,4,3,-172.2763021556213,174.04623141117128,34.63225335667926
left_hip,1,1,10,7,20,35,17,8,0,4,-117.47260389031577,112.29424957882851,22.976685346914437
right_hip,5,1,3,6,16,37,14,12,8,1,-126.17277156000826,100.02534373107605,22.619811529108432
left_knee,2,1,7,8,20,45,7,5,5,3,-159.14642529987518,150.6715311045221,30.981795640439714
right_knee,3,5,8,12,50,12,6,5,0,2,-136.26491009869233,168.63067745177298,30.48955875504653
