Joints,0,1,2,3,4,5,6,7,8,9,Min,Max,Step
left_shoulder,68,4,2,8,8,6,3,0,2,1,0.0,305.88924022725786,30.588924022725784
right_shoulder,67,5,3,6,10,5,3,0,2,1,0.0,311.65647476156795,31.165647476156796
left_elbow,68,3,5,6,7,6,3,1,2,1,0.0,296.39352912626254,29.639352912626254
right_elbow,66,6,3,5,12,4,3,1,1,1,0.0,310.6023508566203,31.060235085662033
left_hip,68,5,2,8,7,6,3,0,2,1,0.0,304.18157230358537,30.41815723035854
right_hip,68,4,2,9,10,3,3,0,2,1,0.0,308.71748539233016,30.871748539233018
left_knee,68,4,2,11,7,4,3,0,2,1,0.0,308.6639894192767,30.866398941927667
right_knee,68,4,2,9,9,4,3,1,1,1,0.0,315.7602954264492,31.57602954264492
