Joints,0,1,2,3,4,5,6,7,8,9,Min,Max,Step
left_shoulder,3,3,9,8,17,49,14,5,3,3,-149.96458523645344,148.06440273005174,29.80289879665051
right_shoulder,2,0,1,8,47,44,8,2,1,1,-51.56739184507836,52.22547763941954,10.379286948449788
left_elbow,4,10,9,16,46,9,9,8,2,1,-120.33061372455913,155.47957332568478,27.58101870502439
right_elbow,2,0,4,15,26,44,18,3,1,1,-10.669399690049104,9.593148180031292,2.026254787008039
left_hip,1,3,7,5,10,67,8,8,4,1,-123.08856335870348,119.98179915124564,24.307036250994912
right_hip,1,0,2,4,6,18,69,7,6,1,-131.80831347056608,83.6908415438261,21.549915501439216
left_knee,3,2,3,9,7,72,10,3,4,1,-180.0,180.0,36.0
right_knee,4,11,2,10,37,21,10,7,8,4,-177.19484405477638,178.96558945584306,35.61604335106196
