Joints,0,1,2,3,4,5,6,7,8,9,Min,Max,Step
left_shoulder,6,4,3,6,12,49,19,5,5,5,-146.8913874448653,125.23515901377205,27.212654645863736
right_shoulder,4,1,1,4,39,54,6,2,0,3,-70.18764476227446,68.91915777659975,13.91068025388742
left_elbow,7,5,6,9,34,25,10,7,7,4,-115.66596288117606,116.96015545987696,23.2626118341053
right_elbow,1,0,3,4,16,25,29,19,11,6,-10.47107336118114,5.743873487174909,1.6214946848356053
left_hip,2,1,16,4,17,54,7,6,2,5,-129.76402390610815,129.55466564536107,25.931868955146925
right_hip,1,0,2,8,14,74,7,5,1,2,-143.88117068557395,129.85494592822866,27.373611661380266
left_knee,4,2,2,12,13,59,11,6,0,5,-180.0,180.0,36.0
right_knee,9,9,5,6,52,7,4,7,11,4,-149.93163250583422,165.97377403523646,31.59054065410706
