Joints,0,1,2,3,4,5,6,7,8,9,Min,Max,Step
left_shoulder,6,3,4,11,49,18,11,8,3,1,-129.08389993171676,134.54341007861368,26.36273100103304
right_shoulder,2,0,1,4,39,60,4,2,0,2,-64.2645884505185,62.12967511094574,12.639426356146423
left_elbow,1,2,6,7,13,45,16,8,10,6,-161.05610496637618,117.40662025724748,27.84627252236237
right_elbow,1,0,0,7,15,41,34,12,3,1,-13.995401495455825,9.612275672947064,2.3607677168402876
left_hip,6,5,7,0,9,66,3,8,4,6,-85.42285764999356,75.71593351848064,16.11387911684743
right_hip,2,2,2,7,63,25,6,2,2,3,-110.68971703702069,112.84082876529406,22.353054580231472
left_knee,4,3,3,6,13,67,6,3,3,6,-180.0,180.0,36.0
right_knee,4,11,7,9,37,20,5,6,12,3,-163.14642114899237,171.25364891736442,33.44000700663568
