Joints,0,1,2,3,4,5,6,7,8,9,Min,Max,Step
left_shoulder,4,4,7,9,63,10,7,6,3,1,-142.60680350815505,165.07484450308147,30.768164801123646
right_shoulder,4,3,2,4,52,36,5,2,3,3,-66.08846836673385,68.00406757747915,13.409253594421301
left_elbow,2,5,8,20,48,15,8,6,1,1,-123.6012837976236,148.63687398809947,27.223815778572302
right_elbow,1,0,0,0,17,95,0,0,0,1,-66.05220188479632,60.57381064962489,12.66260125344212
left_hip,3,0,3,10,5,73,7,6,6,1,-128.53053017537874,117.287817071291,24.581834724666976
right_hip,3,2,7,8,72,7,6,4,2,3,-85.02157865214959,103.40431530755421,18.84258939597038
left_knee,7,3,2,12,8,61,10,1,3,7,-180.0,180.0,36.0
right_knee,4,13,7,4,29,25,10,7,11,4,-166.38428232395492,165.3526539199909,33.17369362439459
