Joints,0,1,2,3,4,5,6,7,8,9,Min,Max,Step
left_shoulder,3,5,5,9,45,27,10,2,5,3,-152.782154105384,155.40001295868947,30.818216706407355
right_shoulder,1,0,2,2,44,58,3,3,0,1,-66.2607852140701,64.3226965134491,13.05834817275192
left_elbow,4,10,6,9,30,30,3,9,9,4,-133.78823281247895,135.53707247859393,26.932530529107282
right_elbow,1,4,10,13,15,29,20,12,7,3,-8.41427159303845,6.736112332881034,1.5150383925919488
left_hip,1,4,8,8,10,58,11,6,7,1,-116.70493320309895,108.75629045562825,22.54612236587272
right_hip,4,1,10,4,42,33,5,9,3,3,-94.39368797425068,95.45791637462351,18.98516043488742
left_knee,3,4,2,8,15,63,9,2,2,6,-180.0,180.0,36.0
right_knee,4,10,4,6,5,53,8,6,6,12,-163.53660596453838,139.25550054573998,30.279210651027824
