Joints,0,1,2,3,4,5,6,7,8,9,Min,Max,Step
left_shoulder,9,3,13,7,1,54,7,7,7,6,0.0,180.0,18.0
right_shoulder,2,11,52,40,7,0,0,0,0,2,81.99535530401573,173.5911539823402,9.159579867832448
left_elbow,6,2,9,15,13,11,9,8,24,17,3.934943052390505,175.968600695179,17.20336576427885
right_elbow,1,0,0,3,22,20,28,25,10,5,76.61889772198859,111.7541931646508,3.5135295442662198
left_hip,11,23,15,14,1,3,41,1,1,4,0.0,132.63444551727636,13.263444551727636
right_hip,10,0,1,3,12,9,8,66,4,1,0.0,145.756070822997,14.575607082299701
left_knee,54,8,2,19,6,1,2,1,3,18,0.0,180.0,18.0
right_knee,6,3,26,2,3,6,9,16,5,38,0.0,179.41221818790427,17.941221818790428
