Joints,0,1,2,3,4,5,6,7,8,9,Min,Max,Step
left_shoulder,10,3,14,10,5,42,9,4,10,7,0.0,180.0,18.0
right_shoulder,1,13,43,44,10,1,0,0,0,2,81.48620941132073,170.7442390790192,8.92580296676985
left_elbow,8,2,12,14,12,11,6,10,22,17,3.4743070718809856,177.18966338237044,17.371535631048946
right_elbow,1,0,2,6,21,29,26,20,4,5,77.95422359615107,113.05180791841171,3.5097584322260644
left_hip,13,21,13,10,4,4,36,3,3,7,0.0,132.87577096873304,13.287577096873303
right_hip,5,1,7,1,5,9,15,6,48,17,0.0,123.77013041897463,12.377013041897463
left_knee,51,6,10,18,4,2,0,1,4,18,0.0,180.0,18.0
right_knee,11,10,21,4,0,10,11,12,3,32,0.0,179.844907951901,17.9844907951901
