Joints,0,1,2,3,4,5,6,7,8,9,Min,Max,Step
left_shoulder,8,11,10,9,4,39,10,11,3,9,0.0,174.3249459556958,17.43249459556958
right_shoulder,1,0,0,0,15,80,13,0,2,3,31.38035805245605,172.66110334869373,14.12807452962377
left_elbow,5,5,9,19,8,7,5,18,25,13,1.6760894973534932,179.99997046140598,17.832388096405246
right_elbow,1,0,2,0,21,33,22,21,9,5,77.38642985611708,112.37848363701708,3.4992053780899965
left_hip,18,26,13,2,7,37,2,7,1,1,0.0,180.0,18.0
right_hip,12,2,3,3,15,11,3,54,10,1,0.0,143.88117068557395,14.388117068557396
left_knee,56,9,4,17,3,2,3,4,3,13,0.0,180.0,18.0
right_knee,10,2,28,6,1,7,4,17,2,37,0.0,179.50444035403962,17.95044403540396
