Joints,0,1,2,3,4,5,6,7,8,9,Min,Max,Step
left_shoulder,111,0,0,0,0,0,0,0,0,2,0.16320686493359782,143.37012435329234,14.320691748835875
right_shoulder,23,36,19,17,7,7,1,1,0,2,0.08602151773451809,8.28970638212978,0.820368486439526
left_elbow,65,7,8,1,6,10,0,1,9,6,0.10808629229418086,131.74255278217345,13.163446648987925
right_elbow,31,36,20,15,6,3,1,0,0,1,0.098868612243744,7.3196657619613985,0.7220797149717655
left_hip,75,0,4,17,3,1,0,0,0,13,0.20681066383916527,236.5844012920741,23.63775906282349
right_hip,90,0,5,2,0,0,0,0,0,16,0.2886050195965865,244.77547275220337,24.44868677326068
left_knee,46,10,15,7,15,2,11,0,3,4,0.2687786039321613,224.75253931804104,22.448376071410888
right_knee,101,0,0,0,0,2,0,2,0,8,0.1844849068790471,210.77805032085712,21.059356541397808
