Joints,0,1,2,3,4,5,6,7,8,9,Min,Max,Step
left_shoulder,34,33,13,13,7,8,2,0,1,2,0.0412209872339,7.2351778175364005,0.71939568303025
right_shoulder,31,32,18,12,8,2,6,3,0,1,0.045775955834129946,5.977747646839104,0.5931971691004974
left_elbow,99,8,1,0,0,0,0,0,0,5,0.06722227277668666,120.23958547203571,12.017236319925903
right_elbow,31,27,18,23,7,3,2,0,0,2,0.031285057668808035,5.735033287949554,0.5703748230280745
left_hip,97,3,0,0,0,0,0,0,0,13,0.028320357604879807,75.86031734475975,7.583199698715487
right_hip,58,15,13,13,4,8,1,0,0,1,0.050105960731153434,17.847947928353147,1.7797841967621995
left_knee,76,5,3,0,9,5,0,3,5,7,0.048118628619957575,111.119541587554,11.107142295893404
right_knee,105,4,0,0,0,0,0,0,0,4,0.04980639146246072,58.70285212924848,5.865304573778602
