Joints,0,1,2,3,4,5,6,7,8,9,Min,Max,Step
left_shoulder,111,0,0,0,0,0,0,0,0,2,0.2517790683150679,136.88103110357366,13.662925203525859
right_shoulder,19,37,20,17,13,2,4,0,0,1,0.09034915226990356,9.40239296227159,0.9312043810001687
left_elbow,61,4,7,0,9,12,2,0,5,13,0.4070643087920095,125.90626493964191,12.54992006308499
right_elbow,27,29,22,13,11,5,4,0,0,2,0.05210093583239064,5.633592989567718,0.5581492053735327
left_hip,72,0,18,11,2,2,0,0,1,7,0.017467615243247418,247.83393236544387,24.78164647502006
right_hip,94,1,0,4,2,0,0,0,0,12,0.2690106557914901,245.3861952692546,24.511718461346312
left_knee,61,5,12,7,17,3,4,0,1,3,0.05438243989547585,227.6551605738399,22.760077813394442
right_knee,103,0,2,0,0,3,1,2,0,2,0.185566332072974,206.34339101796127,20.61578246858883
