Joints,0,1,2,3,4,5,6,7,8,9,Min,Max,Step
left_shoulder,109,0,0,0,0,0,0,0,0,4,0.05007037080625227,146.5515119867661,14.650144161595984
right_shoulder,52,25,24,9,2,0,0,0,0,1,0.30181055665079265,12.784465534918029,1.2482654978267236
left_elbow,62,9,4,1,10,5,6,0,2,14,0.1114350076278466,120.71270079158474,12.060126578395689
right_elbow,39,34,23,11,4,0,0,1,0,1,0.1377978357486926,7.3253456032992625,0.7187547767550571
left_hip,82,0,2,13,2,0,3,0,0,11,0.2263650973938899,237.59372628704915,23.736736118965528
right_hip,91,1,0,3,4,0,1,0,1,12,0.14760088772843624,247.02884645360638,24.688124556587795
left_knee,49,7,10,8,19,10,4,0,2,4,0.02860074932468666,229.0445129262729,22.901591217694822
right_knee,91,0,2,0,0,6,6,0,0,8,0.015494661679577481,212.88962749777238,21.28741328360928
