Joints,0,1,2,3,4,5,6,7,8,9,Min,Max,Step
left_shoulder,111,0,0,0,0,0,0,0,0,2,0.031469831738952445,146.4161665765096,14.638469674477065
right_shoulder,48,44,15,4,1,0,0,0,0,1,0.1251635433872389,15.840450629417134,1.5715287086029897
left_elbow,69,8,3,1,6,7,3,0,6,10,0.2636733253757005,128.7530739351447,12.8489400609769
right_elbow,25,40,32,11,4,0,0,0,0,1,0.06133146838775452,7.968613251863798,0.7907281783476043
left_hip,73,0,19,10,1,1,0,0,1,8,0.09873966339400847,246.48463203921813,24.638589237582412
right_hip,92,0,0,2,5,1,0,0,1,12,0.1988953438358717,241.21799485681117,24.101909951297532
left_knee,50,7,13,6,11,11,8,3,2,2,0.4161805963244814,218.6036871752157,21.81875065788912
right_knee,95,0,2,0,0,0,10,0,2,4,0.058310024948001166,200.5045069174221,20.04461968924741
