Joints,0,1,2,3,4,5,6,7,8,9,Min,Max,Step
left_shoulder,110,1,0,0,0,0,0,0,0,2,0.07343806681672309,136.30089487305474,13.622745680623803
right_shoulder,111,0,0,0,0,0,0,0,0,2,0.06715911770658685,154.6185128825374,15.455135376483081
left_elbow,66,10,5,4,7,0,14,6,0,1,0.15874844930002496,168.03323611714768,16.787448766784767
right_elbow,25,36,25,10,7,4,4,1,0,1,0.09508981810300156,5.402459642904432,0.530736982480143
left_hip,80,0,9,14,0,0,0,0,1,9,0.12753797639529665,242.518663253786,24.23911252773907
right_hip,85,0,3,3,10,0,0,0,3,9,0.1449181108937003,241.0246939405977,24.0879775829704
left_knee,65,7,5,3,9,16,5,1,0,2,0.08750520041978704,215.49498341015317,21.540747820973337
right_knee,101,0,2,0,0,6,0,0,0,4,0.04758089744933828,211.96447088647102,21.19168899890217
