Joints,0,1,2,3,4,5,6,7,8,9,Min,Max,Step
left_shoulder,110,0,1,0,0,0,0,0,1,1,0.2111513933480373,143.74370709807948,14.353255570473143
right_shoulder,49,33,21,7,2,0,0,0,0,1,0.1280258034676021,13.601523392877581,1.347349758940998
left_elbow,59,6,8,5,6,12,1,3,2,11,0.4737080632236843,125.81332297993376,12.533961491671008
right_elbow,32,34,31,10,3,1,0,1,0,1,0.0710629181501488,7.231695758996258,0.7160632840846108
left_hip,71,1,5,17,4,2,0,0,1,12,0.04670377017172874,234.56853301559258,23.452182924542086
right_hip,83,0,1,5,8,0,0,0,3,13,0.09913886080142402,239.8066946518404,23.970755579103898
left_knee,46,7,8,8,15,11,5,5,2,6,0.19170668066351051,222.52066870468602,22.23289620240225
right_knee,97,0,0,0,0,5,1,4,1,5,0.17526362287716546,220.46410005034386,22.02888364274667
