Joints,0,1,2,3,4,5,6,7,8,9,Min,Max,Step
left_shoulder,1,2,5,11,18,60,32,9,3,5,-53.650290276524544,43.0295314967064,9.667982177323097
right_shoulder,1,0,0,6,23,98,14,3,0,1,-90.55694455177772,80.33635793762066,17.08933024893983
left_elbow,3,6,14,11,19,48,14,12,13,6,-169.90893370877689,147.26198709521057,31.717092080398743
right_elbow,5,6,10,46,56,11,6,2,1,3,-105.30269071487636,154.5512622903096,25.98539530051859
left_hip,2,1,1,8,27,88,12,5,1,1,-180.0,169.68350847096733,34.96835084709673
right_hip,1,0,5,2,60,70,3,3,1,1,-175.98410792377416,174.1238786355809,35.0107986559355
left_knee,3,2,11,10,31,61,11,11,1,5,-169.26670107678171,166.9806384089707,33.624733948575226
right_knee,4,5,2,12,33,61,14,7,4,4,-176.4501973894186,174.08158701916247,35.05317844085809
