Joints,0,1,2,3,4,5,6,7,8,9,Min,Max,Step
left_shoulder,5,5,9,19,48,33,16,4,2,5,-39.77730443846834,43.36376197358463,8.314106641205296
right_shoulder,1,1,0,6,30,95,11,0,0,2,-96.70554070094036,89.39458074872346,18.61001214496639
left_elbow,4,7,12,12,22,44,15,17,8,5,-172.88948302974987,159.87385235037712,33.27633353801269
right_elbow,1,3,8,17,78,23,9,4,0,3,-141.80044439555374,160.98633651756055,30.278678091311434
left_hip,2,3,2,12,88,25,7,6,0,1,-155.45487296373952,169.66818821466626,32.51230611784058
right_hip,1,0,7,4,72,49,8,3,1,1,-175.9783294571167,177.9029827523624,35.38813122094791
left_knee,4,3,8,7,37,59,10,10,4,4,-166.80584043294644,165.376995424697,33.21828358576434
right_knee,3,5,4,16,27,62,13,7,3,6,-177.33208943507032,174.54329532937882,35.1875384764449
