Joints,0,1,2,3,4,5,6,7,8,9,Min,Max,Step
left_shoulder,3,1,9,12,35,56,19,3,5,3,-43.13109524886904,40.588562023795376,8.371965727266442
right_shoulder,3,3,13,95,21,9,1,0,0,1,-49.667671002805754,85.25113931988822,13.491881032269397
left_elbow,3,9,11,9,29,49,14,8,9,5,-167.18291563441386,164.15795228064184,33.13408679150558
right_elbow,1,1,7,14,80,24,12,6,0,1,-147.32017886495086,158.00351491299242,30.532369377794325
left_hip,1,3,3,14,85,27,8,4,0,1,-155.6973538997316,169.67362587634634,32.5370979776078
right_hip,1,0,7,4,58,62,8,4,1,1,-175.98038032153534,174.1344498804142,35.01148302019496
left_knee,4,1,12,11,21,68,4,15,5,5,-172.29621564114763,161.90568564742253,33.42019012885703
right_knee,3,5,5,13,45,44,17,7,4,3,-174.0815700462297,174.0815700462297,34.81631400924593
