Joints,0,1,2,3,4,5,6,7,8,9,Min,Max,Step
left_shoulder,6,4,13,27,58,26,5,2,2,3,-41.87380476346573,53.371352687317284,9.524515745078304
right_shoulder,1,6,11,85,32,6,4,0,0,1,-52.449856689244385,85.74997512137328,13.819983181061765
left_elbow,5,6,13,12,19,50,10,17,11,3,-169.0313465755655,160.4491326232936,32.94804791988591
right_elbow,2,1,5,13,78,28,7,9,2,1,-146.37731589822639,152.09578211887018,29.847309801709656
left_hip,1,4,3,6,103,17,6,4,1,1,-155.6483497282344,169.65376461396528,32.530211434219964
right_hip,1,0,6,3,54,71,5,4,1,1,-174.31183369361665,174.12374157067364,34.84355752642901
left_knee,7,2,10,6,22,71,6,11,5,6,-172.23284124013858,164.09233180365456,33.63251730437932
right_knee,6,4,7,10,67,24,12,7,5,4,-174.30934208105992,178.61878699630523,35.292812907736504
