Joints,0,1,2,3,4,5,6,7,8,9,Min,Max,Step
left_shoulder,6,20,40,43,15,3,7,4,3,5,0.5000193384408043,65.87197915303213,6.537195981459132
right_shoulder,33,82,16,12,0,2,0,0,0,1,0.06041366060911042,110.32185868516224,11.026144502455313
left_elbow,25,13,11,10,17,23,11,9,7,20,1.9680977425696409,178.32875753824158,17.636065979567192
right_elbow,8,3,2,12,54,43,11,6,4,3,1.3241197774686169,179.804322155384,17.848020237791538
left_hip,2,0,6,10,53,45,4,9,2,15,0.0,180.0,18.0
right_hip,24,3,3,12,45,55,0,2,0,2,0.0,180.0,18.0
left_knee,19,8,2,1,7,24,4,9,15,57,0.0,180.0,18.0
right_knee,32,0,8,4,8,12,6,9,14,53,0.0,179.33042420995585,17.933042420995584
