Joints,0,1,2,3,4,5,6,7,8,9,Min,Max,Step
left_shoulder,7,17,45,39,18,5,5,2,3,5,0.4995953365606307,64.35079670716242,6.385120137060179
right_shoulder,42,78,15,8,1,1,0,0,0,1,0.5307680881358968,110.92559809339579,11.039483000525989
left_elbow,17,8,15,7,19,22,12,12,13,21,0.0,178.5092226656906,17.85092226656906
right_elbow,7,5,3,31,52,30,5,5,4,4,11.835230047808606,179.80432159941242,16.796909155160378
left_hip,3,0,4,6,56,45,4,9,5,14,0.0,180.0,18.0
right_hip,26,4,4,10,46,48,3,1,1,3,0.0,180.0,18.0
left_knee,22,8,1,1,8,27,4,11,11,53,0.0,180.0,18.0
right_knee,32,3,5,5,11,14,7,10,16,43,0.0,180.0,18.0
