Joints,0,1,2,3,4,5,6,7,8,9,Min,Max,Step
left_shoulder,5,21,50,36,13,5,4,5,4,3,0.4999187737602422,66.90287701550496,6.640295824174471
right_shoulder,35,77,23,9,1,0,0,0,0,1,0.06041277932219032,109.62899782880208,10.95685850494799
left_elbow,23,10,10,8,21,23,12,8,11,20,6.51309673555772,178.50921091852265,17.19961141829649
right_elbow,4,5,3,14,57,41,8,5,4,5,3.1589551679941987,179.80437230353886,17.664541713554463
left_hip,2,0,7,9,66,35,3,6,5,13,0.0,180.0,18.0
right_hip,23,4,2,12,44,56,2,1,0,2,0.0,180.0,18.0
left_knee,19,10,2,0,9,25,5,7,13,56,0.0,179.64112857676545,17.964112857676547
right_knee,29,2,9,5,12,14,5,8,12,50,0.0,179.2716745297427,17.92716745297427
