Joints,0,1,2,3,4,5,6,7,8,9,Min,Max,Step
left_shoulder,88,7,11,7,15,7,4,4,0,2,0.2943374483384024,273.49773825657564,27.320340080823723
right_shoulder,85,14,6,2,9,6,10,7,2,4,0.847824516472727,219.77557214357427,21.892774762710154
left_elbow,89,4,8,6,18,6,3,4,5,2,0.5665606241658114,264.29921541094643,26.373265478678064
right_elbow,92,6,6,2,4,7,7,11,6,4,0.24313522087870745,227.51462521115283,22.727148999027413
left_hip,90,3,7,9,15,9,4,4,2,2,0.1131591796875,268.01327857691064,26.790011939722312
right_hip,93,3,9,3,9,14,7,5,1,1,1.1478029968859256,264.83552890689754,26.368772591001164
left_knee,85,6,7,14,17,5,2,3,1,5,0.096893310546875,280.5624574324524,28.04655641219055
right_knee,75,15,16,10,12,7,3,3,1,3,0.096893310546875,300.5111665203267,30.04142732097798
