Joints,0,1,2,3,4,5,6,7,8,9,Min,Max,Step
left_shoulder,78,5,8,8,16,18,5,3,2,2,0.438371087891208,251.88250122750355,25.144413013961234
right_shoulder,76,12,3,9,7,17,16,1,3,1,0.4269797582355734,243.8987437992146,24.3471764040979
left_elbow,75,6,13,3,19,13,7,4,2,3,0.6169229993737605,264.1247197114754,26.350779671210166
right_elbow,76,5,7,9,6,15,18,5,3,1,0.8100049379124864,260.51290435626896,25.97028994183565
left_hip,75,7,8,7,16,20,7,2,0,3,0.09246826171875,259.66162558089457,25.956915731917583
right_hip,75,7,8,5,5,26,12,2,3,2,1.2740269035471834,246.14456673163312,24.487053982808593
left_knee,74,3,11,16,14,13,5,4,3,2,0.072784423828125,263.15994537410387,26.308716095027574
right_knee,67,10,14,11,18,17,1,4,2,1,0.072784423828125,289.15087188665785,28.907808746282974
