Joints,0,1,2,3,4,5,6,7,8,9,Min,Max,Step
left_shoulder,81,7,10,6,5,14,12,4,3,3,0.27167646941288565,218.1133205761597,21.784164410674684
right_shoulder,81,10,5,5,9,13,9,9,1,3,0.17953110336966085,217.25247715406888,21.707294605069922
left_elbow,78,11,11,5,10,13,6,2,3,6,0.6170222225305997,238.1254944096343,23.75084721871037
right_elbow,78,7,8,6,5,11,11,12,3,4,0.572037335989018,227.06233566314341,22.64902983271544
left_hip,79,7,7,11,2,10,19,4,2,4,0.09466552734375,213.7216273951813,21.362696186783754
right_hip,83,2,6,8,2,6,21,12,2,3,0.8801020929910072,206.1726616847297,20.52925595917387
left_knee,71,10,7,16,13,11,7,2,5,3,0.074859619140625,232.39744705107543,23.23225874319348
right_knee,67,12,4,10,12,10,14,7,4,5,0.074859619140625,215.49772880416927,21.542286918502864
