Joints,0,1,2,3,4,5,6,7,8,9,Min,Max,Step
left_shoulder,78,7,9,7,26,11,2,1,1,3,0.3938896535222541,268.33990903665403,26.79460193831318
right_shoulder,77,9,4,6,12,12,15,5,1,4,0.3562352728420405,229.97222711470704,22.9615991841865
left_elbow,71,8,18,6,20,10,3,5,1,3,0.2117694442850188,283.4041542644902,28.319238482020516
right_elbow,76,5,6,7,3,14,16,11,4,3,0.39232615372273705,237.59545824437842,23.72031320906557
left_hip,77,5,7,7,20,18,7,0,1,3,0.0936279296875,261.0170099742886,26.092338204460113
right_hip,78,4,3,9,7,20,17,2,2,3,0.3422293964521625,237.06234947306717,23.6720120076615
left_knee,71,4,11,15,17,14,5,3,2,3,0.073638916015625,262.771236414209,26.269759749819336
right_knee,65,9,12,18,19,15,2,1,3,1,0.073638916015625,288.66876724874777,28.859512833273214
