Joints,0,1,2,3,4,5,6,7,8,9,Min,Max,Step
left_shoulder,86,6,6,7,3,15,10,6,4,2,0.3967849879053088,220.9956663570211,22.059888136911578
right_shoulder,86,10,0,4,10,8,17,5,3,2,0.9196302172803492,230.30453599587884,22.93849057785985
left_elbow,79,15,8,5,8,14,3,4,5,4,0.7872549633421498,236.5001605592045,23.571290559586235
right_elbow,84,3,7,5,4,10,14,9,5,4,0.14536131794595988,236.85339215987426,23.67080308419283
left_hip,83,7,7,7,2,20,6,6,4,3,0.091400146484375,225.63631875504296,22.554491860855858
right_hip,86,5,4,4,6,12,17,5,5,1,0.233487518003541,230.9473421092729,23.071385459126937
left_knee,78,6,10,8,11,16,5,3,4,4,0.07171630859375,239.08391495375068,23.901219864515692
right_knee,72,12,7,6,13,19,7,5,1,3,0.07171630859375,259.6608607186536,25.958914441005987
