Joints,0,1,2,3,4,5,6,7,8,9,Min,Max,Step
left_shoulder,85,9,11,6,22,7,3,1,0,1,0.8007641991466018,269.342523754025,26.85417595548784
right_shoulder,85,10,8,3,7,9,12,8,0,3,0.526244065567502,217.3843827502811,21.68581386847136
left_elbow,88,5,15,6,18,9,1,1,1,1,1.0753051370838695,283.4552872457694,28.23799821086855
right_elbow,85,6,7,5,5,10,12,12,0,3,0.4952055245190043,227.22012327137332,22.672491774685433
left_hip,85,7,7,9,17,14,4,0,1,1,0.09454345703125,260.92628591422067,26.083174245718943
right_hip,86,6,6,5,7,13,15,4,1,2,1.5519703637857236,228.00394337150672,22.6451973007721
left_knee,75,7,10,17,14,10,9,0,2,1,0.074371337890625,248.70739804654298,24.863302670865234
right_knee,68,13,10,13,12,15,9,2,2,1,0.074371337890625,254.22286144800563,25.4148490110115
