Joints,0,1,2,3,4,5,6,7,8,9,Min,Max,Step
left_shoulder,83,9,4,8,5,19,12,2,2,1,0.2274251160626985,217.8030505386616,21.75756254225989
right_shoulder,83,12,7,3,4,8,7,14,6,1,0.2652189015935275,203.16162874422372,20.28964098426302
left_elbow,78,12,9,7,8,16,5,4,4,2,0.2814692524983758,232.28794027379348,23.200647102129512
right_elbow,83,6,10,4,5,0,11,17,7,2,0.21076704683834546,212.89131597041683,21.268054892357846
left_hip,79,9,4,7,6,3,18,12,2,5,0.104278564453125,190.75775655333703,19.06534779888839
right_hip,83,5,3,14,2,2,11,18,6,1,0.07301418459372216,199.91363686854007,19.984062268394634
left_knee,74,7,7,14,14,14,7,1,4,3,0.0848388671875,220.47843701350055,22.039359814631304
right_knee,69,11,3,14,12,5,13,11,5,2,0.0848388671875,205.09270239741542,20.500786353022793
