Joints,0,1,2,3,4,5,6,7,8,9,Min,Max,Step
left_shoulder,1,0,1,4,7,38,95,12,2,4,-89.38147339274323,56.510470422602346,14.589194381534554
right_shoulder,3,1,2,1,53,95,2,5,0,2,-165.67754153986394,164.30797001994569,32.99855115598095
left_elbow,3,4,6,9,108,19,6,4,3,2,-88.07321837318372,100.010953758692,18.808417213187568
right_elbow,6,3,5,15,107,17,2,2,4,3,-120.53666906877457,144.90747010829847,26.544413917707303
left_hip,2,7,3,10,90,33,8,3,6,2,-131.05038619222265,133.7158268404986,26.476621303272125
right_hip,2,0,4,7,53,86,6,3,0,3,-180.0,180.0,36.0
left_knee,1,1,3,7,9,114,13,12,3,1,-175.54451100713104,136.64441719274913,31.218892819988014
right_knee,3,3,2,12,108,20,10,3,0,3,-163.8916695357235,180.0,34.38916695357236
