Joints,0,1,2,3,4,5,6,7,8,9,Min,Max,Step
left_shoulder,2,3,8,42,97,4,6,1,0,1,-91.1815495166999,132.82597597710318,22.400752549380314
right_shoulder,2,2,2,3,45,101,2,5,0,2,-164.16745249516057,162.25660668935228,32.64240591845129
left_elbow,3,4,6,6,106,21,8,3,4,3,-88.1473933427553,96.289495226521,18.443688856927622
right_elbow,4,4,6,15,109,13,4,3,3,3,-119.24342086860479,143.5852141725313,26.282863504113607
left_hip,3,5,3,11,105,21,5,2,7,2,-133.63793099024062,140.88063531754003,27.451856630778067
right_hip,4,0,3,5,56,84,5,4,0,3,-180.0,180.0,36.0
left_knee,2,2,7,7,9,110,9,12,3,3,-136.4393217340957,118.82426843513264,25.52635901692284
right_knee,5,2,2,11,104,20,11,4,2,3,-163.87945751298702,180.0,34.3879457512987
