Joints,0,1,2,3,4,5,6,7,8,9,Min,Max,Step
left_shoulder,1,0,2,3,11,83,46,10,4,4,-94.23590835764296,63.52249434876975,15.775840270641268
right_shoulder,2,1,2,3,43,104,3,4,1,1,-163.31096356995434,161.00822208123245,32.43191856511868
left_elbow,3,4,6,6,97,30,9,4,2,3,-92.35938740416805,98.49024048585964,19.084962789002773
right_elbow,6,2,8,12,113,11,3,3,3,3,-119.69420490363049,145.98570970590055,26.567991460953095
left_hip,5,5,5,7,120,8,5,3,4,2,-114.67183746232371,134.90838251498008,24.958021997730384
right_hip,4,0,4,7,55,83,5,3,0,3,-180.0,180.0,36.0
left_knee,2,2,4,7,17,108,12,8,2,2,-141.037508323458,130.14061176337935,27.117812008683728
right_knee,3,3,2,14,105,22,9,1,3,2,-163.8661851766095,180.0,34.386618517660935
