Joints,0,1,2,3,4,5,6,7,8,9,Min,Max,Step
left_shoulder,1,0,1,4,10,60,71,10,2,5,-91.38133047950257,60.720012948205316,15.210134342770786
right_shoulder,3,0,2,5,110,36,3,3,0,2,-161.011319823782,165.58398981496163,32.659530963874374
left_elbow,3,3,6,9,107,22,5,4,3,2,-87.50377004355202,98.5612166693988,18.606498671295086
right_elbow,6,4,9,15,107,13,2,2,3,3,-109.83216969870172,144.2129470089485,25.404511670765018
left_hip,2,8,2,9,106,21,5,3,6,2,-133.74103527543434,138.7838347587111,27.252487003414544
right_hip,4,0,4,6,52,85,6,5,0,2,-180.0,180.0,36.0
left_knee,1,3,0,11,7,101,23,9,6,3,-137.38717975877415,101.58104159489537,23.89682213536696
right_knee,5,1,7,11,109,17,6,3,2,3,-147.925947567473,180.0,32.792594756747306
