Joints,0,1,2,3,4,5,6,7,8,9,Min,Max,Step
left_shoulder,2,3,6,35,105,6,6,0,0,1,-93.73329720348544,132.8791978916808,22.661249509516622
right_shoulder,3,0,2,4,70,77,2,4,0,2,-164.16524317008006,163.80632363941638,32.797156680949655
left_elbow,3,3,7,7,99,28,7,5,2,3,-88.1328761297506,95.83760374801287,18.397047987776347
right_elbow,6,4,9,13,108,14,3,1,3,3,-111.02210903865887,143.36313944971022,25.438524848836906
left_hip,2,9,2,11,98,24,6,2,8,2,-134.2909618455305,138.73300999213288,27.30239718376633
right_hip,2,0,4,4,22,114,9,6,2,1,-180.0,164.85256646334,34.485256646333994
left_knee,4,2,8,7,53,67,8,10,3,2,-118.93922012916931,118.93922012916931,23.787844025833863
right_knee,4,1,6,10,113,16,8,2,1,3,-148.62717166680451,180.0,32.862717166680454
