Joints,0,1,2,3,4,5,6,7,8,9,Min,Max,Step
left_shoulder,52,66,20,7,7,4,6,0,0,2,0.0,132.8259771845215,13.282597718452148
right_shoulder,44,57,40,11,2,1,2,0,5,2,8.16161191772662,175.36403823145852,16.72024263137319
left_elbow,5,12,7,66,42,13,6,2,8,3,26.121159536569177,160.22210542624276,13.410094588967358
right_elbow,14,9,32,24,29,22,11,13,6,4,9.39466191792516,172.0888961812083,16.269423426328313
left_hip,7,19,20,13,13,31,39,14,0,8,0.0,180.0,18.0
right_hip,28,8,0,13,17,39,13,9,11,26,0.0,180.0,18.0
left_knee,23,43,36,12,6,20,9,6,6,3,0.0,136.4393217340957,13.64393217340957
right_knee,79,9,22,15,8,10,8,9,3,1,0.0,180.0,18.0
