Joints,0,1,2,3,4,5,6,7,8,9,Min,Max,Step
left_shoulder,48,66,25,7,7,1,9,0,0,1,0.0,125.78478243993573,12.578478243993573
right_shoulder,43,59,40,9,2,1,2,1,4,3,8.62654051490945,176.2472462703062,16.762070575539674
left_elbow,7,9,11,73,33,13,7,1,6,4,28.26765777301609,159.63593314926362,13.136827537624754
right_elbow,11,7,33,24,23,24,12,15,9,6,8.637448906090787,167.3196484657187,15.868219955962791
left_hip,10,20,19,12,13,32,38,14,0,6,0.0,180.0,18.0
right_hip,25,6,0,14,18,38,11,9,8,35,0.0,180.0,18.0
left_knee,30,66,23,12,15,10,7,0,0,1,0.0,180.0,18.0
right_knee,77,13,22,15,9,8,8,7,3,2,0.0,180.0,18.0
