Joints,0,1,2,3,4,5,6,7,8,9,Min,Max,Step
left_shoulder,49,62,28,6,9,0,9,0,0,1,0.0,127.72305787799152,12.772305787799151
right_shoulder,42,57,41,12,1,2,1,4,2,2,8.153966400937579,177.97527980179908,16.98213134008615
left_elbow,4,11,7,75,33,16,6,2,6,4,26.347012175529795,160.36975131109375,13.402273913556396
right_elbow,15,7,34,27,24,19,15,12,7,4,8.637929479108944,172.08875520492725,16.34508257258183
left_hip,10,15,22,13,15,33,37,13,0,6,0.0,180.0,18.0
right_hip,29,5,0,12,21,34,12,9,9,33,0.0,180.0,18.0
left_knee,22,45,38,10,6,17,8,12,4,2,0.0,137.38717975877415,13.738717975877416
right_knee,80,14,20,14,8,3,13,8,2,2,0.0,180.0,18.0
