Joints,0,1,2,3,4,5,6,7,8,9,Min,Max,Step
left_shoulder,47,65,28,7,7,0,9,0,0,1,0.0,128.37504797191764,12.837504797191764
right_shoulder,44,53,45,10,3,0,3,0,5,1,8.160965004350539,171.47192857430485,16.33109635699543
left_elbow,5,10,6,66,40,17,6,3,7,4,25.717352222419507,159.6355852248412,13.391823300242166
right_elbow,13,8,30,25,21,29,11,13,9,5,8.63795328844065,167.31960647388544,15.868165318544479
left_hip,9,19,18,14,14,33,39,13,0,5,0.0,180.0,18.0
right_hip,26,9,0,14,19,36,12,7,10,31,0.0,180.0,18.0
left_knee,24,52,35,10,10,15,8,5,3,2,0.0,145.06939200635128,14.506939200635127
right_knee,82,13,19,16,8,6,10,7,1,2,0.0,180.0,18.0
