Joints,0,1,2,3,4,5,6,7,8,9,Min,Max,Step
left_shoulder,77,54,20,9,0,0,2,0,0,1,0.09397001204493134,15.175483858693873,1.5081513846648942
right_shoulder,17,38,39,29,9,13,7,5,2,4,0.11738584442317015,4.868291443055723,0.4750905598632553
left_elbow,103,24,10,10,8,6,0,0,0,2,0.2071531876859763,67.80672451917837,6.75995713314924
right_elbow,97,37,11,9,5,1,0,0,0,3,0.13753984789805554,30.082283449921487,2.9944743602023434
left_hip,103,33,13,3,2,1,3,3,1,1,0.14299224861689566,69.52413653280097,6.938114428418407
right_hip,132,5,1,6,9,1,3,1,0,5,0.3750458691776632,183.1223596343119,18.274731376513422
left_knee,130,2,4,1,0,3,6,11,4,2,0.3037457266045074,129.75503742863555,12.945129170203103
right_knee,109,5,18,19,2,4,3,0,0,3,0.2986981096017815,178.1006172823888,17.780191917278703
