Joints,0,1,2,3,4,5,6,7,8,9,Min,Max,Step
left_shoulder,70,64,16,9,0,2,0,1,0,1,0.15892355151403725,14.918276000523438,1.47593524490094
right_shoulder,32,45,35,24,13,5,6,2,0,1,0.21684548935346026,6.1632853637647855,0.5946439874411326
left_elbow,104,23,9,12,6,7,0,0,0,2,0.1989929986424778,67.96123486717059,6.776224186852811
right_elbow,98,36,13,9,2,2,0,0,1,2,0.41690415261595776,30.47400625686473,3.005710210424877
left_hip,127,19,6,1,3,4,1,0,0,2,0.2015106256401245,102.15591628778135,10.195440566214122
right_hip,131,8,1,6,7,1,4,0,1,4,0.2578117906134412,182.63597226233819,18.237816047172476
left_knee,130,2,4,1,0,3,6,11,4,2,0.07206763389179031,129.92799690833905,12.985592927444728
right_knee,111,3,21,15,3,4,3,0,0,3,0.17538586030724213,177.12480429875785,17.69494184384506
