Joints,0,1,2,3,4,5,6,7,8,9,Min,Max,Step
left_shoulder,76,57,18,8,0,2,1,0,0,1,0.21346205953197828,15.061081712922592,1.4847619653390614
right_shoulder,21,33,31,29,24,9,6,4,5,1,0.1026893640975041,4.995358672724406,0.48926693086269024
left_elbow,100,27,7,14,6,6,1,0,0,2,0.03424458473442805,67.1796645850982,6.714542000036377
right_elbow,96,40,12,7,3,2,0,0,1,2,0.09525692572236068,29.986885863022557,2.9891628937300196
left_hip,91,40,17,4,2,2,0,2,2,3,0.16824790025537306,53.31599472702908,5.3147746826773705
right_hip,133,7,0,4,8,2,3,1,0,5,0.2904858379207396,179.95369313660174,17.9663207298681
left_knee,136,2,1,1,0,5,5,9,2,2,0.2653645560442705,130.02994487608595,12.97645803200417
right_knee,102,7,26,11,5,6,2,0,2,2,0.16487778734829187,186.61375249821504,18.644887471086673
