Joints,0,1,2,3,4,5,6,7,8,9,Min,Max,Step
left_shoulder,72,57,19,11,1,0,1,1,0,1,0.1854540065450669,14.974355821924508,1.478890181537944
right_shoulder,16,47,40,21,13,12,5,4,4,1,0.06756982947091557,5.347580560969881,0.5280010731498965
left_elbow,105,23,10,11,8,4,0,0,0,2,0.3107487188266645,71.0770361199363,7.076628740110964
right_elbow,95,38,13,8,4,2,0,0,0,3,0.1984559800758676,29.552058850424714,2.935360287034885
left_hip,124,24,4,0,4,4,1,0,0,2,0.10004466096085043,103.7216480006927,10.362160333973184
right_hip,134,7,0,5,5,2,4,0,1,5,0.14731022177850614,181.33365788632088,18.11863476645424
left_knee,133,1,4,1,0,5,4,10,3,2,0.07635367268113957,130.39282011755319,13.031646644487205
right_knee,108,7,21,13,3,4,1,0,2,4,0.21699953701987845,187.60888545145923,18.739188591443934
