Joints,0,1,2,3,4,5,6,7,8,9,Min,Max,Step
left_shoulder,70,57,20,10,3,1,1,0,0,1,0.13338091667673613,15.029979749353556,1.489659883267682
right_shoulder,21,36,38,25,9,12,9,6,5,2,0.19987422268249944,4.707723952999596,0.4507849730317097
left_elbow,104,24,8,11,6,8,0,0,0,2,0.3182950602112853,67.99432219969175,6.767602713948046
right_elbow,99,38,12,4,5,2,0,0,1,2,0.13319885370812012,30.5045528893652,3.037135403565708
left_hip,99,35,12,4,4,1,3,3,1,1,0.42331471198082904,68.34009858622636,6.791678387424554
right_hip,134,7,0,6,4,2,4,0,2,4,0.1384103930676958,182.16892939092256,18.203051899785486
left_knee,129,1,3,1,2,4,9,9,2,3,0.10282872504664033,130.64688436661757,13.054405564157094
right_knee,113,3,18,17,3,3,3,0,0,3,0.1880085636938683,177.1004759256274,17.691246736193353
