Joints,0,1,2,3,4,5,6,7,8,9,Min,Max,Step
left_shoulder,63,64,19,12,1,2,1,0,0,1,0.034991477568396434,14.758882212516852,1.4723890734948455
right_shoulder,25,33,33,28,15,14,6,2,6,1,0.12251949161466265,5.089374846907667,0.49668553552930045
left_elbow,102,22,9,12,8,8,0,0,0,2,0.04297403823215725,67.23658421737059,6.719361017913843
right_elbow,95,39,10,9,5,2,0,0,0,3,0.23207764418610036,29.968885508262535,2.9736807864076433
left_hip,128,21,3,2,3,3,1,0,0,2,0.09864996770347323,104.26009094799471,10.416144098029124
right_hip,131,6,0,8,6,2,4,0,1,5,0.08746836741903137,181.4729108364776,18.13854424690586
left_knee,130,2,6,2,0,4,5,9,2,3,0.07736935289612523,130.42852725793043,13.035115790503431
right_knee,108,4,23,16,3,3,2,0,2,2,0.08669438755567771,178.02275928575546,17.79360648981998
