Joints,0,1,2,3,4,5,6,7,8,9,Min,Max,Step
left_shoulder,65,61,25,7,1,0,2,1,0,1,0.0,15.041159300292229,1.5041159300292228
right_shoulder,11,30,32,33,25,18,3,6,3,2,0.0,4.712139940042395,0.47121399400423947
left_elbow,97,29,10,13,4,6,2,0,0,2,0.0,66.83636776825803,6.683636776825803
right_elbow,85,43,12,13,6,2,0,0,0,2,0.0,27.693283587079712,2.769328358707971
left_hip,92,36,13,9,2,2,2,1,3,3,0.0,52.40984653985887,5.240984653985887
right_hip,130,7,1,4,10,2,4,0,0,5,0.0,181.15125129644062,18.115125129644063
left_knee,126,1,3,4,1,4,8,10,3,3,0.0,129.57723438982916,12.957723438982915
right_knee,108,6,17,20,2,4,3,0,0,3,0.0,178.3520029784572,17.83520029784572
