Joints,0,1,2,3,4,5,6,7,8,9,Min,Max,Step
left_shoulder,2,3,11,13,20,60,35,12,6,6,-134.34006189333752,111.58974200596487,24.592980389930233
right_shoulder,11,9,7,8,55,45,9,7,11,6,-115.98446399537056,119.19084517017826,23.517530916554875
left_elbow,4,6,15,21,30,47,15,13,12,5,-169.61844329323247,162.28190914124374,33.190035243447625
right_elbow,8,9,9,15,28,56,12,13,11,7,-175.64098848288182,169.59346266007557,34.523445114295725
left_hip,4,2,6,28,76,31,13,3,1,4,-78.59050400012968,87.85299616031564,16.644350016044534
right_hip,6,1,3,10,32,85,17,6,1,7,-90.10194042096664,80.54247087296008,17.064441129392677
left_knee,2,1,8,10,80,46,10,8,1,2,-174.20100144401675,177.28467179160083,35.148567323561764
right_knee,2,3,6,19,57,53,16,9,1,2,-151.43415841533522,154.4433003925353,30.587745880787054
