Joints,0,1,2,3,4,5,6,7,8,9,Min,Max,Step
left_shoulder,2,3,12,41,34,47,11,9,8,1,14.16168824526882,149.266941806541,13.510525356127221
right_shoulder,2,0,1,3,5,22,20,100,14,1,24.86690788021039,145.26095732049274,12.039404944028234
left_elbow,22,5,11,1,3,10,49,52,10,5,0.0,180.0,18.0
right_elbow,12,1,4,0,6,7,8,26,20,84,2.8712014691426133,179.99999112732402,17.712878965818142
left_hip,1,0,0,2,0,24,45,13,24,59,21.638315175537144,121.69658502700071,10.005826985146356
right_hip,2,3,0,0,0,7,45,58,28,25,37.56717424119059,120.72291381545284,8.315573957426224
left_knee,1,0,0,2,4,2,0,5,17,137,9.307877257402033,179.99999260610338,17.069211534870135
right_knee,1,0,0,1,2,3,3,9,54,95,28.96638863019608,179.9999991462264,15.10336105160303
