Joints,0,1,2,3,4,5,6,7,8,9,Min,Max,Step
left_shoulder,12,8,9,31,45,29,20,10,3,1,2.4148365394514667e-06,172.55638176416073,17.25563793493242
right_shoulder,21,7,5,6,10,16,64,36,1,2,2.752567633864444,162.48720270536347,15.973463507149905
left_elbow,13,7,8,10,11,10,32,38,18,21,0.0,178.78263220154525,17.878263220154526
right_elbow,15,3,7,12,9,9,13,27,18,55,0.0,179.99998975471627,17.999998975471627
left_hip,1,2,4,12,44,42,55,6,1,1,14.641113599443345,169.56874765875548,15.492763405931212
right_hip,2,2,4,1,4,9,49,59,35,3,0.0,135.9464556887367,13.59464556887367
left_knee,4,0,0,2,3,9,5,10,27,108,0.0,180.0,18.0
right_knee,2,0,1,1,3,13,11,12,47,78,1.3481772991340537,179.99996766913526,17.86517903700012
