Joints,0,1,2,3,4,5,6,7,8,9,Min,Max,Step
left_shoulder,7,6,7,24,38,43,19,13,7,4,0.9592539521141537,155.8965025796611,15.493724862754696
right_shoulder,4,5,3,1,5,8,22,73,43,4,0.0,147.9758004141703,14.79758004141703
left_elbow,19,8,12,7,11,12,43,36,10,10,4.150083612462526,179.23588228611538,17.508579867365285
right_elbow,44,8,5,2,3,9,18,22,15,42,7.443026089337887e-06,179.99999453318128,17.99999870901552
left_hip,3,5,2,3,5,33,40,28,47,2,3.1830082643666917,138.85374524362902,13.567073697926233
right_hip,3,2,4,4,18,80,51,3,1,2,7.182589682648689,170.56379661694734,16.338120693429865
left_knee,3,0,4,3,1,7,3,5,30,112,12.685388089633634,179.99991848361657,16.731453039398293
right_knee,4,1,2,1,3,10,4,9,33,101,0.0,179.73951993540362,17.97395199354036
