Joints,0,1,2,3,4,5,6,7,8,9,Min,Max,Step
left_shoulder,1,0,0,3,11,75,18,6,1,1,-156.27007043588011,119.11135844762684,27.538142888350706
right_shoulder,1,2,6,26,61,12,6,1,0,1,-63.20843532837068,82.49034465938067,14.569877998775134
left_elbow,1,2,0,3,10,76,18,3,1,2,-173.12755308689202,136.64454700908442,30.977210009597655
right_elbow,1,2,3,13,71,16,6,3,0,1,-124.23622822173442,145.87207710978217,27.010830533151662
left_hip,3,3,6,22,48,18,6,6,2,2,-63.97434697083621,75.32432823149394,13.929867520233017
right_hip,4,4,3,3,54,35,3,3,4,3,-106.86777995075272,109.77504504762621,21.664282499837896
left_knee,1,0,0,1,38,69,5,0,0,2,-165.51469461694015,158.02049526544454,32.35351898823845
right_knee,5,74,33,3,0,0,0,0,0,1,-35.978487187910275,153.0597598556173,18.903824704352758
