Joints,0,1,2,3,4,5,6,7,8,9,Min,Max,Step
left_shoulder,2,1,10,20,48,21,7,3,1,3,-65.69605278294222,77.56240527799417,14.32584580609364
right_shoulder,1,0,3,5,67,33,5,1,0,1,-110.42738541452714,119.13416941491256,22.95615548294397
left_elbow,2,2,1,2,11,64,24,5,4,1,-164.87576177857736,125.10440153524296,28.99801633138202
right_elbow,2,2,0,10,70,23,5,1,0,3,-144.43372764893257,159.4320645481699,30.386579219710242
left_hip,1,2,5,4,30,51,12,5,4,2,-89.72747960795247,79.12213137782177,16.88496109857742
right_hip,4,5,1,4,29,61,1,2,5,4,-104.70928252539579,100.7188007964746,20.542808332187036
left_knee,3,0,0,0,44,64,2,0,1,2,-164.48251473590017,160.55078524421646,32.50332999801168
right_knee,1,0,2,1,13,96,0,0,2,1,-151.76779097083858,142.32964197399397,29.409743294483263
