Joints,0,1,2,3,4,5,6,7,8,9,Min,Max,Step
left_shoulder,1,1,0,4,13,67,21,5,3,1,-151.7942590708753,117.86552844920692,26.965978752008226
right_shoulder,1,2,0,6,15,60,24,4,2,2,-90.77880397134844,74.51506384455175,16.52938678159002
left_elbow,3,2,1,8,26,55,15,3,1,2,-151.8617955833336,139.6919066711376,29.155370225447115
right_elbow,1,4,3,17,67,17,2,2,2,1,-124.08583967622288,152.20952535736262,27.62953650335855
left_hip,1,2,4,7,18,43,23,7,5,6,-63.97084864755036,49.30815560310985,11.327900425066026
right_hip,2,3,2,3,10,74,13,1,3,5,-123.05835456620758,99.68242844582693,22.274078301203446
left_knee,1,0,0,1,34,74,4,1,0,1,-114.27521871136958,105.00844674182319,21.928366545319278
right_knee,1,2,1,2,40,62,3,2,2,1,-54.874105010820685,51.99608427624835,10.687018928706905
