Joints,0,1,2,3,4,5,6,7,8,9,Min,Max,Step
left_shoulder,1,1,2,1,10,69,24,4,2,2,-156.41798345980783,119.46067346612705,27.587865692593482
right_shoulder,3,0,4,7,43,46,6,3,2,2,-71.49349387653416,72.05873661368834,14.35522304902225
left_elbow,2,1,2,6,32,56,12,4,0,1,-177.9672029954993,168.94739653367654,34.69145995291757
right_elbow,2,2,1,9,36,50,12,0,3,1,-112.19301172954049,110.33652499003904,22.252953671957954
left_hip,4,8,10,42,36,7,6,2,0,1,-61.65161224020839,95.46227279661612,15.71138850368245
right_hip,3,5,3,3,30,58,5,2,2,5,-110.58844878180979,106.55536921535645,21.714381799716634
left_knee,2,0,8,59,39,5,0,2,0,1,-75.96027734053087,118.69187729076185,19.46521546312927
right_knee,1,2,3,84,20,3,1,1,0,1,-80.43494996730111,127.77632423146555,20.821127419876667
