Joints,0,1,2,3,4,5,6,7,8,9,Min,Max,Step
left_shoulder,1,0,1,2,11,76,18,3,3,1,-152.76298730871503,119.52213662783971,27.22851239365548
right_shoulder,2,0,2,7,38,46,12,5,2,2,-77.94408359662022,71.03151816591685,14.897560176253705
left_elbow,4,0,0,5,15,69,16,3,2,2,-172.081171438319,147.34066775539551,31.942183919371445
right_elbow,2,1,4,4,62,31,7,1,3,1,-151.61600488358968,159.4376666276166,31.10536715112063
left_hip,3,1,3,5,21,46,14,11,4,8,-63.680937642694346,49.486773239677674,11.316771088237203
right_hip,2,3,6,4,48,44,1,3,1,4,-104.74892620117956,106.5823859808418,21.133131218202138
left_knee,1,0,7,10,24,54,11,5,0,4,-48.20153986151961,43.93867803347264,9.21402178949922
right_knee,1,2,2,1,37,66,3,2,0,2,-68.06477421336506,65.15457386701286,13.321934808037796
