Joints,0,1,2,3,4,5,6,7,8,9,Min,Max,Step
left_shoulder,1,0,2,4,11,54,31,9,1,3,-132.6597139028382,94.34632735077778,22.700604125361593
right_shoulder,2,1,2,6,35,54,9,4,0,3,-81.4860044193634,77.27601593122232,15.876202035058569
left_elbow,2,2,1,12,46,40,6,5,1,1,-164.4276664906174,169.37924625577332,33.38069127463908
right_elbow,1,2,5,25,61,17,1,2,1,1,-124.06214887322399,159.41928401766828,28.348143289089236
left_hip,6,5,10,31,40,14,3,5,1,1,-56.44997527845714,82.83365096612735,13.928362624458451
right_hip,3,5,1,5,27,59,8,1,2,5,-104.71194337043845,99.65771229351459,20.4369655663953
left_knee,1,0,0,1,33,76,4,0,0,1,-144.98500733321956,136.7008681135437,28.168587544676328
right_knee,1,1,1,4,44,58,4,1,1,1,-95.69554290798672,95.22657917915707,19.092212208714386
