Joints,0,1,2,3,4,5,6,7,8,9,Min,Max,Step
left_shoulder,8,7,17,27,41,12,2,1,0,1,11.939815698457089,166.23618705127052,15.429637135281343
right_shoulder,6,6,6,12,9,19,30,16,9,3,4.1616539346085055e-05,98.35289109839435,9.8352849481855
left_elbow,8,17,28,20,26,5,2,0,0,10,2.441128813890649,178.98835919063148,17.65472303767408
right_elbow,4,1,6,25,25,24,17,7,2,5,3.3450989405482003,176.45309897642738,17.310800003587918
left_hip,1,1,1,9,8,15,36,30,9,6,0.0,113.96339640715642,11.396339640715642
right_hip,1,0,6,59,14,11,6,8,9,2,0.0,179.00977653381753,17.90097765338175
left_knee,3,8,7,9,4,14,18,22,21,10,123.84453099543892,179.99995670938222,5.615542571394329
right_knee,1,0,0,1,5,60,27,6,4,12,80.3038099547807,180.0,9.969619004521931
