Joints,0,1,2,3,4,5,6,7,8,9,Min,Max,Step
left_shoulder,6,3,7,21,26,36,10,5,1,1,8.495442574758517,141.15515647759668,13.265971390283813
right_shoulder,7,8,5,9,11,22,28,13,7,6,1.9282919426896996,97.8402811064947,9.5911989163805
left_elbow,9,14,24,20,27,11,1,0,1,9,0.3304552036020177,178.98745385494252,17.86569986513405
right_elbow,1,1,7,24,24,23,20,5,4,7,3.3509095888979816,176.4631052405737,17.31121956516757
left_hip,2,1,3,12,9,30,38,15,4,2,0.0,128.24192238208857,12.824192238208857
right_hip,1,0,2,57,20,6,8,3,12,7,0.0,164.5040642515374,16.450406425153737
left_knee,1,0,0,0,0,1,7,22,37,48,28.23637786772089,179.99994537850063,15.176356751077975
right_knee,1,1,0,0,0,0,42,52,10,10,39.57804316849509,179.9999991462264,14.04219559777313
