Joints,0,1,2,3,4,5,6,7,8,9,Min,Max,Step
left_shoulder,4,1,5,9,27,29,25,9,6,1,8.372483512743548,123.996142422517,11.562365890977345
right_shoulder,6,5,4,8,12,30,23,13,10,5,3.78848527179068e-05,101.47934203678282,10.147930415193011
left_elbow,10,16,26,16,26,9,4,1,0,8,2.3352512623809893,175.0148168735773,17.267956561119632
right_elbow,1,4,19,25,18,27,9,2,7,4,21.104680581262905,176.4452325476967,15.53405519664338
left_hip,1,1,2,11,11,41,35,10,3,1,0.0,132.572784120866,13.2572784120866
right_hip,1,0,9,62,15,7,4,10,5,3,0.0,179.00806394890472,17.900806394890473
left_knee,1,0,0,0,0,0,1,20,33,61,0.0,180.0,18.0
right_knee,13,34,38,11,4,4,2,2,3,5,127.8595312206838,179.42959123068349,5.1570060009999565
