Joints,0,1,2,3,4,5,6,7,8,9,Min,Max,Step
left_shoulder,101,0,0,0,0,0,5,5,2,2,0.12774221136687716,204.69425535104503,20.456651313967818
right_shoulder,101,0,0,0,0,0,0,6,2,6,0.15061835055815118,181.2501183943469,18.109950004378877
left_elbow,97,4,0,0,1,2,4,3,0,4,0.08243012663814933,210.9301537946244,21.084772366798624
right_elbow,100,1,0,0,0,1,1,5,3,4,0.23796121512254398,175.48775517755558,17.524979396243303
left_hip,101,0,0,0,0,0,1,3,6,4,0.10672564950941606,184.86639835138197,18.475967270187255
right_hip,101,0,0,0,0,0,0,2,5,7,0.1381729883498317,174.72858805649327,17.459041506814344
left_knee,101,0,0,0,0,0,1,5,2,6,0.28288166488971045,183.97172172940225,18.368884006451253
right_knee,101,0,0,0,0,1,4,4,1,4,0.11587247526222755,223.081134980575,22.29652625053128
