Joints,0,1,2,3,4,5,6,7,8,9,Min,Max,Step
left_shoulder,97,3,0,0,0,0,0,2,6,7,0.029555545732912625,160.30531286805814,16.027575732232524
right_shoulder,100,0,0,0,0,0,0,0,4,11,0.045039961155381766,150.946005965517,15.090096600436164
left_elbow,97,3,0,0,0,0,1,0,2,12,0.03841740688772245,160.79925779534273,16.0760840388455
right_elbow,99,0,1,0,0,0,0,1,4,10,0.022277100433460297,157.24014679025052,15.721786968981707
left_hip,100,0,0,0,0,0,0,0,3,12,0.10500070465580892,161.6194493334378,16.1514448628782
right_hip,100,0,0,0,0,0,0,0,4,11,0.102858330188488,156.64157867348038,15.653872034329188
left_knee,99,1,0,0,0,0,0,0,1,14,0.12392957018748264,155.66964056579585,15.554571099560837
right_knee,99,1,0,0,0,0,0,1,3,11,0.11912334914886112,167.00195844500428,16.688283509585542
