Joints,0,1,2,3,4,5,6,7,8,9,Min,Max,Step
left_shoulder,100,3,0,0,0,0,0,5,3,4,0.10539663573565723,170.39153270183894,17.028613606610328
right_shoulder,102,0,1,0,0,0,5,2,1,4,0.12620373875670762,207.76637987137954,20.764017613262283
left_elbow,99,2,2,0,0,1,3,5,2,1,0.1302418094557101,178.86231219055497,17.87320703810993
right_elbow,101,1,1,0,0,1,4,2,3,2,0.16389221837396362,206.9416460522484,20.67777538338744
left_hip,103,0,0,0,0,0,2,4,2,4,0.1593815541555932,172.52743880528075,17.236805725112514
right_hip,102,0,0,1,0,0,0,7,2,3,0.28961382826014875,191.59705228065982,19.13074384523997
left_knee,102,0,1,0,0,0,4,3,0,5,0.1102797202645742,192.0396820768329,19.19294023565683
right_knee,102,0,0,1,0,0,3,2,2,5,0.14966384805484842,210.74602993449304,21.05963660864382
