Joints,0,1,2,3,4,5,6,7,8,9,Min,Max,Step
left_shoulder,106,0,2,0,0,0,3,1,2,1,0.11581693301810746,206.63313186628648,20.65173149332684
right_shoulder,106,1,1,0,0,1,3,0,2,1,0.1029168990096936,244.8201130501312,24.47171961511215
left_elbow,102,4,1,1,0,0,0,4,2,1,0.14284026611226666,200.13935157276597,19.99965113066537
right_elbow,105,2,0,1,1,0,3,0,2,1,0.1100540623920945,248.0946192326833,24.79845651702912
left_hip,106,0,2,0,0,0,2,4,0,1,0.2253511546745055,209.89490168814672,20.96695505334722
right_hip,106,1,1,0,0,1,4,1,0,1,0.2483133045346006,232.25707268898648,23.200875938445186
left_knee,107,0,1,0,0,0,3,3,0,1,0.2961607142852137,215.86036997010402,21.556420925581882
right_knee,106,2,0,0,0,0,1,3,2,1,0.1166561767577001,217.397782384961,21.728112620820333
