Joints,0,1,2,3,4,5,6,7,8,9,Min,Max,Step
left_shoulder,100,1,1,0,0,2,3,4,1,3,0.11131297079477502,208.75918292607585,20.864786995528107
right_shoulder,101,1,0,0,0,1,3,4,2,3,0.1990484229474644,207.2054261876761,20.700637776472863
left_elbow,98,3,1,0,2,2,0,3,4,2,0.15747023146211234,197.8168535271881,19.7659383295726
right_elbow,100,1,1,0,0,1,5,1,1,5,0.12789418914642908,193.40821762045053,19.32803234313041
left_hip,100,2,0,0,0,0,4,3,3,3,0.18157191220248445,199.88728981884108,19.97057179066386
right_hip,101,1,0,0,0,0,6,2,4,1,0.06206682902728777,212.27523504484267,21.22131682158154
left_knee,100,2,0,0,0,1,4,3,3,2,0.1338081207066578,202.75185110294532,20.26180429822387
right_knee,102,0,0,0,0,0,5,3,4,1,0.11430167513706703,221.65677170796573,22.15424700328287
