Joints,0,1,2,3,4,5,6,7,8,9,Min,Max,Step
left_shoulder,104,1,1,1,0,0,1,4,2,1,0.1941473887261214,180.66170632510628,18.046755893638014
right_shoulder,105,1,1,0,0,0,4,3,0,1,0.1035220452332992,201.12005773277508,20.10165356875418
left_elbow,101,4,0,0,1,1,0,1,3,4,0.15648960651488714,158.24396656091238,15.808747695439749
right_elbow,104,1,1,1,0,0,1,1,4,2,0.16083219547072022,168.2277879249853,16.806695572951458
left_hip,105,1,1,0,0,0,0,3,3,2,0.1167922756236763,180.28670168614133,18.016990941051766
right_hip,105,2,0,0,0,0,0,3,4,1,0.15501386986216525,188.29504428434188,18.81400304144797
left_knee,105,0,2,0,0,0,0,3,2,3,0.31620770350258026,182.77584959235185,18.245964188884926
right_knee,106,0,0,1,0,0,0,3,3,2,0.10226130900626401,196.21946655363936,19.611720524463312
