Joints,0,1,2,3,4,5,6,7,8,9,Min,Max,Step
left_shoulder,107,0,0,0,0,0,0,3,2,3,0.10078508259819463,183.3158481847805,18.32150631021823
right_shoulder,107,0,0,0,0,0,0,4,0,4,0.08300442548461336,195.4975603810572,19.54145559555726
left_elbow,103,4,0,0,0,0,0,5,1,2,0.08530907446320889,174.21956879490818,17.4134259720445
right_elbow,104,0,3,0,0,0,0,1,2,5,0.1236244037594992,161.2452732052021,16.11216488014426
left_hip,107,0,0,0,0,0,0,2,4,2,0.12328552101657587,190.4601974362143,19.03369119151977
right_hip,107,0,0,0,0,0,0,0,3,5,0.2065161739491286,175.9019964184753,17.56954802445262
left_knee,107,0,0,0,0,0,0,2,2,4,0.132276791346538,182.2767929195556,18.214451612820906
right_knee,107,0,0,0,0,0,0,2,2,4,0.08931213771823006,190.19903493193385,19.010972279421562
