Joints,0,1,2,3,4,5,6,7,8,9,Min,Max,Step
left_shoulder,7,9,4,26,152,24,2,7,7,2,-33.66800330382806,41.39412638237282,7.506212968620087
right_shoulder,1,0,0,2,32,195,9,0,0,1,-131.54798906537272,121.74008250538841,25.328807157076113
left_elbow,3,3,9,5,28,157,19,7,4,5,-122.19104017425123,106.51650849192212,22.870754866617332
right_elbow,3,3,5,7,60,136,13,4,4,5,-113.31778561870772,108.02715949399008,22.13449451126978
left_hip,3,2,4,9,134,71,8,6,1,2,-90.41102736645766,91.58620938767116,18.199723675412883
right_hip,4,3,9,30,158,19,9,4,2,2,-67.60211411873595,84.16740915034698,15.176952326908292
left_knee,2,2,4,12,29,152,20,14,1,4,-72.16115445149563,60.737788302868026,13.289894275436367
right_knee,2,1,2,6,21,118,59,23,6,2,-67.40343183564815,46.714875144132115,11.411830697978026
