Joints,0,1,2,3,4,5,6,7,8,9,Min,Max,Step
left_shoulder,7,4,7,25,153,24,11,5,2,2,-37.493231140695656,44.834520358361495,8.232775149905713
right_shoulder,2,0,0,4,46,181,4,1,0,2,-131.5354915433532,125.34787310681459,25.688336465016775
left_elbow,4,2,7,7,29,160,14,5,8,4,-134.8140928819489,117.45761679386963,25.227170967581856
right_elbow,3,3,7,10,116,79,7,8,4,3,-133.76923938417892,134.02716430454367,26.779640368872265
left_hip,4,3,5,8,64,141,4,3,3,5,-96.9946292947908,94.355141965161,19.134977125995178
right_hip,4,5,5,21,169,19,6,6,3,2,-84.02409641757998,102.55367674636057,18.65777731639406
left_knee,2,0,2,4,26,186,14,4,0,2,-161.31363925224812,139.4045910170185,30.071823026926666
right_knee,1,1,1,5,6,157,57,8,1,3,-147.1613393188229,103.11303222104915,25.027437153987208
