Joints,0,1,2,3,4,5,6,7,8,9,Min,Max,Step
left_shoulder,111,87,13,20,7,0,1,0,0,1,11.811125290535221,122.32422046131958,11.051309517078439
right_shoulder,13,157,58,7,3,1,0,0,0,1,0.8880638997680661,161.75278887472646,16.08647249749584
left_elbow,7,3,5,5,9,4,9,50,64,84,25.103993232233172,179.43047862718032,15.432648539494714
right_elbow,4,3,10,5,2,9,9,31,74,93,56.81930246068993,180.0,12.318069753931006
left_hip,6,3,3,25,85,102,6,1,2,7,0.0,177.06635861598457,17.706635861598457
right_hip,4,6,5,12,35,147,25,1,3,2,0.0,163.30628475185216,16.330628475185215
left_knee,6,0,0,0,5,7,18,40,35,129,78.04184375442736,180.0,10.19581562455727
right_knee,6,2,0,3,18,9,14,37,42,109,92.85943807737829,180.0,8.714056192262177
