Joints,0,1,2,3,4,5,6,7,8,9,Min,Max,Step
left_shoulder,221,8,0,0,2,4,2,0,0,2,0.0,169.85677965294417,16.985677965294418
right_shoulder,207,20,2,0,2,2,2,0,1,3,0.0,143.5318209383517,14.35318209383517
left_elbow,198,31,0,0,0,3,4,1,1,1,0.0,177.82471826202644,17.782471826202645
right_elbow,196,21,10,2,2,0,4,0,2,2,0.0,132.56998536268378,13.256998536268378
left_hip,226,3,0,2,1,3,2,0,0,2,0.0,171.9436916137281,17.194369161372812
right_hip,221,8,0,2,2,0,2,0,2,2,0.0,145.27502448751517,14.527502448751516
left_knee,229,0,2,0,0,2,2,2,0,2,0.0,174.1166125048873,17.41166125048873
right_knee,225,4,0,0,0,2,0,3,1,4,0.0,141.0200036805615,14.10200036805615
