Joints,0,1,2,3,4,5,6,7,8,9,Min,Max,Step
left_shoulder,147,39,11,12,4,7,11,6,1,1,0.0,23.80534320314459,2.3805343203144593
right_shoulder,165,28,6,9,14,10,2,2,1,2,0.0,31.333761929689345,3.1333761929689343
left_elbow,160,22,8,3,5,5,14,17,2,3,0.0,32.044176343725255,3.2044176343725255
right_elbow,196,14,3,2,4,10,3,2,3,2,0.0,41.59328724159217,4.159328724159217
left_hip,123,53,17,15,10,5,10,3,1,2,0.0,15.542900448484525,1.5542900448484525
right_hip,156,42,14,12,7,3,1,2,0,2,0.0,23.87492984807764,2.387492984807764
left_knee,123,44,15,17,11,12,2,8,5,2,0.0,15.359079007760146,1.5359079007760146
right_knee,129,38,23,16,8,9,5,5,4,2,0.0,17.145832700546972,1.7145832700546972
