Joints,0,1,2,3,4,5,6,7,8,9,Min,Max,Step
left_shoulder,16,17,20,14,8,6,7,2,1,3,0.0,146.76756904139748,14.676756904139747
right_shoulder,12,12,20,6,12,10,7,7,4,4,0.2713310235553101,149.51325782126767,14.924192679771235
left_elbow,8,10,5,9,7,9,8,8,16,14,0.0,177.9456459716255,17.79456459716255
right_elbow,4,3,7,18,18,12,16,5,6,5,6.340552588180258,179.15337095696742,17.281281836878716
left_hip,4,7,4,11,28,7,11,5,13,4,7.982828127479624,178.37330162972756,17.039047350224795
right_hip,3,2,5,12,16,26,15,4,6,5,4.2495134216263635,175.92643951174688,17.16769260901205
left_knee,3,2,4,11,7,6,5,5,9,42,11.1875624712462,178.91381354836707,16.772625107712088
right_knee,2,0,3,10,3,6,15,14,13,28,2.5051811282172487,179.75730698796744,17.72521258597502
