Joints,0,1,2,3,4,5,6,7,8,9,Min,Max,Step
left_shoulder,41,16,4,3,5,9,6,6,2,1,0.0,202.48305840327683,20.24830584032768
right_shoulder,51,8,1,8,6,10,5,1,1,2,0.0,224.1031391367281,22.41031391367281
left_elbow,32,21,8,3,4,9,5,9,1,1,0.0,195.44559189190318,19.544559189190316
right_elbow,47,8,7,8,8,8,4,2,0,1,0.0,236.7828063268396,23.678280632683958
left_hip,45,11,7,0,5,5,7,7,3,3,0.0,176.41149544860824,17.641149544860824
right_hip,52,9,3,4,4,10,7,1,2,1,0.0,209.45137532614902,20.9451375326149
left_knee,39,13,5,6,2,6,9,9,2,2,0.0,187.99828346780632,18.799828346780632
right_knee,43,15,3,3,6,8,9,2,3,1,0.0,202.42909541399902,20.242909541399904
