Joints,0,1,2,3,4,5,6,7,8,9,Min,Max,Step
left_shoulder,43,12,3,5,2,3,6,6,8,5,0.0,176.40090234733952,17.640090234733954
right_shoulder,40,15,1,2,5,8,9,10,1,2,0.0,167.24223700853486,16.724223700853486
left_elbow,39,14,8,4,3,5,6,10,3,1,0.0,193.11028580768433,19.311028580768433
right_elbow,35,10,10,3,10,13,3,5,2,2,0.0,177.37182815479287,17.737182815479287
left_hip,43,9,5,8,4,5,7,8,2,2,0.0,187.63891579204602,18.763891579204603
right_hip,46,5,5,4,7,8,6,8,2,2,0.0,171.53528941688367,17.153528941688368
left_knee,44,9,4,9,6,8,4,7,0,2,0.0,211.88659883753058,21.188659883753058
right_knee,38,14,3,10,5,14,5,2,1,1,0.0,186.89741918656054,18.689741918656054
