Joints,0,1,2,3,4,5,6,7,8,9,Min,Max,Step
left_shoulder,62,8,1,0,3,1,7,1,4,6,0.0,166.57593743883416,16.657593743883417
right_shoulder,65,4,2,1,1,4,1,1,5,9,0.0,129.0528218740379,12.90528218740379
left_elbow,52,12,8,0,2,3,6,4,4,2,0.0,175.6472787468526,17.56472787468526
right_elbow,47,12,9,5,0,2,1,4,6,7,0.0,123.32148624240949,12.332148624240949
left_hip,66,3,3,0,4,4,3,3,2,5,0.0,160.05122510098803,16.005122510098804
right_hip,68,0,3,1,5,3,5,2,2,4,0.0,146.9335567012173,14.69335567012173
left_knee,43,18,9,2,0,3,6,3,5,4,0.0,150.99432433222597,15.099432433222598
right_knee,56,11,3,1,8,0,6,3,2,3,0.0,140.84691047099594,14.084691047099593
