Joints,0,1,2,3,4,5,6,7,8,9,Min,Max,Step
left_shoulder,66,4,0,0,0,0,11,5,3,4,0.0,167.4261495617225,16.74261495617225
right_shoulder,67,3,0,0,0,1,5,9,4,4,0.0,129.6980620613732,12.96980620613732
left_elbow,61,8,1,0,0,2,10,2,6,3,0.0,175.5088774059351,17.55088774059351
right_elbow,54,6,6,4,0,1,3,6,6,7,0.0,118.90164462020321,11.890164462020321
left_hip,69,1,0,0,6,3,5,5,0,4,0.0,160.2209363718256,16.022093637182557
right_hip,67,2,1,0,5,4,4,4,2,4,0.0,133.94517246554202,13.394517246554202
left_knee,57,12,1,0,1,5,5,3,5,4,0.0,149.08203291537703,14.908203291537703
right_knee,61,4,5,1,2,4,10,3,2,1,0.0,143.51755645639636,14.351755645639637
