Joints,0,1,2,3,4,5,6,7,8,9,Min,Max,Step
left_shoulder,19,67,113,67,24,4,3,0,1,2,0.346254835494084,153.5849986533087,15.323874381781462
right_shoulder,10,54,110,81,26,12,4,0,1,2,0.6823889945542113,114.99975037460464,11.431736138005043
left_elbow,33,18,20,30,39,27,25,26,33,49,0.0,179.8660973923002,17.98660973923002
right_elbow,24,13,16,28,28,21,39,35,49,47,0.0,179.17745455668413,17.917745455668413
left_hip,16,4,4,5,51,72,23,12,19,94,0.0,180.0,18.0
right_hip,18,1,3,9,58,76,15,14,20,86,0.0,180.0,18.0
left_knee,90,14,15,15,9,12,12,8,18,107,0.0,180.0,18.0
right_knee,74,24,27,14,16,24,8,7,10,96,0.0,180.0,18.0
