Joints,0,1,2,3,4,5,6,7,8,9,Min,Max,Step
left_shoulder,18,103,113,53,10,1,1,0,0,1,0.17136998966849085,175.48299398697748,17.5311623997309
right_shoulder,8,56,171,46,10,1,4,1,1,2,0.03811100240891279,151.35804970467638,15.131993870226745
left_elbow,19,15,15,26,51,28,17,20,40,69,0.0,179.8246619161657,17.98246619161657
right_elbow,36,17,12,16,15,14,42,70,42,36,0.0,180.0,18.0
left_hip,11,7,5,14,58,142,4,4,6,49,0.0,180.0,18.0
right_hip,4,4,3,13,116,81,11,18,13,37,0.0,180.0,18.0
left_knee,45,15,6,9,9,19,8,2,10,177,0.0,180.0,18.0
right_knee,30,15,11,14,20,18,10,4,15,163,0.0,180.0,18.0
