Joints,0,1,2,3,4,5,6,7,8,9,Min,Max,Step
left_shoulder,7,124,119,47,2,0,0,0,0,1,1.829591893036132,178.3368986377706,17.650730674473444
right_shoulder,1,4,91,161,38,4,0,0,0,1,8.324994018972104,87.60305794467236,7.927806392570025
left_elbow,13,12,15,30,35,34,18,26,49,68,0.8002144440021389,179.999957260122,17.919974281611985
right_elbow,22,4,1,7,1,7,52,142,44,20,0.8228581141351909,178.4650140400108,17.76421559258756
left_hip,3,2,7,13,59,173,2,5,3,33,1.0562765817901876,180.0,17.89437234182098
right_hip,1,0,4,12,175,56,8,4,3,37,3.0109431685480232,180.0,17.6989056831452
left_knee,32,13,6,7,6,7,4,8,12,205,0.0,180.0,18.0
right_knee,21,8,13,8,10,18,9,7,20,186,0.0,180.0,18.0
