Joints,0,1,2,3,4,5,6,7,8,9,Min,Max,Step
left_shoulder,31,94,118,43,7,3,0,2,1,1,1.1532488555771438,177.27305895507243,17.611981009949528
right_shoulder,26,97,139,23,5,3,1,0,3,3,0.1127307923212251,169.7932035696191,16.968047277729788
left_elbow,32,20,19,41,39,24,15,20,50,40,0.0,179.99997592721652,17.999997592721652
right_elbow,29,28,11,30,20,19,48,44,39,32,0.0,179.21517965509452,17.92151796550945
left_hip,12,8,10,15,62,115,9,8,11,50,0.0,180.0,18.0
right_hip,12,7,6,20,84,82,18,15,8,48,0.0,180.0,18.0
left_knee,49,16,9,15,17,16,8,7,12,151,0.0,180.0,18.0
right_knee,27,17,20,9,21,29,7,12,22,136,0.0,180.0,18.0
