Joints,0,1,2,3,4,5,6,7,8,9,Min,Max,Step
left_shoulder,4,35,28,53,60,36,29,23,25,7,15.055348768555627,69.776556565534,5.472120779697837
right_shoulder,7,21,45,44,70,51,37,14,7,4,23.765254596213516,48.95247663803621,2.518722204182268
left_elbow,10,7,11,22,57,30,17,24,58,64,0.5145624139734637,179.99999316981084,17.948543075583736
right_elbow,21,0,3,6,2,8,39,144,63,14,0.4340283492033912,174.5485720466351,17.41145436974317
left_hip,6,1,7,14,90,120,5,7,17,33,6.389909781298803,180.0,17.361009021870117
right_hip,3,4,10,124,91,4,12,4,7,41,29.84528810935731,180.0,15.015471189064268
left_knee,19,12,11,10,6,7,4,7,19,205,0.0,180.0,18.0
right_knee,12,9,15,9,14,15,10,9,12,195,0.0,180.0,18.0
