Joints,0,1,2,3,4,5,6,7,8,9,Min,Max,Step
left_shoulder,14,45,74,76,51,24,8,6,1,1,0.8447091720864108,117.28195669768067,11.643724752559425
right_shoulder,26,77,106,69,9,8,1,2,0,2,4.978313060379714e-06,135.96260927916038,13.596260430084731
left_elbow,21,25,10,47,55,26,21,18,33,44,0.0,179.99995102136398,17.9999951021364
right_elbow,23,7,20,46,29,22,46,42,38,27,0.0,179.99991187500785,17.999991187500786
left_hip,10,7,11,5,65,128,17,7,14,36,0.0,180.0,18.0
right_hip,9,7,6,14,99,88,15,8,11,43,0.0,180.0,18.0
left_knee,34,18,15,7,15,23,3,21,17,147,0.0,180.0,18.0
right_knee,34,17,17,10,22,23,5,10,22,140,0.0,180.0,18.0
