Joints,0,1,2,3,4,5,6,7,8,9,Min,Max,Step
left_shoulder,43,125,87,35,2,2,2,1,0,3,6.732452474864358,179.41063395480748,17.267818147994312
right_shoulder,9,178,100,7,2,2,0,0,0,2,3.3740791922067435,170.53531306787755,16.71612338756708
left_elbow,16,16,17,26,52,42,17,27,38,49,0.0,179.3601281088982,17.93601281088982
right_elbow,24,16,3,12,3,14,61,100,45,22,1.4398831811042552,178.69728686437966,17.725740368327543
left_hip,3,9,9,23,42,151,7,5,14,37,0.0,180.0,18.0
right_hip,4,5,4,17,109,86,13,13,8,41,0.0,180.0,18.0
left_knee,27,21,17,23,11,14,8,10,14,155,0.0,180.0,18.0
right_knee,22,10,19,13,20,27,10,7,12,160,0.0,179.83969246407727,17.983969246407728
