Joints,0,1,2,3,4,5,6,7,8,9,Min,Max,Step
left_shoulder,292,1,0,0,0,0,0,0,0,6,0.0,97.64665753038472,9.764665753038472
right_shoulder,293,0,0,0,2,0,0,2,0,2,0.0,118.43986610331041,11.84398661033104
left_elbow,274,11,10,0,0,0,0,0,0,4,0.0,123.93512487201572,12.393512487201573
right_elbow,288,3,2,0,2,0,0,0,2,2,0.0,149.93122439608464,14.993122439608465
left_hip,182,40,49,22,0,0,3,2,0,1,0.0,114.48905115704815,11.448905115704815
right_hip,181,46,47,19,0,1,1,0,1,3,0.0,112.29613581587721,11.22961358158772
left_knee,113,41,42,26,13,24,20,11,5,4,0.0,123.44087721297771,12.344087721297772
right_knee,109,52,29,25,9,27,24,14,7,3,0.0,122.5562281979822,12.25562281979822
