Joints,0,1,2,3,4,5,6,7,8,9,Min,Max,Step
left_shoulder,211,4,6,6,11,8,36,11,3,3,0.0,163.57768036382475,16.357768036382474
right_shoulder,213,5,3,12,21,19,18,2,2,4,0.0,166.14678077114024,16.614678077114025
left_elbow,167,48,5,9,10,7,36,10,3,4,0.0,171.99181344005646,17.199181344005645
right_elbow,154,47,24,17,18,12,6,10,6,5,0.0,148.5083120092874,14.850831200928742
left_hip,125,53,42,13,18,29,15,3,0,1,0.0,170.8245965092724,17.08245965092724
right_hip,115,53,52,16,28,13,9,8,3,2,0.0,153.05370147576105,15.305370147576104
left_knee,65,43,41,22,47,41,20,16,2,2,0.0,162.1429026014407,16.21429026014407
right_knee,69,39,28,56,39,29,28,7,2,2,0.0,165.63216503962798,16.5632165039628
