Joints,0,1,2,3,4,5,6,7,8,9,Min,Max,Step
left_shoulder,270,0,0,3,6,3,3,6,1,7,0.06703819429069106,139.86432008521714,13.979728189092645
right_shoulder,270,0,0,2,10,3,6,3,0,5,0.12192478684654537,171.15893979881747,17.103701501197094
left_elbow,221,34,18,4,5,3,2,1,1,10,0.2756286718406161,123.94433743818438,12.366870876634376
right_elbow,250,17,4,10,2,2,1,3,2,8,0.16935992494496127,161.78700065114802,16.161764072620308
left_hip,143,44,45,36,8,5,5,8,3,2,0.3573904342841401,114.91568170423893,11.455829126995479
right_hip,148,58,56,9,12,0,1,5,4,6,0.5616733127104633,134.62508796165378,13.40634146489433
left_knee,82,28,40,32,30,26,21,17,9,14,0.4185093045273687,122.44255275087049,12.202404344634314
right_knee,99,47,34,33,28,28,24,4,0,2,0.6039626526448195,164.44246594166677,16.383850328902195
