Joints,0,1,2,3,4,5,6,7,8,9,Min,Max,Step
left_shoulder,1,0,1,1,22,34,5,1,0,1,-143.4782109544491,136.78349368064372,28.02617046350929
right_shoulder,1,0,0,0,51,13,0,0,0,1,-135.1710562057149,148.10396943361306,28.327502563932796
left_elbow,2,6,5,4,27,8,3,8,1,2,-143.47121940791237,164.79556990371805,30.826678931163045
right_elbow,2,3,6,4,31,9,4,6,0,1,-111.68445897381716,129.95399808079208,24.163845705460915
left_hip,1,0,0,1,6,4,31,13,4,6,-101.83547697746916,49.54218591588045,15.137766289334962
right_hip,2,9,9,22,15,4,3,1,0,1,-44.39146635214545,74.27545800909023,11.866692436123564
left_knee,1,1,0,5,34,21,2,0,1,1,-121.24001682782642,127.42263174721066,24.866264857503708
right_knee,1,0,0,0,9,36,16,3,0,1,-113.85846149198723,83.93459816066634,19.77930596526535
