Joints,0,1,2,3,4,5,6,7,8,9,Min,Max,Step
left_shoulder,13,23,18,11,0,0,0,0,0,1,1.9450305366716368e-05,153.7507947538881,15.375077530358274
right_shoulder,26,35,0,0,2,1,0,0,0,2,1.818532651557209,144.17020508875768,14.235167243720046
left_elbow,2,3,3,5,2,1,6,10,15,19,0.0,179.22095315323662,17.922095315323663
right_elbow,3,1,1,7,2,3,3,2,12,32,45.21526961848259,180.0,13.47847303815174
left_hip,1,0,2,12,13,18,18,1,0,1,48.67493714208632,130.30812881328106,8.163319167119475
right_hip,1,1,6,9,6,13,15,9,4,2,57.09024864931672,118.91868333856425,6.182843468924752
left_knee,1,0,0,0,0,0,1,4,13,47,3.8071273631122486,179.42920176537825,17.5622074402266
right_knee,1,0,0,1,7,9,7,10,18,13,118.31218844567158,180.0,6.168781155432839
