Joints,0,1,2,3,4,5,6,7,8,9,Min,Max,Step
left_shoulder,14,24,16,7,3,0,1,0,0,1,0.22493921744388154,133.73487390427428,13.35099346868304
right_shoulder,16,17,22,7,0,1,0,2,0,1,1.1188926912834378,90.23697489943794,8.91180822081545
left_elbow,2,2,2,3,2,5,4,6,11,29,0.0,179.70253074314732,17.970253074314734
right_elbow,2,0,0,3,7,3,4,8,8,31,4.005471280272845,180.0,17.599452871972716
left_hip,1,1,0,1,6,9,21,25,1,1,7.672095685142585e-05,135.747559364912,13.574748264395515
right_hip,1,0,1,2,19,24,13,3,1,2,15.62147795385424,160.73102792506467,14.510954997121042
left_knee,1,2,0,0,0,0,0,3,16,44,0.0,179.83603841469508,17.98360384146951
right_knee,2,0,0,0,0,0,0,15,9,40,11.590698233828226,180.0,16.840930176617178
