Joints,0,1,2,3,4,5,6,7,8,9,Min,Max,Step
left_shoulder,19,22,15,8,1,0,0,0,0,1,0.4756769326620988,141.82940113239022,14.13537241997281
right_shoulder,35,25,2,0,2,1,0,0,0,1,4.110415638054546,150.33560654043958,14.622519090238503
left_elbow,3,1,1,5,2,4,5,13,13,19,37.12437869360684,178.86344904571553,14.173907035210867
right_elbow,2,0,2,6,7,2,2,6,15,24,45.57544549193053,179.83110046225534,13.42556549703248
left_hip,1,4,11,6,14,20,6,2,1,1,52.161273257595575,132.92392015963327,8.076264690203764
right_hip,1,1,3,9,7,9,14,10,6,6,55.64256076697111,117.56530373208035,6.192274296510924
left_knee,1,0,0,0,0,0,2,6,21,36,41.71084883537841,179.9346260071803,13.822377717180188
right_knee,1,2,1,4,11,3,4,6,24,10,123.94847915157024,180.0,5.6051520848429846
