Joints,0,1,2,3,4,5,6,7,8,9,Min,Max,Step
left_shoulder,59,3,0,0,0,0,0,0,0,3,0.22848306377032426,101.51939019318942,10.12909071294191
right_shoulder,60,2,0,0,0,0,0,0,1,2,0.21654084107382549,82.25254856089856,8.203600771982474
left_elbow,49,10,3,0,0,0,0,0,0,3,0.42638698230548905,105.80273511599985,10.537634813369436
right_elbow,52,7,0,3,0,0,0,0,2,1,0.13618734255651022,73.24715178577503,7.311096444321852
left_hip,61,1,0,0,0,0,0,0,0,3,0.12621196688000846,102.98893661004551,10.28627246431655
right_hip,60,2,0,0,0,0,0,0,2,1,0.3608651016852106,86.31999175031933,8.595912664863413
left_knee,60,2,0,0,0,0,0,0,0,3,0.2338942565629108,103.19929099225376,10.296539673569086
right_knee,57,5,0,0,0,0,0,0,0,3,0.2046814199458709,88.39080886932224,8.818612744937637
