Joints,0,1,2,3,4,5,6,7,8,9,Min,Max,Step
left_shoulder,58,5,0,0,0,0,0,0,0,2,0.0,108.06794552684528,10.806794552684527
right_shoulder,53,10,0,0,0,0,0,0,0,2,0.0,83.86541710595691,8.38654171059569
left_elbow,49,7,4,2,1,0,0,0,0,2,0.0,110.52961952320929,11.05296195232093
right_elbow,51,3,3,3,2,1,0,0,0,2,0.0,76.8857132463011,7.688571324630109
left_hip,55,8,0,0,0,0,0,0,0,2,0.0,103.75096262843769,10.375096262843769
right_hip,56,7,0,0,0,0,0,0,0,2,0.0,87.91779033591398,8.791779033591398
left_knee,52,11,0,0,0,0,0,0,0,2,0.0,115.3978361855174,11.539783618551741
right_knee,47,14,2,0,0,0,0,0,0,2,0.0,88.40861603891064,8.840861603891064
