Joints,0,1,2,3,4,5,6,7,8,9,Min,Max,Step
left_shoulder,27,24,4,1,2,2,1,2,0,2,0.0,13.983618957865653,1.3983618957865653
right_shoulder,20,19,15,4,3,0,1,2,0,1,0.0,11.000718761758185,1.1000718761758184
left_elbow,24,12,9,8,4,2,1,3,0,2,0.0,31.17613041750564,3.117613041750564
right_elbow,43,14,4,1,0,0,0,1,0,2,0.0,33.31840174371923,3.331840174371923
left_hip,30,19,8,2,2,3,0,0,0,1,0.0,16.474235644069882,1.6474235644069881
right_hip,13,15,16,6,7,2,4,0,1,1,0.0,8.51981029464542,0.851981029464542
left_knee,29,18,11,2,2,0,2,0,0,1,0.0,15.783301088090242,1.5783301088090242
right_knee,17,19,13,2,4,3,2,3,1,1,0.0,12.387970102530543,1.2387970102530543
