Joints,0,1,2,3,4,5,6,7,8,9,Min,Max,Step
left_shoulder,1,0,2,5,20,69,10,2,1,1,-145.50777326517968,130.18925661159776,27.569702987677744
right_shoulder,1,0,4,4,6,29,44,11,7,5,-130.80100907545798,81.28890834377052,21.20899174192286
left_elbow,1,3,2,20,58,18,7,1,0,1,-133.71181427551136,163.2996927135707,29.701150698908208
right_elbow,6,2,7,7,46,18,12,5,5,3,-168.7652449245521,169.08787083238738,33.78531157569395
left_hip,2,2,5,12,25,44,10,5,2,4,-151.8572960980577,143.70784362378814,29.55651397218459
right_hip,1,2,3,9,12,49,18,11,2,4,-176.38929889595622,137.02370549293278,31.341300438888908
left_knee,3,5,9,19,47,8,11,5,3,1,-134.62965789384205,172.23376001966702,30.686341791350912
right_knee,5,7,6,4,14,43,12,10,8,2,-151.23181580924268,138.4116077272879,28.964342353653052
