Joints,0,1,2,3,4,5,6,7,8,9,Min,Max,Step
left_shoulder,2,1,4,10,25,51,12,4,1,1,-79.86727265268051,75.95903847374406,15.58263111264246
right_shoulder,1,1,2,5,9,58,22,9,3,1,-133.93189620812123,99.76259080189959,23.369448701002085
left_elbow,1,2,2,4,15,56,16,8,5,2,-173.9469183641696,136.9720193058823,31.09189376700519
right_elbow,5,6,4,12,41,20,10,7,1,5,-161.66383172889377,167.97644197795884,32.96402737068527
left_hip,5,4,7,9,53,18,6,4,2,3,-123.98982197774531,143.49201061011226,26.748183258785758
right_hip,1,1,2,4,12,33,40,12,4,2,-179.86405280389752,122.97569375432812,30.28397465582256
left_knee,7,4,9,20,45,10,5,3,6,2,-127.95560036224578,170.82931014755977,29.878491050980557
right_knee,3,4,8,6,51,18,9,9,2,1,-166.0264986256613,179.99999914622634,34.60264977718876
