Joints,0,1,2,3,4,5,6,7,8,9,Min,Max,Step
left_shoulder,3,1,4,7,16,51,19,7,2,1,-82.445726602349,71.8339704735043,15.427969707585333
right_shoulder,1,2,3,7,14,54,15,10,3,2,-134.10653408420606,109.5168183355438,24.36233524197499
left_elbow,1,4,3,3,24,56,14,2,3,1,-175.17197572580648,167.8401483921319,34.30121241179384
right_elbow,7,3,5,13,40,20,7,7,7,2,-162.37388154911787,167.81693035899357,33.019081190811136
left_hip,1,1,9,8,37,37,7,7,2,2,-168.6454916090649,167.9270957425173,33.65725873515822
right_hip,3,1,7,13,22,43,9,7,3,3,-133.25972102596717,128.57414960633372,26.183387063230086
left_knee,3,8,8,11,43,15,9,8,2,4,-155.21853138881892,177.07691299019828,33.22954443790172
right_knee,5,5,7,2,19,46,10,11,2,4,-166.03178483240248,159.80819816974156,32.583998300214404
