Joints,0,1,2,3,4,5,6,7,8,9,Min,Max,Step
left_shoulder,1,0,2,3,7,32,53,8,2,3,-146.61133577729368,94.63984113982464,24.125117691711836
right_shoulder,1,1,0,5,3,21,54,12,10,4,-128.98970256369586,73.26011376781916,20.2249816331515
left_elbow,2,0,4,7,47,33,11,5,0,2,-172.41597402861163,172.11050534551237,34.452647937412394
right_elbow,4,3,6,13,40,23,8,5,4,5,-173.27258241003804,175.12147598766987,34.83940583977079
left_hip,4,4,8,6,51,19,10,5,2,2,-129.73892924975252,143.432568903212,27.31714981529646
right_hip,2,2,3,9,13,50,17,12,1,2,-177.57608933951423,150.68217396405623,32.825826330357046
left_knee,3,6,8,8,48,15,8,9,4,2,-165.3143795054715,175.50908100692845,34.082346051239995
right_knee,3,5,6,6,18,43,15,8,6,1,-165.9186732229435,159.47383978756568,32.53925130105094
