Joints,0,1,2,3,4,5,6,7,8,9,Min,Max,Step
left_shoulder,1,0,0,3,6,28,60,9,2,2,-147.26560484473578,92.31870594998104,23.95843107947168
right_shoulder,1,0,1,5,12,50,27,9,2,4,-130.75780311654776,89.78688680091909,22.05446899174669
left_elbow,2,0,3,5,27,55,12,4,2,1,-174.7056769408039,165.88386745841242,34.05895443992162
right_elbow,5,3,7,9,32,30,12,5,2,6,-171.874563269524,168.46209570142528,34.03366589709492
left_hip,1,2,6,6,11,60,16,2,4,3,-172.54937717168042,143.57928607627326,31.612866324795363
right_hip,6,2,6,10,43,24,10,3,4,3,-115.75430748438828,127.19155017768192,24.29458576620702
left_knee,1,2,11,8,41,24,11,8,3,2,-173.4507397398751,176.66333698837948,35.01140767282547
right_knee,3,4,7,5,14,50,13,5,7,3,-161.4745559928167,144.65671451459176,30.613127050740843
