Joints,0,1,2,3,4,5,6,7,8,9,Min,Max,Step
left_shoulder,1,0,1,4,6,26,59,9,3,2,-150.03019014034484,94.883294779836,24.49134849201809
right_shoulder,1,0,4,3,6,25,48,6,12,6,-132.96769640291478,78.13135654650264,21.10990529494174
left_elbow,3,1,8,5,30,44,9,7,1,3,-171.53896386690388,169.76221366719525,34.130117753409905
right_elbow,5,5,5,10,41,17,13,6,3,6,-173.74059591056798,174.86869553698673,34.86092914475549
left_hip,4,7,10,13,45,12,5,9,1,5,-124.98772450841888,144.1699183915936,26.91576429000125
right_hip,5,7,12,31,36,9,7,2,1,1,-118.66143453183193,177.819959279273,29.648139381110497
left_knee,3,7,10,7,44,15,10,8,5,2,-163.9089394049561,176.36325878142063,34.02721981863769
right_knee,7,5,6,6,41,18,11,9,4,4,-160.6940101926531,173.26061190232474,33.39546220949778
