Joints,0,1,2,3,4,5,6,7,8,9,Min,Max,Step
left_shoulder,13,19,17,15,22,8,9,5,1,2,0.7150255560767108,157.82610150675112,15.711107595067443
right_shoulder,22,13,12,23,17,10,10,1,2,1,1.4691639787276347,138.08533202685095,13.661616804812331
left_elbow,10,11,15,12,17,7,10,9,6,14,0.5385236700193099,179.8705335977449,17.93320099277256
right_elbow,13,14,10,13,10,7,7,9,7,21,0.0,179.5450816529674,17.95450816529674
left_hip,5,2,5,2,21,31,17,16,8,4,0.0,180.0,18.0
right_hip,7,2,4,12,21,19,23,8,6,9,0.0,180.0,18.0
left_knee,15,7,6,4,11,13,9,8,12,26,0.0,180.0,18.0
right_knee,15,7,7,6,10,5,7,11,16,27,0.0,180.0,18.0
