Joints,0,1,2,3,4,5,6,7,8,9,Min,Max,Step
left_shoulder,15,10,13,13,15,17,8,10,4,6,0.9224467556357476,126.0583991467684,12.513595239113265
right_shoulder,26,20,17,23,12,9,2,0,1,1,1.1001627541523604,165.44731216621543,16.434714941206305
left_elbow,14,11,13,11,14,7,10,7,7,17,0.4338026202770763,179.5805393744483,17.914673675417124
right_elbow,16,12,13,13,6,12,4,8,8,19,0.0,179.68966357102246,17.968966357102246
left_hip,7,1,4,3,20,31,14,15,10,6,0.0,180.0,18.0
right_hip,5,2,8,11,22,16,24,9,4,10,1.468597047353212,180.0,17.85314029526468
left_knee,14,6,8,5,11,13,6,7,12,29,0.0,180.0,18.0
right_knee,14,7,7,7,13,2,7,12,17,25,0.0,180.0,18.0
