Joints,0,1,2,3,4,5,6,7,8,9,Min,Max,Step
left_shoulder,14,19,16,14,20,16,6,4,0,2,0.0,155.20934569883775,15.520934569883774
right_shoulder,19,19,13,21,15,10,6,3,3,2,0.4100470158776727,138.04568753835258,13.763564052247492
left_elbow,16,9,13,7,12,8,12,7,10,17,0.8495674377876627,180.0,17.91504325622123
right_elbow,18,10,11,12,8,7,7,9,7,22,0.0,179.9999964798011,17.99999964798011
left_hip,8,1,6,4,18,32,13,17,7,5,0.0,180.0,18.0
right_hip,6,1,5,11,21,18,27,6,8,8,0.0,180.0,18.0
left_knee,16,7,6,3,8,13,7,10,13,28,0.0,180.0,18.0
right_knee,17,12,8,5,10,4,4,10,13,28,0.0,180.0,18.0
