Joints,0,1,2,3,4,5,6,7,8,9,Min,Max,Step
left_shoulder,13,14,12,13,17,14,13,8,6,1,1.5645972081324049,129.86422574899441,12.829962854086201
right_shoulder,24,13,14,20,15,11,7,3,2,2,1.4678676821706578,140.27051373302936,13.88026460508587
left_elbow,14,11,14,9,16,6,10,9,7,15,1.7388639082167148,178.72483918305042,17.69859752748337
right_elbow,18,10,8,14,6,7,6,12,8,22,0.0,179.99996230804496,17.999996230804495
left_hip,6,2,3,2,20,29,15,17,9,8,0.0,180.0,18.0
right_hip,3,2,5,17,23,20,23,6,4,8,0.1359471961024933,180.0,17.98640528038975
left_knee,13,5,9,7,6,13,5,10,11,32,0.0,180.0,18.0
right_knee,16,8,7,6,8,3,6,12,16,29,0.0,180.0,18.0
