Joints,0,1,2,3,4,5,6,7,8,9,Min,Max,Step
left_shoulder,13,20,15,15,18,18,5,5,1,1,0.7989768739497021,156.13135908422103,15.533238221027133
right_shoulder,20,16,13,16,17,13,9,4,2,1,1.4709361729199235,134.21306758848198,13.274213141556206
left_elbow,13,9,14,10,15,8,12,5,10,15,0.5378242141726424,178.14142554426627,17.760360133009364
right_elbow,18,12,11,8,8,10,9,9,5,21,0.0,179.3364344924682,17.93364344924682
left_hip,7,2,2,3,16,30,17,19,7,8,0.0,180.0,18.0
right_hip,5,4,4,9,21,20,25,8,3,12,0.0,180.0,18.0
left_knee,19,3,7,3,10,14,8,8,13,26,0.0,178.6834766424147,17.86834766424147
right_knee,14,5,7,10,11,5,7,12,16,24,0.0,180.0,18.0
