Joints,0,1,2,3,4,5,6,7,8,9,Min,Max,Step
left_shoulder,98,4,2,0,0,0,0,0,2,4,0.1839773219585578,190.05889839186085,18.987492106990228
right_shoulder,96,8,0,1,3,0,0,0,0,2,0.17926255673730535,238.3209426090501,23.814168005231277
left_elbow,86,12,4,0,1,0,1,3,1,2,0.11205627188080744,178.12118490453545,17.800912863265463
right_elbow,83,12,5,0,7,1,0,0,0,2,0.12772550399880253,228.9171954153945,22.87894699113957
left_hip,83,17,3,1,0,0,1,2,1,2,0.10515963878563082,193.36197868926402,19.325681905047837
right_hip,81,19,5,1,2,0,0,0,0,2,0.10515963878563082,213.14331251143318,21.303815287264754
left_knee,54,18,14,11,7,0,0,0,4,2,0.10991034453376207,186.86010721172505,18.67501968671913
right_knee,59,21,7,12,6,3,0,0,1,1,0.12772550399880253,189.07294706706423,18.894522156306543
