Joints,0,1,2,3,4,5,6,7,8,9,Min,Max,Step
left_shoulder,90,4,2,0,2,1,1,2,2,6,0.0,201.3459777586881,20.13459777586881
right_shoulder,86,9,3,1,3,3,3,0,1,1,0.0,227.63123505420123,22.763123505420122
left_elbow,85,9,2,2,3,2,3,2,0,2,0.0,230.85056911793563,23.085056911793565
right_elbow,74,12,5,3,5,7,1,1,1,1,0.0,219.4835050879116,21.948350508791158
left_hip,81,14,1,0,1,1,2,4,3,3,0.0,208.9634354302096,20.89634354302096
right_hip,75,18,4,1,2,3,1,2,3,1,0.0,195.97009235734737,19.59700923573474
left_knee,49,22,18,8,2,0,3,5,1,2,0.0,236.02705467319512,23.602705467319513
right_knee,53,25,14,5,3,3,1,1,2,3,0.0,209.45824447660027,20.945824447660026
