Joints,0,1,2,3,4,5,6,7,8,9,Min,Max,Step
left_shoulder,93,3,3,1,2,1,1,3,1,2,0.30185333803165965,201.5719749259249,20.127012158789324
right_shoulder,86,11,2,1,3,3,0,2,0,2,0.37537520545169606,197.4405393252689,19.70651641198172
left_elbow,85,7,4,4,1,1,2,2,3,1,0.3545800923025954,193.79843769814002,19.34438576058374
right_elbow,75,14,8,3,3,3,0,2,0,2,0.41878874512151937,194.53613355217863,19.41173448070571
left_hip,79,16,2,1,1,1,4,2,1,3,0.1985583696618688,190.07176276160226,18.98732043919404
right_hip,77,17,5,2,0,1,2,1,4,1,0.371184350862218,190.02504010793956,18.965385575707735
left_knee,49,23,11,6,7,4,1,3,2,4,0.4072519441397251,198.24402999078038,19.783677804664066
right_knee,48,24,10,9,2,2,5,2,2,6,0.07038737985516537,164.0373789838471,16.396699160399194
