Joints,0,1,2,3,4,5,6,7,8,9,Min,Max,Step
left_shoulder,85,4,3,0,0,3,1,3,3,8,0.319550167123603,196.3368246233033,19.60172744561797
right_shoulder,82,10,0,1,6,7,0,2,0,2,0.1699913455986313,251.52165238605735,25.135166104045872
left_elbow,81,4,4,0,1,3,5,3,5,4,0.13111653343229154,206.80008801004243,20.66689714766101
right_elbow,71,12,4,3,12,3,1,2,1,1,0.3253720439772444,247.58621028665263,24.72608382426754
left_hip,77,12,3,0,1,0,2,2,6,7,0.4345198125107273,196.19427753830934,19.57597577257986
right_hip,74,17,2,1,4,1,1,6,2,2,0.11089063732533616,216.15427050894039,21.604337987161507
left_knee,41,22,15,10,4,1,1,4,6,6,0.3923783102199706,205.37930910063872,20.498693079041875
right_knee,50,23,10,9,4,2,1,4,2,5,0.15476475263015854,188.98523997004682,18.883047521741666
