Joints,0,1,2,3,4,5,6,7,8,9,Min,Max,Step
left_shoulder,8,8,16,38,37,27,20,6,6,2,0.0,180.0,18.0
right_shoulder,8,5,6,15,19,33,70,7,2,3,5.649295357393877,179.54958333607465,17.390028797868077
left_elbow,17,14,10,7,11,15,29,32,15,18,0.0,178.86217453179017,17.886217453179018
right_elbow,20,10,5,4,2,19,14,18,16,60,0.0,180.0,18.0
left_hip,2,4,2,14,53,32,57,1,0,3,10.858875246826095,171.62195670493966,16.076308145811357
right_hip,3,1,3,1,8,51,79,20,1,1,1.0627310473966465,159.0417619991715,15.797903095177485
left_knee,1,3,3,2,10,6,5,1,31,106,0.0,179.82860267344282,17.982860267344282
right_knee,1,3,1,2,2,9,9,12,35,94,0.0,179.99998860923884,17.999998860923885
