Joints,0,1,2,3,4,5,6,7,8,9,Min,Max,Step
left_shoulder,1,5,5,29,36,51,24,14,1,2,0.0,155.7987953909329,15.57987953909329
right_shoulder,1,0,4,2,6,13,22,73,46,1,0.0,145.26030599668587,14.526030599668587
left_elbow,21,9,7,7,2,8,48,43,17,6,0.0,179.99999440143182,17.99999944014318
right_elbow,24,4,3,3,4,17,15,23,10,65,0.0,179.99997070921734,17.999997070921733
left_hip,3,1,1,5,52,28,75,0,2,1,0.0,175.8704503470305,17.58704503470305
right_hip,5,0,1,4,0,0,35,85,37,1,0.0,134.99647922454642,13.499647922454642
left_knee,2,0,1,1,3,3,1,4,13,140,0.0,179.99999532368915,17.999999532368914
right_knee,2,0,1,0,0,4,3,4,42,112,0.0,179.8163555502062,17.98163555502062
