Joints,0,1,2,3,4,5,6,7,8,9,Min,Max,Step
left_shoulder,17,7,10,15,26,36,21,22,10,4,3.1382114881189764,147.38700261848672,14.424879113036774
right_shoulder,15,12,4,8,14,26,37,42,8,2,2.5808531691324834,156.337542060572,15.37566888914395
left_elbow,10,13,10,12,12,11,22,31,28,19,0.0,179.30468566568925,17.930468566568926
right_elbow,14,5,7,10,12,13,15,24,21,47,0.0,179.55419904221577,17.95541990422158
left_hip,5,1,1,11,33,44,52,17,3,1,0.0,168.54066701207918,16.85406670120792
right_hip,3,0,4,4,3,67,65,20,0,2,0.0,164.18627974685668,16.41862797468567
left_knee,2,1,0,5,3,6,6,4,31,110,0.0,180.0,18.0
right_knee,4,3,2,4,9,6,7,4,35,94,15.943930230049414,179.99998090904091,16.40560506789915
