Joints,0,1,2,3,4,5,6,7,8,9,Min,Max,Step
left_shoulder,7,6,8,46,54,26,17,2,1,1,2.4984705254955992,180.0,17.750152947450438
right_shoulder,5,2,3,3,9,19,33,87,5,2,4.591759119198112,155.0620392305615,15.047028011136337
left_elbow,13,8,9,8,12,9,42,46,12,9,0.0,179.99999150505948,17.99999915050595
right_elbow,31,3,3,5,3,11,19,14,16,63,0.0,179.99999349785358,17.99999934978536
left_hip,1,1,2,7,60,27,66,1,0,3,13.978916689177597,170.00004392258984,15.602112723341227
right_hip,1,2,3,1,20,90,48,0,1,2,8.13803809003844,170.5221040144631,16.238406592442466
left_knee,3,2,1,3,5,2,1,4,25,122,7.883136937669722,179.99998870563633,17.21168517679666
right_knee,1,1,1,2,2,6,3,9,45,98,23.818091889186004,180.0,15.618190811081401
