Joints,0,1,2,3,4,5,6,7,8,9,Min,Max,Step
left_shoulder,147,4,0,0,0,0,0,0,6,10,0.0,21.992081196704234,2.1992081196704234
right_shoulder,149,5,0,1,0,0,0,0,6,6,0.0,21.858302549186515,2.1858302549186517
left_elbow,116,9,11,3,0,4,10,4,7,3,0.0,64.1295074759827,6.412950747598271
right_elbow,136,9,3,5,0,0,0,1,8,5,0.0,46.40878446653332,4.640878446653332
left_hip,125,22,2,1,1,0,0,3,3,10,0.0,15.47408480413296,1.5474084804132962
right_hip,126,21,0,0,3,0,1,0,2,14,0.0,15.732136573430415,1.5732136573430415
left_knee,107,21,10,4,3,5,1,4,6,6,0.0,26.588194490214338,2.6588194490214336
right_knee,123,14,0,2,1,5,7,2,6,7,0.0,26.282542582850894,2.6282542582850894
