Joints,0,1,2,3,4,5,6,7,8,9,Min,Max,Step
left_shoulder,146,18,0,0,0,0,2,0,0,1,0.0,123.91815891614529,12.39181589161453
right_shoulder,146,12,6,0,0,2,0,0,0,1,0.0,108.42782587841471,10.842782587841471
left_elbow,122,16,6,7,9,5,1,0,0,1,0.0,116.111837169153,11.611183716915301
right_elbow,117,22,1,8,10,7,1,0,0,1,0.0,100.4356654328474,10.04356654328474
left_hip,145,18,1,0,2,0,0,0,0,1,0.0,130.68340487322297,13.068340487322297
right_hip,143,19,0,0,1,3,0,0,0,1,0.0,122.23509735154262,12.223509735154263
left_knee,133,24,9,0,0,0,0,0,0,1,0.0,143.8684306196373,14.38684306196373
right_knee,127,28,11,0,0,0,0,0,0,1,0.0,134.45775027612592,13.445775027612592
