Joints,0,1,2,3,4,5,6,7,8,9,Min,Max,Step
left_shoulder,115,44,2,2,0,0,1,1,0,2,0.0,151.50958888813062,15.150958888813062
right_shoulder,111,48,2,2,0,0,0,1,1,2,0.0,145.94864535796606,14.594864535796606
left_elbow,91,23,33,14,2,0,0,2,0,2,0.0,155.2588696979062,15.52588696979062
right_elbow,101,23,23,15,1,0,0,1,2,1,0.0,154.44464846365224,15.444464846365225
left_hip,131,28,2,2,0,0,0,2,0,2,0.0,138.8151676214298,13.88151676214298
right_hip,127,32,2,2,0,0,0,2,0,2,0.0,138.46237199605008,13.846237199605008
left_knee,100,37,22,4,0,0,0,2,1,1,0.0,118.13542431014835,11.813542431014834
right_knee,94,43,22,4,0,0,0,1,1,2,0.0,109.93151389454044,10.993151389454045
