Joints,0,1,2,3,4,5,6,7,8,9,Min,Max,Step
left_shoulder,2,0,6,6,4,94,7,7,5,1,-151.87670443605896,128.27692908214306,28.0153633518202
right_shoulder,3,2,3,8,82,19,9,3,1,2,-163.62219428145139,174.3050793776325,33.792727365908405
left_elbow,6,6,5,6,72,16,5,3,6,7,-168.61769991356218,176.53676429854522,34.515446421210726
right_elbow,2,3,7,8,26,65,7,7,3,4,-166.6457658639533,162.64436043751144,32.929012630146474
left_hip,2,2,6,10,86,13,5,4,0,4,-93.52612915583694,103.11289149825701,19.66390206540939
right_hip,2,4,6,10,70,24,7,2,4,3,-81.87430673816077,86.4529524044587,16.832725914261957
left_knee,3,4,2,11,73,21,5,7,3,3,-175.75166005375644,176.1506215964583,35.190228165021466
right_knee,8,2,3,7,25,66,8,2,2,9,-176.5381821493758,175.87720914008472,35.241539128946044
