Joints,0,1,2,3,4,5,6,7,8,9,Min,Max,Step
left_shoulder,1,0,7,3,6,96,8,5,5,1,-151.87289298459342,128.26707764316015,28.01399706277536
right_shoulder,4,3,1,11,80,16,10,4,1,2,-161.1206298273899,173.2889902065248,33.440962003391476
left_elbow,5,5,4,10,22,64,5,6,7,4,-172.5610893632566,169.82433966018453,34.23854290234411
right_elbow,2,4,5,8,16,72,10,8,4,3,-166.63172407787638,155.76853079149427,32.24002548693707
left_hip,3,4,3,10,85,14,6,1,1,5,-93.56072457727456,102.23479329697183,19.579551787424634
right_hip,2,6,3,13,77,16,5,2,6,2,-81.87524927798285,90.671651153676,17.25469004316588
left_knee,2,2,7,11,13,79,4,7,3,4,-163.76063387090412,153.34330482340818,31.710393869431243
right_knee,5,3,4,9,70,21,8,2,3,7,-174.33795437538868,175.83674742382493,35.01747017992136
