Joints,0,1,2,3,4,5,6,7,8,9,Min,Max,Step
left_shoulder,1,0,6,6,6,92,9,6,5,1,-151.87721700157664,128.2836711709733,28.016088817254996
right_shoulder,3,2,3,5,84,21,8,3,1,2,-164.34865453185205,174.46080327797767,33.880945780982984
left_elbow,6,5,2,8,60,31,6,5,5,4,-169.53816999767298,172.18687170549634,34.17250417031693
right_elbow,4,2,9,9,64,24,8,5,3,4,-166.64022090659032,172.3123148771751,33.895253578376554
left_hip,3,4,4,24,81,6,4,0,2,4,-90.78382965204895,115.87102455306871,20.66548542051177
right_hip,2,7,2,9,78,21,4,1,5,3,-81.87382501667729,88.47222021952606,17.03460452362033
left_knee,4,2,8,9,65,24,4,9,3,4,-168.41920484417568,168.4259250111947,33.684512985537026
right_knee,7,4,5,9,26,58,6,4,4,9,-173.81673642149707,171.04248194114743,34.48592183626445
