Joints,0,1,2,3,4,5,6,7,8,9,Min,Max,Step
left_shoulder,1,0,4,5,6,26,75,4,3,8,-149.01730899604362,96.1785874820809,24.519589647812452
right_shoulder,3,2,4,5,45,55,11,2,2,3,-174.4702368572047,174.44727574272747,34.891751259993214
left_elbow,7,5,5,9,23,62,4,4,6,7,-172.53598314389262,172.35791631093926,34.4893899454832
right_elbow,2,6,5,10,68,22,4,7,4,4,-165.10347802589385,168.76609340132111,33.38695714272151
left_hip,3,2,4,10,84,16,4,4,0,5,-92.15674525406382,99.52665388292047,19.168339913698432
right_hip,1,2,6,7,16,77,12,1,6,4,-101.83744097385286,87.37937348199209,18.921681445584497
left_knee,2,3,8,11,66,24,4,6,4,4,-168.40578387465698,170.06310714974873,33.84688910244057
right_knee,6,3,7,7,75,15,4,0,6,9,-170.92194843491637,172.55617742292975,34.347812585784595
