Joints,0,1,2,3,4,5,6,7,8,9,Min,Max,Step
left_shoulder,2,0,8,1,7,94,8,6,5,1,-151.88909977146116,128.27878054977595,28.016788032123713
right_shoulder,3,1,4,8,84,17,8,4,1,2,-164.35690408096127,175.09410052652282,33.94510046074839
left_elbow,6,5,3,10,31,57,4,3,5,8,-172.73466264007192,172.31135061295097,34.5046013253023
right_elbow,2,3,8,9,26,68,3,6,3,4,-169.641113166481,167.97047194676404,33.76115851132451
left_hip,1,1,2,2,13,91,11,4,2,5,-133.53371559120154,102.23765493577652,23.577137052697807
right_hip,2,7,4,16,78,17,1,4,2,1,-85.73143969428006,108.22977043147249,19.39612101257525
left_knee,2,4,7,9,80,12,3,7,3,5,-166.08986130457677,175.38384180693382,34.147370311151064
right_knee,6,5,5,7,67,20,7,4,2,9,-173.13096378423802,175.86457803288928,34.899554181712745
