Joints,0,1,2,3,4,5,6,7,8,9,Min,Max,Step
left_shoulder,1,0,5,5,8,92,11,4,5,1,-153.2588868277716,126.27551561979132,27.953440244756294
right_shoulder,3,2,2,7,35,68,9,3,0,3,-174.0818903928205,173.73353722214375,34.78154276149641
left_elbow,5,5,4,11,58,29,4,3,7,6,-169.6523118344821,171.08137634326232,34.07336881777442
right_elbow,2,2,3,9,22,72,10,6,3,3,-166.63246512361616,153.04226176647626,31.96747268900924
left_hip,2,1,4,9,87,15,7,2,2,3,-93.5942506018828,99.64343937583185,19.323768997771467
right_hip,5,4,9,20,79,7,2,2,1,3,-69.12158967993788,95.00095483773086,16.412254451766877
left_knee,2,4,5,12,22,68,5,6,4,4,-163.8652687411868,162.5819321096365,32.64472008508233
right_knee,6,3,5,9,73,15,7,2,5,7,-171.99942918467102,175.8771630902394,34.78765922749105
