Joints,0,1,2,3,4,5,6,7,8,9,Min,Max,Step
left_shoulder,41,43,10,1,10,14,6,4,0,3,0.0,164.93915940105975,16.493915940105975
right_shoulder,36,28,16,13,8,10,5,3,3,10,0.0,174.0699434220678,17.40699434220678
left_elbow,31,9,5,6,11,9,2,6,24,29,0.0,179.70620908848758,17.97062090884876
right_elbow,24,7,10,9,9,11,8,17,16,21,0.0,179.73910778273964,17.973910778273964
left_hip,10,7,4,7,22,50,10,4,12,6,0.0,170.34637932758008,17.03463793275801
right_hip,10,0,2,9,19,54,19,3,7,9,0.0,155.7633221099,15.57633221099
left_knee,21,14,5,8,12,23,10,7,8,24,0.0,179.5185395000201,17.95185395000201
right_knee,34,13,7,2,10,13,7,5,9,32,0.0,180.0,18.0
