Joints,0,1,2,3,4,5,6,7,8,9,Min,Max,Step
left_shoulder,33,50,10,2,9,14,6,2,1,5,0.0,164.94103085622783,16.494103085622783
right_shoulder,35,36,16,15,4,10,3,0,3,10,0.0,177.30791409483902,17.730791409483903
left_elbow,28,12,4,6,13,4,3,6,26,30,0.0,179.99999133514385,17.999999133514386
right_elbow,27,6,9,8,6,11,9,17,17,22,0.0,178.75430591058586,17.875430591058585
left_hip,11,2,3,8,21,52,12,7,13,3,0.0,170.34925592539872,17.03492559253987
right_hip,10,2,3,10,18,52,23,4,5,5,0.0,155.7847900573463,15.57847900573463
left_knee,29,15,6,8,10,22,9,7,8,18,0.0,179.1886510988822,17.91886510988822
right_knee,36,17,7,2,10,11,6,4,9,30,0.0,180.0,18.0
