Joints,0,1,2,3,4,5,6,7,8,9,Min,Max,Step
left_shoulder,36,51,11,1,10,14,5,0,1,3,0.0,164.96846452133238,16.496846452133237
right_shoulder,33,34,22,12,9,7,0,2,3,10,0.0,177.2992031622065,17.72992031622065
left_elbow,32,15,5,6,8,4,3,7,25,27,0.0,179.99998795604057,17.999998795604057
right_elbow,25,3,10,4,10,12,11,18,15,24,0.0,174.94548956916657,17.494548956916656
left_hip,13,2,3,10,13,57,10,7,8,9,0.0,170.35059629992256,17.035059629992254
right_hip,11,1,3,13,15,48,22,2,6,11,0.0,156.08114995070025,15.608114995070025
left_knee,25,21,4,9,10,20,10,6,8,19,0.0,179.55758922251687,17.955758922251686
right_knee,39,15,7,4,8,9,5,6,7,32,0.0,180.0,18.0
