Joints,0,1,2,3,4,5,6,7,8,9,Min,Max,Step
left_shoulder,33,46,10,3,10,17,6,2,0,5,0.0,164.9404078341415,16.49404078341415
right_shoulder,39,30,18,14,8,8,2,0,3,10,0.0,177.29975547684376,17.729975547684376
left_elbow,27,8,5,5,12,6,3,7,25,34,0.0,179.80640559355263,17.980640559355262
right_elbow,25,5,10,8,6,11,8,17,22,20,0.0,179.7391564923843,17.973915649238428
left_hip,10,4,3,8,19,52,12,5,14,5,0.0,170.34317059653637,17.034317059653638
right_hip,10,0,2,13,18,58,16,3,5,7,0.0,155.79872939004773,15.579872939004773
left_knee,27,17,3,10,10,26,9,7,6,17,0.0,179.51838109902778,17.951838109902777
right_knee,38,14,9,2,9,11,5,4,8,32,0.0,180.0,18.0
