Joints,0,1,2,3,4,5,6,7,8,9,Min,Max,Step
left_shoulder,35,42,13,2,9,17,8,0,4,2,0.0,164.92789840500146,16.492789840500144
right_shoulder,36,28,20,12,8,11,2,1,3,11,0.0,176.57653965327313,17.657653965327313
left_elbow,31,10,4,5,14,6,4,7,22,29,0.0,179.99998786559658,17.999998786559658
right_elbow,23,7,10,8,7,10,8,19,19,21,0.0,178.16923147443566,17.816923147443568
left_hip,10,7,3,7,23,50,9,6,16,1,0.0,170.3435612629642,17.03435612629642
right_hip,9,1,2,12,13,49,21,4,10,11,0.0,155.5441914818673,15.55441914818673
left_knee,22,12,4,11,11,23,9,6,7,27,0.0,179.78666698855147,17.978666698855147
right_knee,37,11,7,5,5,10,11,5,13,28,0.0,180.0,18.0
