Joints,0,1,2,3,4,5,6,7,8,9,Min,Max,Step
left_shoulder,38,39,16,1,9,16,6,4,0,3,8.537736462515939e-07,164.93554778597772,16.493554693220407
right_shoulder,37,29,17,13,9,11,0,3,3,10,0.0,176.5714687490831,17.65714687490831
left_elbow,30,16,5,5,9,4,4,5,21,33,0.0,179.99998273349655,17.999998273349654
right_elbow,24,7,9,9,4,14,6,16,21,22,0.0,178.5472913843888,17.85472913843888
left_hip,11,2,3,7,25,47,11,14,10,2,0.0,170.34631842942466,17.034631842942467
right_hip,10,0,3,19,13,51,18,8,5,5,0.0,157.14275711305103,15.714275711305103
left_knee,20,13,5,10,10,25,8,7,8,26,0.0,179.64690855470872,17.96469085547087
right_knee,40,11,7,2,12,6,5,5,16,28,0.0,180.0,18.0
