Joints,0,1,2,3,4,5,6,7,8,9,Min,Max,Step
left_shoulder,34,46,10,1,10,17,6,4,1,3,0.0,164.94371573600765,16.494371573600766
right_shoulder,39,30,19,11,4,13,1,2,3,10,0.0,176.57377028379113,17.657377028379113
left_elbow,31,10,5,4,14,4,4,6,21,33,0.0,179.89082061028324,17.989082061028324
right_elbow,24,6,9,9,7,10,8,14,27,18,0.0,179.71137657006042,17.971137657006043
left_hip,10,2,3,9,19,51,12,9,14,3,0.0,170.34478183752384,17.034478183752384
right_hip,10,0,3,13,19,52,21,4,5,5,0.0,155.77262223481418,15.577262223481418
left_knee,26,18,2,8,10,25,9,5,8,21,0.0,179.18868613858487,17.918868613858486
right_knee,35,12,6,4,10,13,6,6,8,32,0.0,180.0,18.0
