Joints,0,1,2,3,4,5,6,7,8,9,Min,Max,Step
left_shoulder,35,48,11,1,11,15,6,2,0,3,0.0,164.93875530322453,16.493875530322452
right_shoulder,28,36,22,17,4,9,2,1,3,10,0.0,173.9313917103479,17.39313917103479
left_elbow,27,15,5,6,6,8,3,3,25,34,0.0,179.99998110091468,17.999998110091468
right_elbow,21,6,11,8,8,10,16,17,18,17,0.0,179.1499161775806,17.91499161775806
left_hip,13,1,5,9,34,40,7,6,6,11,0.0,177.91396422867106,17.791396422867106
right_hip,9,2,3,20,14,59,5,3,8,9,0.0,165.59303291740838,16.55930329174084
left_knee,24,14,3,8,10,27,9,7,6,24,0.0,179.51840037802944,17.951840037802945
right_knee,33,11,11,3,9,11,6,4,8,36,0.0,180.0,18.0
