Joints,0,1,2,3,4,5,6,7,8,9,Min,Max,Step
left_shoulder,100,5,5,2,2,4,4,0,3,6,0.0,166.12662688843596,16.612662688843596
right_shoulder,106,4,2,2,5,2,1,0,6,3,0.0,196.69551752399656,19.669551752399656
left_elbow,95,12,4,1,3,2,5,3,2,4,0.0,203.6042219061371,20.36042219061371
right_elbow,96,13,3,1,3,2,4,1,3,5,0.0,206.9626983929055,20.69626983929055
left_hip,103,7,3,0,1,0,4,5,2,6,0.0,196.38892557928367,19.638892557928365
right_hip,101,8,3,0,2,0,4,5,0,8,0.0,200.11574595345203,20.011574595345202
left_knee,96,15,2,0,0,1,8,0,3,6,0.0,197.17862351526668,19.71786235152667
right_knee,86,18,7,2,1,0,5,3,1,8,0.0,194.78609425883252,19.478609425883253
