Joints,0,1,2,3,4,5,6,7,8,9,Min,Max,Step
left_shoulder,102,4,4,3,1,3,1,6,6,1,0.0,193.00265844459446,19.300265844459446
right_shoulder,107,2,4,0,3,3,0,6,4,2,0.0,211.31904346926294,21.131904346926294
left_elbow,96,13,3,1,2,0,4,2,6,4,0.0,205.0466329437109,20.504663294371092
right_elbow,94,14,4,2,1,2,3,0,4,7,0.0,205.91029784094073,20.591029784094072
left_hip,106,5,3,0,0,0,2,3,3,9,0.0,196.1811540084449,19.61811540084449
right_hip,103,7,3,0,1,1,1,4,0,11,0.0,200.00893894845592,20.000893894845593
left_knee,95,16,2,0,1,0,5,1,4,7,0.0,197.02191796597145,19.702191796597145
right_knee,87,19,6,2,0,0,2,2,2,11,0.0,194.7127014458097,19.47127014458097
