Joints,0,1,2,3,4,5,6,7,8,9,Min,Max,Step
left_shoulder,96,3,4,3,3,5,4,9,2,2,0.0,194.7705293880377,19.47705293880377
right_shoulder,101,1,3,0,8,1,5,6,2,4,0.0,215.95871727046608,21.595871727046607
left_elbow,90,11,4,1,3,2,9,1,7,3,0.0,203.6190748697452,20.36190748697452
right_elbow,93,11,3,2,0,7,2,8,3,2,0.0,234.96196163687665,23.496196163687664
left_hip,99,6,2,0,1,0,4,8,5,6,0.0,196.1881202145897,19.61881202145897
right_hip,97,7,2,0,2,0,4,7,3,9,0.0,199.9849703697812,19.99849703697812
left_knee,92,14,1,0,0,1,8,1,7,7,0.0,197.044914690627,19.7044914690627
right_knee,84,17,4,2,1,1,8,3,10,1,0.0,219.9408588815044,21.99408588815044
