Joints,0,1,2,3,4,5,6,7,8,9,Min,Max,Step
left_shoulder,100,5,5,3,1,0,1,0,4,12,0.0,169.17463825471575,16.917463825471575
right_shoulder,106,2,4,0,2,1,0,3,7,6,0.0,202.4567775514737,20.24567775514737
left_elbow,95,12,5,1,1,0,6,2,5,4,0.0,204.90440024326332,20.490440024326332
right_elbow,94,15,4,1,1,0,1,1,6,8,0.0,207.22149013829662,20.72214901382966
left_hip,105,6,3,1,0,0,0,2,5,9,0.0,196.1985905857141,19.61985905857141
right_hip,102,8,3,1,1,0,0,2,0,14,0.0,199.96271984989625,19.996271984989626
left_knee,98,14,2,1,0,0,2,0,7,7,0.0,197.02822576750805,19.702822576750805
right_knee,91,15,6,3,0,0,1,1,0,14,0.0,194.66581506983104,19.466581506983104
