Joints,0,1,2,3,4,5,6,7,8,9,Min,Max,Step
left_shoulder,94,4,4,1,2,3,6,15,1,1,0.0,211.39478190141304,21.139478190141304
right_shoulder,100,2,1,1,4,2,5,7,6,3,0.0,233.52488783434163,23.35248878343416
left_elbow,88,11,4,1,1,6,6,4,3,7,0.0,204.9175248155838,20.49175248155838
right_elbow,93,8,4,0,1,5,2,9,7,2,0.0,240.75475843543128,24.075475843543128
left_hip,96,5,3,0,0,1,4,6,4,12,0.0,196.25866434352355,19.625866434352353
right_hip,95,6,2,1,0,2,5,3,15,2,0.0,221.83256470708542,22.183256470708542
left_knee,87,15,2,0,0,2,6,1,9,9,0.0,204.05479600026797,20.405479600026798
right_knee,81,16,5,3,0,0,3,5,9,9,0.0,208.7668072764883,20.87668072764883
