Joints,0,1,2,3,4,5,6,7,8,9,Min,Max,Step
left_shoulder,101,5,5,2,2,2,1,0,2,11,0.0,166.86520948484053,16.686520948484052
right_shoulder,107,4,2,2,2,1,0,2,6,5,0.0,197.0175608222773,19.70175608222773
left_elbow,94,12,5,2,3,1,3,2,3,6,0.0,193.94584114171474,19.394584114171472
right_elbow,93,15,3,3,1,1,3,1,5,6,0.0,201.01677853004642,20.10167785300464
left_hip,104,6,4,0,1,0,2,3,2,9,0.0,195.04896855606358,19.504896855606358
right_hip,102,8,3,0,2,0,3,2,0,11,0.0,199.54949803512957,19.954949803512957
left_knee,96,15,2,1,0,2,5,0,3,7,0.0,198.43481678214766,19.843481678214765
right_knee,86,20,6,2,1,0,2,1,1,12,0.0,193.3573996059598,19.33573996059598
