Joints,0,1,2,3,4,5,6,7,8,9,Min,Max,Step
left_shoulder,105,5,6,2,0,6,3,0,0,4,0.0,166.68832576289913,16.668832576289912
right_shoulder,108,6,4,3,5,1,0,0,2,2,0.0,211.5422291637596,21.15422291637596
left_elbow,96,12,5,3,4,1,3,5,1,1,0.0,186.82803105817908,18.682803105817907
right_elbow,96,14,4,2,5,1,5,0,0,4,0.0,199.91845401084885,19.991845401084884
left_hip,107,6,3,0,2,1,5,3,2,2,0.0,195.75057532245842,19.575057532245843
right_hip,104,9,3,0,2,1,6,2,0,4,0.0,199.66012230858001,19.966012230858002
left_knee,92,20,1,3,1,1,10,0,2,1,0.0,197.25983002296928,19.72598300229693
right_knee,89,21,5,2,0,2,0,8,0,4,0.0,194.42082145804787,19.442082145804786
