Joints,0,1,2,3,4,5,6,7,8,9,Min,Max,Step
left_shoulder,2,1,7,18,18,17,12,15,5,8,-19.67990222061124,15.746788971886462,3.5426691192497692
right_shoulder,2,0,0,7,35,52,5,0,0,2,-93.73868697456841,90.6337421242645,18.437242909883295
left_elbow,4,9,18,21,27,15,5,1,1,2,-10.287016245462636,15.008099411614635,2.529511565707727
right_elbow,1,1,2,2,10,62,19,2,1,3,-100.05654401945691,78.26587424325594,17.832241826271286
left_hip,3,1,5,19,61,10,2,0,1,1,-71.84016318544361,97.29865534764576,16.913881853308936
right_hip,1,0,1,0,5,43,42,7,2,2,-118.99328916625515,78.37950612453706,19.737279529079217
left_knee,1,3,5,7,13,12,20,21,17,4,-16.89696208149641,10.449482774414037,2.734644485591044
right_knee,3,1,5,18,44,24,4,1,1,2,-47.649821142645465,56.62262561739601,10.42724467600415
