Joints,0,1,2,3,4,5,6,7,8,9,Min,Max,Step
left_shoulder,2,2,8,21,19,18,14,11,5,3,-19.464182836041385,18.569960656497546,3.8034143492538934
right_shoulder,1,0,0,5,30,54,11,1,0,1,-91.92652171059315,83.16918040430889,17.509570211490214
left_elbow,4,7,15,25,26,15,7,1,2,1,-10.512293662655736,14.87269452670398,2.538498818935972
right_elbow,2,1,3,8,68,17,1,1,1,1,-107.60741663665762,123.8467674279778,23.14541840646355
left_hip,5,3,2,50,35,4,1,1,0,2,-62.16477335061735,97.24710942298208,15.941188277359942
right_hip,1,1,0,3,5,57,27,5,2,2,-124.01457404736807,89.06367350532055,21.307824755268868
left_knee,1,4,3,6,11,12,24,20,14,8,-17.01552357954634,9.872064973064369,2.688758855261071
right_knee,3,0,5,15,37,33,5,2,1,2,-50.785135617240435,55.79890887110782,10.658404448834823
