Joints,0,1,2,3,4,5,6,7,8,9,Min,Max,Step
left_shoulder,1,5,13,21,17,15,14,8,5,4,-17.723514702060548,18.538594967957565,3.6262109670018106
right_shoulder,2,0,0,7,47,40,5,0,0,2,-94.18317547835235,95.43556011950912,18.96187355978614
left_elbow,1,5,24,21,31,13,4,2,1,1,-14.467024077355433,20.551491490822002,3.501851556817744
right_elbow,4,1,3,5,22,54,7,2,2,3,-104.97229970045512,101.21179533809848,20.61840950385536
left_hip,1,0,3,2,11,68,11,3,2,2,-108.47235357654549,88.8987060978434,19.737105967438893
right_hip,1,1,0,4,7,48,33,5,2,2,-110.8006605793485,77.86470081071903,18.866536139006755
left_knee,1,2,3,7,13,13,21,27,11,5,-18.743498957974964,11.095031885997443,2.983853084397241
right_knee,2,2,5,25,40,23,2,2,0,2,-46.55511836783988,58.096491987891255,10.465161035573118
