Joints,0,1,2,3,4,5,6,7,8,9,Min,Max,Step
left_shoulder,3,3,15,23,20,15,13,4,5,2,-17.75420001264687,20.87823076992177,3.8632430782568647
right_shoulder,2,0,0,8,50,35,6,0,0,2,-91.24463592652992,94.02589808603419,18.52705340125641
left_elbow,4,4,13,19,28,15,8,8,2,2,-12.726719552203292,15.008082046257071,2.773480159846036
right_elbow,2,2,2,3,14,64,11,1,2,2,-102.86807211350715,89.23650722279852,19.210457933630565
left_hip,1,1,4,3,26,60,3,2,1,2,-100.11739847945564,94.31778455707456,19.443518303653022
right_hip,3,1,4,23,49,18,1,2,0,2,-80.05487068592,101.27605984203794,18.133093052795793
left_knee,1,1,3,5,11,18,19,27,15,3,-19.811909798116602,11.233297268754155,3.104520706687076
right_knee,3,0,3,23,42,21,7,1,1,2,-50.882279219824134,58.172441276758796,10.905472049658293
