Joints,0,1,2,3,4,5,6,7,8,9,Min,Max,Step
left_shoulder,3,3,10,19,23,15,16,6,5,3,-19.261769202463576,20.168350057998992,3.943011926046257
right_shoulder,1,0,0,8,60,29,4,0,0,1,-91.10112437413132,96.82572018769844,18.792684456182982
left_elbow,2,11,19,21,24,14,7,3,0,2,-10.675996042924538,15.151073673316064,2.5827069716240594
right_elbow,1,2,2,1,8,43,33,10,1,2,-95.90806392360788,67.62167639705117,16.352974032065916
left_hip,3,0,7,46,38,6,2,0,0,1,-56.88110695900126,85.27812795223922,14.215923491124045
right_hip,1,0,1,5,13,46,23,11,1,2,-80.14067394041795,59.4024766316571,13.95431505720751
left_knee,1,1,4,8,10,18,28,25,6,2,-19.963355979030357,13.054039337940635,3.3017395316970983
right_knee,3,0,5,17,48,23,3,1,1,2,-48.93992957015692,58.59817353424526,10.753810310440215
