Joints,0,1,2,3,4,5,6,7,8,9,Min,Max,Step
left_shoulder,2,3,15,32,14,12,16,5,3,1,-18.31818118202281,22.374970423725816,4.069315160574863
right_shoulder,1,0,0,5,37,51,8,0,0,1,-93.16086357049255,87.15169086877272,18.031255443926526
left_elbow,1,1,4,10,25,25,23,7,3,4,-16.755551498079168,13.341658590690114,3.0097210088769284
right_elbow,2,3,2,4,49,34,5,0,3,1,-98.25458251444591,102.59622042618571,20.08508029406316
left_hip,1,0,4,1,9,74,9,0,3,2,-111.7143131367292,92.042080621206,20.375639375793526
right_hip,3,2,3,22,51,16,1,3,1,1,-83.63255153583455,107.67162194513027,19.130417348096486
left_knee,1,5,5,6,10,18,26,20,10,2,-17.041464526185877,11.799613277016475,2.8841077803202353
right_knee,2,0,5,21,41,28,3,1,0,2,-46.698952666197115,54.33347506290352,10.103242772910065
