Joints,0,1,2,3,4,5,6,7,8,9,Min,Max,Step
left_shoulder,2,1,20,21,22,13,14,4,5,1,-17.694303046972934,20.720888277757368,3.84151913247303
right_shoulder,1,0,0,7,26,56,11,0,1,1,-90.95311824595215,81.39422975690302,17.234734800285523
left_elbow,4,8,18,17,18,21,9,3,4,1,-10.268724077148336,13.033724202628267,2.33024482797766
right_elbow,3,1,3,4,26,54,7,0,2,3,-101.77209804638727,97.54061490104124,19.931271294742857
left_hip,3,1,6,45,40,4,1,1,1,1,-64.83298946700471,97.46807298069822,16.23010624477029
right_hip,1,0,1,2,3,29,54,10,2,1,-124.05624282310751,77.89180232730409,20.194804515041156
left_knee,1,3,6,5,14,22,18,27,6,1,-18.76977812123829,13.32097117727804,3.2090749298516332
right_knee,3,0,5,18,34,32,6,2,1,2,-52.96378940796308,58.27668108097662,11.12404704889397
