Joints,0,1,2,3,4,5,6,7,8,9,Min,Max,Step
left_shoulder,21,10,7,7,5,8,8,7,20,10,0.8745169716468155,133.04936174815208,13.217484477650526
right_shoulder,27,10,11,4,5,6,10,11,7,12,0.0,142.54252363211,14.254252363211
left_elbow,1,13,6,29,9,10,10,9,8,8,138.46242112698022,178.99838698620889,4.053596585922861
right_elbow,4,3,0,1,1,7,5,20,32,30,63.082294121832476,179.99999034065385,11.69176962188213
left_hip,16,25,15,11,8,15,8,2,0,3,41.4404550275476,155.49662153954625,11.405616651199864
right_hip,2,1,13,14,14,28,11,10,4,6,23.120804554812363,173.6540570595521,15.053325250473971
left_knee,12,7,12,9,8,9,7,7,4,28,64.64691673038972,176.23368643686925,11.15867697064796
right_knee,8,6,11,6,10,4,10,11,9,28,46.5793664004011,179.10413240276299,13.252476600236193
