Joints,0,1,2,3,4,5,6,7,8,9,Min,Max,Step
left_shoulder,19,11,8,8,4,7,9,6,19,12,0.0,133.5970049866817,13.35970049866817
right_shoulder,27,9,11,4,6,6,10,10,9,11,0.2492082922772792,143.07674516634418,14.282753687406691
left_elbow,1,3,12,18,18,15,10,13,6,7,134.35035102527848,179.7153665914949,4.53650155662163
right_elbow,2,6,1,1,0,6,5,15,33,34,59.96444379236936,179.07643922822848,11.911199543585916
left_hip,5,24,24,14,5,17,9,1,2,2,35.555830144742046,155.39816920866036,11.984233906391836
right_hip,1,3,7,18,16,22,11,8,12,5,21.170078655630128,169.4326384731647,14.826255981753455
left_knee,13,6,11,11,7,9,7,8,4,27,64.75991551934779,177.06829423123327,11.230837871188541
right_knee,9,10,7,6,8,2,13,10,11,27,48.96867201708546,178.82313422240728,12.985446220532182
