Joints,0,1,2,3,4,5,6,7,8,9,Min,Max,Step
left_shoulder,21,10,7,7,4,8,8,8,21,9,0.8756320694754746,134.05326487742227,13.31776328079468
right_shoulder,27,10,12,3,6,5,10,11,9,10,0.7568228874127603,143.0102296192376,14.225340673182483
left_elbow,10,10,20,12,15,8,8,7,8,5,141.79868928710442,179.76283320582473,3.7964143918720197
right_elbow,2,5,1,1,0,7,3,23,33,28,63.420229743910895,179.93853108107112,11.651830133716018
left_hip,7,30,18,10,9,15,8,3,0,3,38.100224523619794,150.10784641114597,11.200762188752613
right_hip,3,5,10,15,20,21,8,12,7,2,31.95745361205061,174.3018836121194,14.23444300000688
left_knee,9,10,11,9,9,8,9,6,4,28,63.37971282359848,176.9195889155412,11.353987609194277
right_knee,9,8,10,5,10,5,10,10,11,25,48.69551173978651,179.78220175831174,13.108669001852526
