Joints,0,1,2,3,4,5,6,7,8,9,Min,Max,Step
left_shoulder,31,19,17,20,7,3,1,1,2,1,0.44777672171898825,11.243444769425986,1.0795668047706999
right_shoulder,33,21,12,13,6,5,6,3,1,2,0.2150031284318483,14.486673687443426,1.4271670559011578
left_elbow,36,35,9,5,7,2,0,3,1,4,0.7548379345359345,17.626798021276073,1.6871960086740136
right_elbow,77,11,8,1,1,0,0,0,1,3,0.3324399018134556,46.23829431913352,4.5905854417320064
left_hip,9,12,26,15,14,10,5,4,3,4,0.198399561161375,7.818999473929456,0.7620599912768081
right_hip,40,40,14,3,0,3,0,1,0,1,0.40221967718352375,20.94001893962268,2.0537799262439154
left_knee,13,23,19,21,8,8,3,4,1,2,0.17247870271128718,4.453904119312745,0.42814254166014576
right_knee,61,15,6,4,1,6,3,2,2,2,0.1719083672342668,23.132022596244806,2.2960114229010538
