Joints,0,1,2,3,4,5,6,7,8,9,Min,Max,Step
left_shoulder,27,24,14,13,16,2,2,1,1,2,0.31448082772244085,10.546793406933066,1.0232312579210625
right_shoulder,31,23,17,5,6,7,8,1,3,1,0.17459988355074998,15.257942787286932,1.5083342903736183
left_elbow,32,39,10,4,6,2,1,3,1,4,0.3605355142790427,19.460863475978094,1.910032796169905
right_elbow,76,14,6,2,0,0,0,0,1,3,0.18583733714949532,47.59629829217803,4.7410460955028535
left_hip,12,23,21,15,16,4,4,3,2,2,0.09946144680685036,9.302783804854801,0.9203322358047951
right_hip,38,36,17,3,3,2,0,2,0,1,0.055029312297104685,21.83198093377304,2.1776951621475935
left_knee,7,21,24,22,11,9,6,1,0,1,0.03658356332905768,4.908073486601038,0.487148992327198
right_knee,54,25,3,7,2,4,3,1,2,1,0.07104069575950724,22.694207848595905,2.2623167152836396
