Joints,0,1,2,3,4,5,6,7,8,9,Min,Max,Step
left_shoulder,26,24,14,21,8,3,1,3,1,1,0.1842901621390408,11.142033052551007,1.0957742890411966
right_shoulder,24,23,16,15,6,4,4,6,3,1,0.17860955870072198,13.63406594360914,1.3455456384908417
left_elbow,31,39,14,9,1,2,1,1,1,3,0.2645833984212845,19.631110490841586,1.9366527092420305
right_elbow,73,14,7,3,1,0,0,0,1,3,0.0918363083187358,45.907540966604564,4.581570465828583
left_hip,10,23,25,17,11,3,4,4,2,3,0.40564858986077135,8.794526171236043,0.8388877581375274
right_hip,33,41,19,3,3,0,0,2,0,1,0.07433996842120169,21.383539627826096,2.1309199659404894
left_knee,9,25,26,18,11,7,4,1,0,1,0.17151185844091282,5.0286914058216645,0.48571795473807516
right_knee,63,12,9,5,0,5,2,1,2,3,0.20533076403671416,22.75163816130579,2.254630739726908
