Joints,0,1,2,3,4,5,6,7,8,9,Min,Max,Step
left_shoulder,26,21,17,16,14,2,1,1,1,3,0.17223199706336215,10.654243721073264,1.0482011724009903
right_shoulder,21,24,19,9,11,5,6,5,1,1,0.07423461451190219,13.345247059209251,1.327101244469735
left_elbow,32,36,8,12,2,3,3,4,1,1,0.2421597697548876,19.64746591050991,1.940530614075502
right_elbow,77,11,6,4,2,0,0,0,0,2,0.19819888880563746,46.980409591379605,4.678221070257397
left_hip,8,22,17,20,11,11,4,2,2,5,0.09121189632565284,8.370256424812288,0.8279044528486634
right_hip,31,43,19,3,2,1,1,1,0,1,0.4176432448382436,20.786904701762072,2.036926145692383
left_knee,16,20,18,18,15,6,2,4,2,1,0.251652923634743,4.45673358650532,0.4205080662870576
right_knee,62,17,3,4,2,7,1,1,3,2,0.15883766476849348,23.652129010116358,2.349329134534786
