Joints,0,1,2,3,4,5,6,7,8,9,Min,Max,Step
left_shoulder,21,25,19,14,14,3,1,2,2,1,0.08045372244307487,10.919210826379487,1.0838757103936412
right_shoulder,26,19,16,12,5,7,5,4,5,3,0.22357807832670487,12.539422818121398,1.2315844739794692
left_elbow,42,36,10,7,0,1,0,4,1,1,0.3228139389557689,22.386790584729727,2.2063976645773957
right_elbow,73,19,5,2,1,0,0,0,0,2,0.17702002219346855,47.33207919248746,4.715505917029399
left_hip,11,19,20,19,11,8,5,3,4,2,0.28191863531672456,8.261255805268524,0.7979337169951798
right_hip,36,41,17,4,2,1,0,0,0,1,0.10669877995766178,22.23278428496399,2.212608550500633
left_knee,15,21,18,19,11,10,4,3,0,1,0.08268101258177123,4.91533809058153,0.48326570779997585
right_knee,60,21,5,4,2,4,2,1,1,2,0.09794431756860608,23.55809003002143,2.3460145712452825
