Joints,0,1,2,3,4,5,6,7,8,9,Min,Max,Step
left_shoulder,22,23,21,16,12,3,0,2,0,3,0.2055414602987216,10.927309990381604,1.0721768530082882
right_shoulder,25,27,15,11,7,4,4,5,3,1,0.2894901177711361,13.674912095961215,1.3385421978190077
left_elbow,23,39,16,9,5,2,1,3,2,2,0.09696089812780796,17.55660485094404,1.7459643952816233
right_elbow,76,13,7,2,1,1,0,0,0,2,0.19642087513344125,45.35283966562828,4.515641879049484
left_hip,9,20,23,18,12,7,3,4,1,5,0.07112658287475936,8.53839600300387,0.846726942012911
right_hip,35,42,15,3,3,2,0,0,0,2,0.1457075581758262,21.877234696125907,2.173152713795008
left_knee,10,22,25,18,9,5,7,4,1,1,0.26400020299384075,4.430420351230749,0.4166420148236908
right_knee,64,20,3,5,4,3,1,1,0,1,0.17520830373110807,23.58630919647307,2.3411100892741965
