Joints,0,1,2,3,4,5,6,7,8,9,Min,Max,Step
left_shoulder,23,27,20,18,6,2,2,1,2,1,0.1418632639669136,11.758797442345259,1.1616934178378346
right_shoulder,32,21,15,8,9,5,4,3,2,3,0.20047852734843688,14.309479895773597,1.410900136842516
left_elbow,41,36,6,7,4,1,1,0,2,4,0.15059817706764267,20.912608593675106,2.076201041660746
right_elbow,76,15,6,2,1,0,0,0,0,2,0.1873372858619412,45.39600442539522,4.520866713953327
left_hip,14,18,19,18,19,2,3,6,1,2,0.07556306755756058,8.879614516253152,0.8804051448695592
right_hip,22,34,23,15,2,0,2,2,0,2,0.15565408377929285,15.73226430117424,1.5576610217394946
left_knee,17,32,17,14,7,9,3,2,0,1,0.11286062424398892,4.998616744019603,0.4885756119775614
right_knee,67,15,5,4,0,5,2,1,1,2,0.2118784263637616,24.177948436596235,2.3966070010232476
