Joints,0,1,2,3,4,5,6,7,8,9,Min,Max,Step
left_shoulder,28,18,19,15,10,5,3,0,1,3,0.27961771136225083,10.520406167496724,1.0240788456134473
right_shoulder,30,22,16,11,8,4,3,5,1,2,0.32119262005216925,13.852555747918393,1.3531363127866223
left_elbow,31,44,13,5,4,1,1,1,1,1,0.3343528444214579,20.717059366755905,2.038270652233445
right_elbow,78,12,6,3,1,0,0,0,1,1,0.1348932828220609,57.93126497404837,5.779637169122631
left_hip,10,16,21,18,14,8,5,1,4,5,0.10847537241344042,8.03694395657915,0.7928468584165709
right_hip,34,45,15,4,2,0,0,0,1,1,0.13213703422329426,21.979962818056464,2.184782578383317
left_knee,11,29,21,18,9,9,3,1,0,1,0.16973373806165046,5.003948413640901,0.48342146755792503
right_knee,60,20,4,6,3,2,2,1,1,3,0.16675933559514766,23.26991689553993,2.310315755994478
