Joints,0,1,2,3,4,5,6,7,8,9,Min,Max,Step
left_shoulder,22,19,23,20,9,2,2,1,2,2,0.06576704478980093,10.868909372734096,1.0803142327944295
right_shoulder,29,24,16,8,6,4,7,4,3,1,0.3151518853973525,13.798070333048045,1.3482918447650694
left_elbow,31,40,11,7,3,3,1,0,2,4,0.32706780115995143,20.839340402003423,2.051227260084347
right_elbow,70,19,5,2,4,0,0,0,0,2,0.10587869249945764,47.12236018370228,4.701648149120282
left_hip,9,24,17,21,13,6,3,2,3,4,0.3372163964061177,8.321719173512237,0.7984502777106119
right_hip,32,38,23,4,0,2,2,0,0,1,0.14984417153165913,20.48722265430897,2.033737848277731
left_knee,11,27,18,21,10,9,2,2,1,1,0.2264255457096788,4.9290367674545115,0.47026112217448324
right_knee,66,13,3,4,3,5,2,2,2,2,0.22418806326282,23.333671671806307,2.310948360854349
