Joints,0,1,2,3,4,5,6,7,8,9,Min,Max,Step
left_shoulder,6,6,2,5,79,9,6,7,2,5,-146.00311720756818,159.2114024335455,30.521451964111364
right_shoulder,3,4,3,3,16,79,7,1,5,6,-171.06283792670632,159.30102239093804,33.03638603176444
left_elbow,5,6,1,0,85,15,4,2,6,3,-154.30269380860648,159.31985552124306,31.362254932984953
right_elbow,6,5,2,7,77,13,6,7,2,2,-143.01637006223655,155.9838448379264,29.9000214900163
left_hip,3,5,0,10,83,11,6,6,2,1,-123.66989167395695,139.71001768179818,26.337990935575505
right_hip,4,5,3,10,85,8,4,5,2,1,-124.78422881206943,156.21344507526445,28.099767388733383
left_knee,4,6,3,5,82,11,6,2,6,2,-153.42165303939498,166.32040720640904,31.97420602458041
right_knee,8,3,3,5,78,10,5,3,10,2,-156.1563572316628,158.8647476746483,31.50211049063111
