Joints,0,1,2,3,4,5,6,7,8,9,Min,Max,Step
left_shoulder,5,2,3,8,90,5,7,2,2,3,-138.97228649226358,163.68626945049908,30.26585559427626
right_shoulder,3,2,3,5,20,75,9,2,4,4,-174.35642122024117,160.45737160478157,33.481379282502274
left_elbow,2,6,4,4,86,10,2,6,4,3,-155.36799562935087,165.2219349595201,32.0589930588871
right_elbow,3,2,5,6,11,83,6,6,2,3,-165.12263816500166,155.92329122189986,32.10459293869016
left_hip,2,4,6,5,78,16,9,4,1,2,-125.6204379694488,142.75729045021774,26.837772841966654
right_hip,2,7,1,3,10,82,5,8,6,3,-128.9431358978903,108.66641004506687,23.760954594295725
left_knee,5,1,4,3,86,17,4,3,2,2,-149.50971095820782,164.3003099165898,31.381002087479757
right_knee,8,3,3,5,81,10,4,4,2,7,-139.76276290040386,145.8950194027735,28.565778230317733
