Joints,0,1,2,3,4,5,6,7,8,9,Min,Max,Step
left_shoulder,5,2,6,5,79,14,10,1,4,1,-152.31264337808872,169.08611137810888,32.13987547561976
right_shoulder,3,2,0,9,20,77,4,5,4,3,-171.35610599622018,163.402808775356,33.4758914771576
left_elbow,1,4,3,3,13,89,4,3,3,4,-156.8435553103454,145.21708723762853,30.206064254797397
right_elbow,4,2,3,6,12,85,5,5,2,3,-172.4599628024911,164.5677317618966,33.70276945643877
left_hip,5,6,4,9,76,10,8,5,1,3,-114.82603219496436,140.67183833196842,25.549787052693276
right_hip,2,5,7,7,82,9,3,4,6,2,-114.04820020491593,126.27478826596668,24.032298847088256
left_knee,4,3,5,4,83,15,4,2,2,5,-163.20651927570958,167.61780205606232,33.08243213317718
right_knee,5,5,3,2,11,82,3,7,3,6,-140.31764688312583,131.7825026068592,27.210014948998506
