Joints,0,1,2,3,4,5,6,7,8,9,Min,Max,Step
left_shoulder,13,26,4,5,5,52,2,3,6,11,4.900801470352144,177.81410710214593,17.29133056317938
right_shoulder,25,26,31,6,3,5,8,8,8,7,0.22234057598621668,177.81989153968553,17.759755096369933
left_elbow,9,3,2,29,16,3,3,3,21,38,14.367863108064293,179.67953071779877,16.53116676097345
right_elbow,19,9,7,18,2,5,1,35,21,10,1.7683628851157155e-05,179.51383909788512,17.95138214142563
left_hip,4,3,19,6,8,7,5,61,10,4,0.0,180.0,18.0
right_hip,21,3,2,9,26,32,10,13,5,6,20.460220626966667,180.0,15.953977937303328
left_knee,42,7,8,33,3,4,2,3,4,21,0.0,179.0537091506956,17.90537091506956
right_knee,13,7,8,9,15,16,5,35,11,8,0.0,179.66625204029737,17.966625204029736
