Joints,0,1,2,3,4,5,6,7,8,9,Min,Max,Step
left_shoulder,7,27,5,7,4,54,3,4,5,11,6.6091587813935435,176.31110401057404,16.97019452291805
right_shoulder,40,36,7,4,2,5,10,11,5,7,0.4217596296828286,179.99996522509616,17.957820559541332
left_elbow,3,4,3,1,46,0,7,4,22,37,9.01383407820353,179.63780407830018,17.062397000009664
right_elbow,19,8,6,18,2,5,0,5,54,10,0.0,179.67006048218147,17.967006048218146
left_hip,3,1,20,8,6,7,6,58,14,4,0.0,180.0,18.0
right_hip,2,21,6,1,13,23,38,15,4,4,0.0,174.96348728130982,17.496348728130982
left_knee,36,9,11,36,3,1,4,6,4,17,0.0,179.32358512299905,17.932358512299906
right_knee,12,11,4,7,16,16,7,35,8,11,0.0,178.2133423661235,17.82133423661235
