Joints,0,1,2,3,4,5,6,7,8,9,Min,Max,Step
left_shoulder,36,28,8,17,2,13,3,1,5,14,5.2281460319424005,179.74102261595894,17.451287658401654
right_shoulder,52,12,25,7,3,4,7,6,3,8,2.4382083772060303,179.38373393737928,17.694552556017324
left_elbow,5,8,1,4,3,18,2,6,47,33,2.530323694074506,179.85062079571537,17.73202971016409
right_elbow,17,9,19,19,1,6,3,6,15,32,2.4866343117940346,178.4817630985267,17.599512878673266
left_hip,5,15,2,28,15,8,6,37,8,3,6.747305603609012,180.0,17.325269439639094
right_hip,2,7,42,2,14,27,13,8,5,7,0.0,173.806137087218,17.3806137087218
left_knee,39,9,13,22,3,1,15,7,2,16,0.0,179.64284057894187,17.964284057894186
right_knee,17,10,3,10,3,17,5,18,10,34,0.0,175.4660551760755,17.546605517607553
