Joints,0,1,2,3,4,5,6,7,8,9,Min,Max,Step
left_shoulder,10,27,9,3,6,51,1,3,6,11,3.902751073931464,178.95097873738334,17.504822766345193
right_shoulder,26,47,10,7,2,4,11,3,9,8,1.5594648589589732,178.06438848308326,17.65049236241243
left_elbow,5,5,2,3,27,18,2,4,23,38,0.0,180.0,18.0
right_elbow,17,10,10,19,3,6,2,4,47,9,0.0,179.23375839410753,17.923375839410753
left_hip,3,0,18,4,8,7,20,50,11,6,0.0,180.0,18.0
right_hip,1,8,9,13,16,49,10,13,4,4,0.0,178.69692751269383,17.869692751269383
left_knee,37,8,10,24,5,1,5,3,3,31,0.7640857910827296,179.31683190802624,17.85527461169435
right_knee,14,9,8,9,1,19,3,6,49,9,0.21489721087231906,178.61341486809016,17.839851765721782
