Joints,0,1,2,3,4,5,6,7,8,9,Min,Max,Step
left_shoulder,10,26,5,6,9,53,2,2,4,10,5.791269901944133,178.6673846457954,17.287611474385127
right_shoulder,35,40,5,7,2,5,10,9,9,5,1.5568270072513546,177.8474044409139,17.629057743366253
left_elbow,4,5,4,5,29,15,5,5,20,35,0.0,180.0,18.0
right_elbow,20,12,6,19,4,2,0,31,23,10,0.7081531485994167,179.99998867341262,17.92918355248132
left_hip,3,2,17,5,11,8,9,57,14,1,0.0,180.0,18.0
right_hip,3,19,9,1,9,23,36,17,5,5,0.0,180.0,18.0
left_knee,37,15,8,31,5,2,2,7,5,15,4.636415505388803,179.99997559640698,17.536356009101816
right_knee,11,8,6,8,18,17,4,35,11,9,1.6149086458053612,175.23641085520356,17.362150220939817
