Joints,0,1,2,3,4,5,6,7,8,9,Min,Max,Step
left_shoulder,9,24,7,5,4,55,2,2,6,13,1.3249049215802708,178.86925575503457,17.75443508334543
right_shoulder,24,20,31,9,3,3,16,12,3,6,0.6269151673696639,179.29633089626975,17.866941572890006
left_elbow,9,1,4,30,15,4,5,5,20,34,20.00079290796184,180.0,15.999920709203817
right_elbow,17,8,9,21,2,4,1,31,23,11,2.1042161300801667,178.13677090148042,17.603255477140024
left_hip,6,17,3,5,10,6,14,51,10,5,8.255386386362368,178.21050609479923,16.995511970843687
right_hip,9,7,16,8,28,5,31,15,1,7,18.168709731919122,178.69158901525932,16.052287928334025
left_knee,39,12,11,23,4,1,3,4,5,25,0.0,179.31996867641544,17.931996867641544
right_knee,11,11,5,0,9,18,5,3,41,24,0.0,160.94551835804785,16.094551835804786
