Joints,0,1,2,3,4,5,6,7,8,9,Min,Max,Step
left_shoulder,92,5,2,5,2,6,8,3,1,2,0.0,285.0205512638253,28.502055126382533
right_shoulder,95,6,4,0,2,1,1,6,5,6,0.0,222.69808515078097,22.269808515078097
left_elbow,97,3,1,3,5,4,6,3,1,3,0.0,254.9577384802606,25.495773848026058
right_elbow,86,2,8,6,5,4,6,1,6,2,0.0,250.7228937698044,25.07228937698044
left_hip,95,6,2,1,0,0,0,2,12,8,0.0,212.06491065744754,21.206491065744753
right_hip,91,7,3,5,0,1,3,7,5,4,0.0,230.9668778545437,23.09668778545437
left_knee,87,7,9,1,1,2,4,8,2,5,0.0,260.62870759408986,26.062870759408987
right_knee,88,8,4,4,2,1,9,5,2,3,0.0,232.3490033653814,23.23490033653814
