Joints,0,1,2,3,4,5,6,7,8,9,Min,Max,Step
left_shoulder,96,7,1,8,0,4,1,3,4,2,0.0,268.6411661285084,26.864116612850843
right_shoulder,98,10,3,0,1,0,10,0,1,3,0.0,215.23868635101,21.523868635101
left_elbow,101,5,0,2,9,4,1,0,0,4,0.0,262.67824090814787,26.267824090814788
right_elbow,90,3,7,8,6,3,7,0,1,1,0.0,222.8655477174179,22.28655477174179
left_hip,98,7,3,4,0,0,5,4,2,3,0.0,235.4035609138161,23.54035609138161
right_hip,92,6,9,3,4,2,4,1,1,4,0.0,228.9921193768412,22.89921193768412
left_knee,93,6,7,4,3,0,3,4,2,4,0.0,266.2714168973345,26.627141689733453
right_knee,88,9,6,4,7,2,2,3,3,2,0.0,214.13112705184503,21.413112705184503
