Joints,0,1,2,3,4,5,6,7,8,9,Min,Max,Step
left_shoulder,96,5,2,4,1,1,7,6,2,2,0.0,272.03101995013225,27.203101995013224
right_shoulder,93,12,3,2,0,0,0,3,5,8,0.0,181.23966686037696,18.123966686037697
left_elbow,99,4,2,1,3,6,3,4,1,3,0.0,282.86430593095486,28.286430593095485
right_elbow,86,3,5,4,6,6,5,3,6,2,0.0,184.89292459616058,18.48929245961606
left_hip,95,6,4,1,1,1,3,10,3,2,0.0,233.29720895177718,23.32972089517772
right_hip,90,6,6,4,4,1,0,3,5,7,0.0,198.53918598984413,19.853918598984414
left_knee,92,4,8,4,1,1,10,3,1,2,0.0,278.3251176446171,27.832511764461707
right_knee,92,7,2,4,4,8,3,2,1,3,0.0,217.79286473913854,21.779286473913853
