Joints,0,1,2,3,4,5,6,7,8,9,Min,Max,Step
left_shoulder,91,9,3,5,3,2,4,4,2,3,0.0,252.44819623040212,25.24481962304021
right_shoulder,96,5,8,0,2,1,7,1,2,4,0.0,218.2991350555679,21.82991350555679
left_elbow,100,4,1,3,7,3,5,1,0,2,0.0,249.94052928432316,24.994052928432318
right_elbow,90,3,6,9,5,4,3,4,1,1,0.0,250.8519843367777,25.085198433677768
left_hip,91,11,3,2,1,3,3,9,2,1,0.0,237.1759817829708,23.71759817829708
right_hip,89,8,8,3,0,6,4,3,3,2,0.0,245.99822946471738,24.59982294647174
left_knee,88,10,7,3,3,2,6,3,2,2,0.0,272.3382956517986,27.23382956517986
right_knee,87,12,2,8,5,3,4,3,1,1,0.0,273.50979316883576,27.350979316883574
