Joints,0,1,2,3,4,5,6,7,8,9,Min,Max,Step
left_shoulder,19,29,40,87,48,13,3,2,0,5,0.0,167.24742116121797,16.724742116121796
right_shoulder,10,14,106,96,11,6,1,1,0,1,1.1419198379084978,176.10914051856201,17.496722068065353
left_elbow,29,25,25,56,59,22,6,2,4,18,2.4889440737881263,180.0,17.751105592621187
right_elbow,30,26,33,68,45,16,7,4,8,9,0.0,179.04887376026073,17.904887376026075
left_hip,11,5,8,6,50,133,18,4,5,6,0.0,180.0,18.0
right_hip,11,2,10,41,81,72,16,2,4,7,0.0,180.0,18.0
left_knee,8,6,6,4,6,6,6,13,39,152,0.0,180.0,18.0
right_knee,11,6,8,6,6,4,4,14,47,140,0.0,180.0,18.0
