Joints,0,1,2,3,4,5,6,7,8,9,Min,Max,Step
left_shoulder,25,39,43,68,42,13,7,2,4,3,0.0,166.79619953728962,16.679619953728963
right_shoulder,15,27,101,66,16,8,3,2,2,6,0.0,179.6374421763443,17.96374421763443
left_elbow,26,27,27,48,41,24,13,5,23,12,0.0,180.0,18.0
right_elbow,33,23,26,58,30,24,13,16,10,13,0.0,179.15403552923848,17.91540355292385
left_hip,12,7,9,15,72,94,23,5,3,6,0.0,180.0,18.0
right_hip,9,3,16,22,71,74,33,5,7,6,0.0,174.34954926163124,17.434954926163122
left_knee,9,5,6,3,10,6,9,17,39,142,0.0,180.0,18.0
right_knee,17,7,4,7,10,11,10,15,41,124,0.0,180.0,18.0
