Joints,0,1,2,3,4,5,6,7,8,9,Min,Max,Step
left_shoulder,3,12,8,30,63,74,30,18,4,4,2.045856849646414,117.03226662803124,11.498640977838482
right_shoulder,3,1,95,136,5,1,3,0,0,2,0.0,174.88937493929382,17.48893749392938
left_elbow,15,15,13,45,99,43,5,3,2,6,0.0,175.32722530230296,17.532722530230295
right_elbow,17,15,45,90,59,6,7,2,1,4,6.1993366452521075,175.0202574617249,16.88209208164728
left_hip,4,1,3,3,35,176,15,6,1,2,0.0,180.0,18.0
right_hip,6,1,1,23,71,77,49,14,3,1,0.0,160.44922247521637,16.044922247521637
left_knee,8,2,0,2,0,2,6,12,49,165,0.0,180.0,18.0
right_knee,11,5,4,2,13,4,7,4,51,145,0.0,180.0,18.0
