Joints,0,1,2,3,4,5,6,7,8,9,Min,Max,Step
left_shoulder,14,31,77,45,58,10,7,1,0,3,3.908877399986373,139.19048263385062,13.528160523386422
right_shoulder,1,14,26,25,40,77,45,13,3,2,0.0,96.81452955621006,9.681452955621006
left_elbow,15,25,13,68,44,16,16,14,19,16,0.0,179.42812757841372,17.942812757841374
right_elbow,33,15,24,42,44,23,11,23,15,16,0.5147128151797725,175.0193697635907,17.450465694841093
left_hip,4,0,10,6,5,30,136,38,12,5,0.0,137.92900144937178,13.792900144937178
right_hip,3,3,14,17,25,97,51,26,5,5,0.0,155.8946809372616,15.58946809372616
left_knee,17,0,3,0,5,7,4,12,64,134,28.079100848306545,180.0,15.19208991516934
right_knee,4,1,5,1,0,2,25,14,79,115,7.232070111071942,179.99999217503532,17.276792206396337
