Joints,0,1,2,3,4,5,6,7,8,9,Min,Max,Step
left_shoulder,19,26,43,80,48,17,5,5,1,2,0.3672229931665211,168.1770369065899,16.78098139134234
right_shoulder,18,21,96,80,18,1,3,4,2,3,1.068564187532922,180.0,17.893143581246708
left_elbow,21,15,26,39,69,34,13,7,4,18,0.0,178.63370458459522,17.86337045845952
right_elbow,26,32,22,71,49,15,9,11,4,7,0.0,178.51718920874058,17.851718920874056
left_hip,14,8,5,7,44,136,12,9,6,5,0.0,180.0,18.0
right_hip,9,5,17,37,73,71,20,2,7,5,0.0,180.0,18.0
left_knee,14,7,3,3,7,8,7,16,40,141,0.0,180.0,18.0
right_knee,18,10,2,4,7,2,9,19,43,132,0.0,180.0,18.0
