Joints,0,1,2,3,4,5,6,7,8,9,Min,Max,Step
left_shoulder,15,18,59,103,31,11,4,1,1,3,0.0,176.6360145666329,17.66360145666329
right_shoulder,8,9,57,152,10,5,0,1,1,3,3.7897461752144515,157.9567182370375,15.416697206182304
left_elbow,21,15,17,55,76,38,10,4,7,3,0.9179607257304144,180.0,17.90820392742696
right_elbow,26,16,37,83,57,17,4,1,1,4,0.5824154839503041,178.76868282951438,17.818626734556407
left_hip,8,4,0,6,53,153,16,2,1,3,0.0,180.0,18.0
right_hip,11,3,10,42,90,58,24,4,1,3,0.0,180.0,18.0
left_knee,7,2,2,6,2,5,4,13,36,169,0.0,180.0,18.0
right_knee,9,13,5,4,9,2,9,3,56,136,0.0,180.0,18.0
