Joints,0,1,2,3,4,5,6,7,8,9,Min,Max,Step
left_shoulder,181,27,17,1,3,4,3,5,2,2,0.0,183.36029252147102,18.336029252147103
right_shoulder,187,23,9,7,3,4,2,5,4,1,0.0,200.488390220325,20.0488390220325
left_elbow,128,48,31,8,8,5,6,5,3,3,0.0,163.50549471545943,16.350549471545943
right_elbow,151,53,13,9,6,5,2,3,0,3,0.0,205.7402747843777,20.57402747843777
left_hip,186,7,17,9,7,3,6,3,3,4,0.0,192.6967957878367,19.26967957878367
right_hip,184,15,13,11,2,5,5,1,7,2,0.0,192.356570775236,19.2356570775236
left_knee,170,44,8,2,3,6,2,4,3,3,0.0,166.0492059439599,16.60492059439599
right_knee,182,30,12,1,3,1,0,9,4,3,0.0,172.9499490405734,17.29499490405734
