Joints,0,1,2,3,4,5,6,7,8,9,Min,Max,Step
left_shoulder,200,21,10,2,1,3,4,1,1,2,0.0,180.8540320730433,18.08540320730433
right_shoulder,210,15,9,3,0,1,5,1,0,1,0.0,219.7320584674617,21.973205846746172
left_elbow,145,53,26,8,3,3,2,2,0,3,0.0,166.7697559318808,16.676975593188082
right_elbow,173,37,15,4,6,4,3,1,1,1,0.0,173.2616795407249,17.326167954072492
left_hip,209,5,3,8,1,3,7,5,3,1,0.0,155.90524878214933,15.590524878214932
right_hip,211,8,4,10,1,4,1,1,4,1,0.0,212.8234798976634,21.28234798976634
left_knee,185,42,1,4,1,3,5,2,0,2,0.0,149.41837608238203,14.941837608238203
right_knee,203,22,6,3,4,3,0,2,0,2,0.0,187.6452066575886,18.76452066575886
