Joints,0,1,2,3,4,5,6,7,8,9,Min,Max,Step
left_shoulder,210,22,2,2,2,5,0,1,0,1,0.0,249.0827073773305,24.90827073773305
right_shoulder,193,28,8,7,2,1,2,3,0,1,0.0,206.28287422768742,20.628287422768743
left_elbow,142,69,11,6,4,7,4,1,0,1,0.0,226.4303282179316,22.64303282179316
right_elbow,173,36,7,6,7,9,5,1,0,1,0.0,242.8000741545731,24.280007415457312
left_hip,199,12,15,5,3,8,1,1,0,1,0.0,279.3218294667553,27.93218294667553
right_hip,193,8,7,5,8,7,4,4,5,4,0.0,182.5642392336444,18.25642392336444
left_knee,187,19,8,7,6,4,2,3,5,4,0.0,179.72091692468285,17.972091692468286
right_knee,194,9,12,3,5,1,4,9,5,3,0.0,185.6107125793911,18.561071257939112
