Joints,0,1,2,3,4,5,6,7,8,9,Min,Max,Step
left_shoulder,219,14,0,3,1,3,2,1,0,2,0.0,180.5030615851251,18.05030615851251
right_shoulder,219,11,2,5,3,1,1,0,1,2,0.0,160.62812999869666,16.062812999869667
left_elbow,198,13,20,4,1,0,1,1,6,1,0.0,145.39171933197426,14.539171933197427
right_elbow,196,15,22,1,1,1,6,1,0,2,0.0,132.84615696582304,13.284615696582303
left_hip,213,18,2,0,5,3,1,1,0,2,0.0,136.7406094279273,13.67406094279273
right_hip,220,9,2,4,2,2,2,1,2,1,0.0,137.4375968806294,13.74375968806294
left_knee,199,32,1,1,1,2,3,1,3,2,0.0,139.45589715414593,13.945589715414593
right_knee,189,40,3,1,0,4,3,1,3,1,0.0,120.53271076776228,12.053271076776229
