Joints,0,1,2,3,4,5,6,7,8,9,Min,Max,Step
left_shoulder,171,24,20,4,2,2,3,7,5,7,0.0,168.33154180810266,16.833154180810265
right_shoulder,177,22,14,3,7,7,7,5,2,1,0.0,201.61459542857102,20.161459542857102
left_elbow,139,59,19,6,9,9,1,1,1,1,0.0,264.08659314737315,26.408659314737314
right_elbow,143,45,13,9,9,6,8,9,1,2,0.0,198.60346744077987,19.860346744077987
left_hip,175,4,16,13,12,7,6,8,3,1,0.0,200.68776731440303,20.068776731440302
right_hip,176,8,12,8,12,11,10,3,4,1,0.0,201.49444372921886,20.149444372921884
left_knee,184,18,17,12,7,3,3,0,0,1,0.0,279.66292349061627,27.966292349061625
right_knee,178,14,11,8,6,8,8,5,4,3,0.0,186.35712767191646,18.635712767191645
