Joints,0,1,2,3,4,5,6,7,8,9,Min,Max,Step
left_shoulder,200,28,4,1,2,0,1,1,4,4,0.0,160.01218620389213,16.001218620389213
right_shoulder,207,16,9,5,0,3,3,0,0,2,0.0,176.38066391909,17.638066391909
left_elbow,161,14,48,8,5,5,1,0,0,3,0.0,152.50351341680556,15.250351341680556
right_elbow,187,17,19,2,3,2,7,6,0,2,0.0,168.72548613989318,16.872548613989316
left_hip,201,13,4,9,1,4,4,2,3,4,0.0,179.09889205464387,17.90988920546439
right_hip,205,11,7,0,4,3,3,5,2,5,0.0,179.05935616170675,17.905935616170673
left_knee,192,23,5,6,11,4,0,0,1,3,0.0,160.46085749842211,16.046085749842213
right_knee,201,10,2,5,10,4,4,0,3,6,0.0,168.59043617809172,16.85904361780917
