Joints,0,1,2,3,4,5,6,7,8,9,Min,Max,Step
left_shoulder,2,3,4,16,150,10,3,1,1,1,-83.5411372246525,109.05101371362184,19.259215093827436
right_shoulder,2,4,6,9,39,95,22,5,7,2,-110.13638505633507,101.99552125954077,21.21319063158758
left_elbow,1,1,5,2,19,139,13,7,2,2,-162.81950713523145,138.2931339920994,30.111264112733096
right_elbow,5,3,8,18,99,32,11,5,7,3,-157.44974436280597,172.12959494730552,32.957933931011155
left_hip,1,0,4,7,57,106,10,5,0,1,-71.52607272673451,67.56344628095276,13.908951900768727
right_hip,1,0,4,8,139,35,3,0,0,1,-81.42266174456977,91.59407531511572,17.301673705968554
left_knee,1,0,2,8,70,100,7,1,1,1,-74.52718452014426,73.88888971844534,14.84160742385896
right_knee,1,0,2,3,152,26,4,2,0,1,-85.22296216291514,89.26730281834398,17.449026498125903
