Joints,0,1,2,3,4,5,6,7,8,9,Min,Max,Step
left_shoulder,12,48,17,6,12,31,29,15,17,4,2.80336896269612,149.1116507858299,14.63082818231338
right_shoulder,30,37,16,17,9,20,29,13,8,12,1.64439411994651,162.54486241811261,16.09004682981661
left_elbow,10,45,37,12,20,9,5,8,3,42,8.738455416419809,180.0,17.126154458358016
right_elbow,18,16,26,13,16,20,11,7,20,44,1.4164807250716938,179.99999190039205,17.858351117532035
left_hip,1,0,0,3,4,85,30,43,22,3,0.0,138.10343598131544,13.810343598131544
right_hip,1,0,0,4,37,33,86,29,0,1,0.0,148.56507925129998,14.856507925129998
left_knee,1,1,4,10,5,13,29,27,35,66,117.49810301822706,179.86809567836033,6.236999266013328
right_knee,1,1,4,4,4,13,29,53,73,9,132.70700133826898,179.9999883560799,4.72929870178109
