Joints,0,1,2,3,4,5,6,7,8,9,Min,Max,Step
left_shoulder,163,14,1,0,2,2,3,1,2,2,0.07441737863455752,22.73188694193853,2.265746956330397
right_shoulder,164,13,5,1,0,1,1,3,1,1,0.06830213227707096,25.33657548973391,2.5268273357456836
left_elbow,154,17,4,3,6,1,0,3,1,1,0.03274352414255918,31.478917022500504,3.1446173498357943
right_elbow,144,18,9,5,1,0,1,3,3,6,0.07509201249344102,43.12926663857206,4.305417462607862
left_hip,156,18,2,1,2,0,1,1,1,8,0.048531279058848416,14.508643872940825,1.4460112593881977
right_hip,168,12,3,0,1,0,0,0,0,6,0.04379480071247329,14.842599072338626,1.4798804271626154
left_knee,157,14,0,0,0,0,1,4,13,1,0.034408417086042385,15.204358287326885,1.5169949870240842
right_knee,149,29,2,2,1,0,0,0,1,6,0.02094819043525519,14.839070795546135,1.481812260511088
