Joints,0,1,2,3,4,5,6,7,8,9,Min,Max,Step
left_shoulder,163,15,1,1,0,4,1,2,1,2,0.15392032701268674,20.749255285828443,2.0595334958815754
right_shoulder,165,15,4,1,0,0,2,1,1,1,0.02249606769732149,24.693866505633913,2.467137043793659
left_elbow,149,22,5,3,3,1,1,1,3,2,0.03953468398423735,32.25062440818722,3.2211089724202986
right_elbow,146,14,9,6,2,0,1,4,1,7,0.13264321045906466,42.25446430196907,4.2121821091510006
left_hip,155,18,2,0,0,0,4,1,8,2,0.08156186194748068,15.561273395046182,1.5479711533098701
right_hip,166,12,3,0,1,0,0,0,0,8,0.07092803995191886,14.726811171079273,1.4655883131127354
left_knee,157,12,0,0,0,1,0,5,14,1,0.08308604179489215,15.161503659942278,1.5078417618147386
right_knee,155,22,1,2,0,1,0,0,1,8,0.04673069918422712,14.25947926333017,1.4212748564145943
