Joints,0,1,2,3,4,5,6,7,8,9,Min,Max,Step
left_shoulder,152,18,11,0,1,0,1,6,0,1,0.019401844305945114,15.486664375959668,1.5467262531653723
right_shoulder,162,13,5,1,2,2,2,1,1,1,0.0460489043802126,25.62475107219008,2.5578702167809864
left_elbow,153,12,10,4,5,1,0,3,1,1,0.04115299936305504,32.16914239078931,3.2127989391426253
right_elbow,152,22,4,4,0,1,1,1,2,3,0.04598834231638372,39.299482563233134,3.925349422091675
left_hip,141,22,4,0,0,0,1,6,4,12,0.0472563514794215,13.89250937461576,1.384525302313634
right_hip,166,11,4,1,0,0,0,0,0,8,0.0749334852648321,14.760815837696002,1.468588235243117
left_knee,157,16,0,0,0,1,0,3,11,2,0.022861821569749845,15.2386693759217,1.521580755435195
right_knee,151,25,2,2,1,0,0,0,1,8,0.02327603112040773,14.786693428437856,1.4763417397317447
