Joints,0,1,2,3,4,5,6,7,8,9,Min,Max,Step
left_shoulder,1,0,5,12,125,140,12,3,1,1,-120.56565158963804,120.07449926854548,24.064015085818355
right_shoulder,6,2,8,12,175,75,9,7,3,3,-65.35351823661446,68.29239855369532,13.36459167903098
left_elbow,11,2,2,16,243,10,3,4,7,2,-138.53744739893128,171.09812582011025,30.963557321904148
right_elbow,4,0,1,7,176,99,7,1,1,4,-134.93202924826124,136.33206893720248,27.126409818546364
left_hip,16,2,5,4,26,220,2,8,2,15,-180.0,180.0,36.0
right_hip,7,5,6,10,67,177,4,13,5,6,-180.0,180.0,36.0
left_knee,4,6,10,17,76,152,14,9,6,6,-180.0,180.0,36.0
right_knee,5,5,9,11,88,150,15,7,4,6,-180.0,180.0,36.0
