Joints,0,1,2,3,4,5,6,7,8,9,Min,Max,Step
left_shoulder,1,0,5,11,172,95,10,4,1,1,-120.61113692461662,121.6905748335492,24.23017117581658
right_shoulder,1,1,3,8,189,89,5,1,2,1,-147.1428282987927,149.44097482258604,29.65838031213788
left_elbow,8,3,0,11,256,9,2,4,4,3,-144.23829631912147,171.51342725723347,31.575172357635495
right_elbow,2,0,1,7,173,107,6,0,2,2,-132.96796682559207,134.43945209855815,26.740741892415016
left_hip,17,1,5,2,30,219,0,11,0,15,-180.0,180.0,36.0
right_hip,5,3,4,14,67,182,8,9,3,5,-180.0,180.0,36.0
left_knee,11,5,6,20,217,17,7,7,9,1,-147.02493191987352,180.0,32.70249319198736
right_knee,7,5,7,16,80,153,14,5,7,6,-180.0,180.0,36.0
