Joints,0,1,2,3,4,5,6,7,8,9,Min,Max,Step
left_shoulder,3,0,6,11,258,9,7,2,1,3,-123.23438738758152,136.99444769454988,26.02288350821314
right_shoulder,1,2,3,7,53,221,8,2,1,2,-161.61575591709422,156.38064108985682,31.79963970069511
left_elbow,9,3,5,11,244,11,3,5,7,2,-138.24930608626832,168.14482841418697,30.639413450045524
right_elbow,1,0,5,7,179,94,8,3,2,1,-133.17547432942538,135.0756311437003,26.825110547312562
left_hip,14,0,7,3,31,221,1,10,0,13,-180.0,180.0,36.0
right_hip,6,3,7,15,56,187,6,10,3,7,-180.0,180.0,36.0
left_knee,6,4,8,21,213,22,9,9,5,3,-162.6621573181159,180.0,34.26621573181157
right_knee,5,6,7,17,83,148,15,9,6,4,-180.0,180.0,36.0
