Joints,0,1,2,3,4,5,6,7,8,9,Min,Max,Step
left_shoulder,1,0,6,10,96,171,9,5,1,1,-120.61726430108894,118.93263837567196,23.954990267676095
right_shoulder,2,1,3,6,146,132,6,2,0,2,-120.99882561654732,121.30277593728664,24.230160155383402
left_elbow,9,2,1,19,244,12,2,2,6,3,-137.44918872936034,168.86711365858878,30.631630238794912
right_elbow,1,1,2,8,219,59,5,2,1,2,-133.18326445010882,138.27691455484572,27.14601790049545
left_hip,13,3,4,3,29,225,1,9,1,12,-180.0,180.0,36.0
right_hip,7,2,5,11,70,180,6,9,5,5,-180.0,180.0,36.0
left_knee,3,5,6,19,74,163,13,7,4,6,-180.0,180.0,36.0
right_knee,8,6,6,12,87,149,15,7,3,7,-180.0,180.0,36.0
