Joints,0,1,2,3,4,5,6,7,8,9,Min,Max,Step
left_shoulder,2,0,2,12,93,176,10,2,1,2,-141.66721335266027,139.9784352680151,28.164564862067536
right_shoulder,2,2,4,5,9,235,28,8,3,4,-87.2827664828226,66.25316420986111,15.35359306926837
left_elbow,12,2,4,12,243,9,4,4,8,2,-137.5017691972167,171.51210886067838,30.90138780578951
right_elbow,1,1,2,7,174,102,10,1,1,1,-133.2187872743142,135.0478264482269,26.826661372254108
left_hip,11,3,2,4,28,231,5,5,1,10,-180.0,180.0,36.0
right_hip,8,4,8,10,69,175,5,10,3,8,-180.0,180.0,36.0
left_knee,6,5,8,15,66,165,13,9,6,7,-180.0,180.0,36.0
right_knee,9,6,4,14,93,140,13,9,6,6,-180.0,180.0,36.0
