Joints,0,1,2,3,4,5,6,7,8,9,Min,Max,Step
left_shoulder,2,0,5,10,72,195,9,4,1,2,-121.80509512187264,119.54800757769148,24.135310269956406
right_shoulder,1,0,1,8,22,253,11,3,0,1,-140.79568929424073,125.98161569840171,26.677730499264243
left_elbow,11,2,2,14,246,9,3,3,8,2,-137.47060055321407,169.956975154778,30.742757570799213
right_elbow,1,0,2,5,183,100,6,0,1,2,-132.75919025372602,134.54768111129772,26.730687136502382
left_hip,13,3,6,3,30,221,1,9,3,11,-180.0,180.0,36.0
right_hip,6,4,3,11,66,187,6,6,6,5,-180.0,180.0,36.0
left_knee,7,8,5,20,222,13,7,9,5,4,-146.64445028205378,180.0,32.66444502820538
right_knee,7,2,7,16,88,148,18,5,3,6,-180.0,180.0,36.0
