Joints,0,1,2,3,4,5,6,7,8,9,Min,Max,Step
left_shoulder,7,145,34,1,19,63,5,7,16,3,4.773793491535247,172.51941679148152,16.774562329994627
right_shoulder,79,44,12,14,5,26,22,31,39,28,4.22301971136082,173.85269447226364,16.96296747609028
left_elbow,72,19,17,11,20,9,18,59,15,60,0.199635110851008,174.7534967273473,17.45538616164963
right_elbow,33,54,48,70,23,20,36,2,6,8,5.815425613254628,177.64717061285072,17.18317449995961
left_hip,53,1,0,3,8,12,1,2,4,216,0.0,180.0,18.0
right_hip,33,0,15,24,21,15,40,28,10,114,0.0,180.0,18.0
left_knee,81,19,32,4,4,51,9,15,68,17,0.0,180.0,18.0
right_knee,114,29,36,36,33,6,1,11,4,30,0.0,180.0,18.0
