Joints,0,1,2,3,4,5,6,7,8,9,Min,Max,Step
left_shoulder,35,129,21,2,40,45,4,8,13,3,10.638212038174128,172.75201834448296,16.211380630630885
right_shoulder,82,45,10,15,2,30,21,32,48,15,4.224856516937825,178.00994488600642,17.37850883690686
left_elbow,76,15,16,11,21,10,16,57,18,60,4.695755054383898e-05,173.84304408545646,17.38429971279059
right_elbow,34,46,56,70,25,22,31,0,8,8,5.3092492374532565,178.8704819390104,17.356123270155713
left_hip,54,0,0,2,7,14,0,4,4,215,0.0,180.0,18.0
right_hip,30,0,13,28,18,21,38,29,10,113,0.0,180.0,18.0
left_knee,92,19,31,5,2,47,7,18,67,12,0.0,180.0,18.0
right_knee,108,27,34,42,32,5,2,10,2,38,0.0,180.0,18.0
