Joints,0,1,2,3,4,5,6,7,8,9,Min,Max,Step
left_shoulder,30,138,20,1,43,36,4,9,14,5,11.305573292299867,172.7538672762418,16.144829398394194
right_shoulder,80,46,12,13,3,27,17,25,47,30,4.229897965332775,173.73437811774204,16.950448015240926
left_elbow,75,15,16,11,23,10,15,61,16,58,3.3623943253898186e-05,174.0237755180551,17.402374189411184
right_elbow,34,47,58,70,26,17,33,0,10,5,5.812658911674812,178.10911169566955,17.229645278399474
left_hip,46,0,1,2,6,14,1,4,4,222,0.0,180.0,18.0
right_hip,34,0,16,26,17,18,40,27,10,112,0.0,180.0,18.0
left_knee,90,15,30,6,9,46,8,18,65,13,0.0,180.0,18.0
right_knee,112,28,33,40,33,5,2,11,4,32,0.0,180.0,18.0
