Joints,0,1,2,3,4,5,6,7,8,9,Min,Max,Step
left_shoulder,33,132,21,3,41,42,4,7,14,3,10.650653917391217,172.7498088181736,16.209915490078238
right_shoulder,88,40,12,13,4,27,17,31,39,29,5.111589595417591,173.00607537214455,16.789448577672694
left_elbow,76,17,16,12,21,13,12,56,18,59,1.0138000340489135e-05,174.02592608960074,17.40259159516004
right_elbow,34,49,53,72,22,21,33,0,10,6,5.81690213403428,178.11412742397926,17.229722528994497
left_hip,53,3,0,1,9,12,0,4,3,215,0.0,180.0,18.0
right_hip,30,0,14,26,18,17,37,34,8,116,0.0,180.0,18.0
left_knee,86,21,30,7,5,47,9,17,65,13,0.0,180.0,18.0
right_knee,109,27,39,41,28,6,2,10,3,35,0.0,180.0,18.0
