Joints,0,1,2,3,4,5,6,7,8,9,Min,Max,Step
left_shoulder,23,137,29,2,22,59,4,8,13,3,7.187201937442019,172.73399097102276,16.554678903358074
right_shoulder,83,40,15,14,5,32,19,35,39,18,4.223529267933314,178.9923683613864,17.47688390934531
left_elbow,73,16,16,14,22,9,14,60,16,60,3.5201989238640496e-06,174.7537405657171,17.475373704551817
right_elbow,38,49,48,71,25,18,36,1,8,6,5.812530756593121,178.35711900829418,17.254458825170104
left_hip,53,0,0,3,7,8,4,3,5,217,0.0,180.0,18.0
right_hip,37,1,13,26,20,17,37,29,9,111,0.0,180.0,18.0
left_knee,89,20,30,6,4,45,8,21,63,14,0.0,180.0,18.0
right_knee,106,29,39,37,34,4,1,11,4,35,0.0,180.0,18.0
