Joints,0,1,2,3,4,5,6,7,8,9,Min,Max,Step
left_shoulder,34,127,26,1,31,49,5,9,14,4,9.53792318997846,172.7116778107376,16.317375462075912
right_shoulder,97,27,13,14,7,28,18,31,35,30,7.393422054096344,173.86143488669308,16.646801283259673
left_elbow,74,13,19,8,21,10,20,57,17,61,0.7534068037867924,173.84353521857352,17.309012841478673
right_elbow,30,50,49,71,32,21,32,1,9,5,2.8148920909836126,179.70403233654187,17.688914024555825
left_hip,48,0,1,3,9,10,0,2,5,222,0.0,180.0,18.0
right_hip,37,0,15,25,22,15,34,30,9,113,0.0,180.0,18.0
left_knee,93,14,31,4,6,47,9,19,65,12,0.0,180.0,18.0
right_knee,113,29,37,39,28,4,3,11,4,32,0.0,180.0,18.0
