Joints,0,1,2,3,4,5,6,7,8,9,Min,Max,Step
left_shoulder,276,0,10,1,0,0,0,4,5,3,0.08827086161788275,187.78278471291716,18.76945138512993
right_shoulder,277,0,9,1,0,0,3,4,4,1,0.10240783383338492,186.71947172866803,18.661706389483463
left_elbow,266,7,2,6,5,0,3,2,1,7,0.1793847280200431,205.1824713894733,20.500308666145326
right_elbow,278,2,2,1,2,2,4,4,2,2,0.03152235471391497,211.5088271755893,21.147730482087535
left_hip,268,3,16,0,0,0,0,0,2,10,0.0751926619818099,192.8039840953049,19.27287914333231
right_hip,270,7,9,0,1,0,0,0,6,6,0.056946146269932885,196.6772728243284,19.66203266780585
left_knee,252,17,14,4,0,0,1,3,4,4,0.07717598049213208,255.2927963344544,25.521562035396226
right_knee,218,11,18,25,13,5,1,6,1,1,0.02156896222458735,230.49101899683262,23.046945003460802
