Joints,0,1,2,3,4,5,6,7,8,9,Min,Max,Step
left_shoulder,275,0,8,0,0,0,0,8,4,4,0.04987466794933602,207.86797058895962,20.78180959210103
right_shoulder,273,0,10,0,0,0,3,3,2,8,0.09667101975320544,190.29151794505813,19.01948469253049
left_elbow,264,3,2,11,3,1,1,6,4,4,0.1427601540644375,218.1288662551149,21.798610610105047
right_elbow,273,3,1,2,5,4,3,5,1,2,0.10411127155441252,219.17028105250915,21.906616978095474
left_hip,267,4,12,0,0,0,0,1,11,4,0.05979098424012546,209.18790803829282,20.912811705405268
right_hip,267,5,10,0,1,0,0,0,10,6,0.08562488108919494,197.2227284065632,19.713710352547402
left_knee,244,16,15,7,1,1,2,2,5,6,0.07145664199560843,228.373222269888,22.83017656278924
right_knee,211,14,15,23,15,5,3,8,1,4,0.14684908848083847,227.94496081404597,22.779811172556514
