Joints,0,1,2,3,4,5,6,7,8,9,Min,Max,Step
left_shoulder,283,0,7,1,0,0,0,2,0,6,0.019108707714204958,188.04091265966468,18.802180395195048
right_shoulder,281,0,10,0,0,0,0,2,2,4,0.011722844620455664,187.47287010699742,18.746114726237696
left_elbow,276,3,5,6,0,1,0,2,2,4,0.10003751948699753,246.26280185302943,24.616276433354244
right_elbow,284,1,0,2,4,2,4,0,0,2,0.02565993140958797,222.86978314750974,22.284412321610013
left_hip,275,15,1,0,0,0,0,2,2,4,0.04057434527787929,224.59877326288708,22.455819891760918
right_hip,279,5,5,0,2,0,0,0,2,6,0.016942643691896415,204.74591218923007,20.472896954553818
left_knee,248,19,11,10,3,0,1,0,5,2,0.08698636701422695,203.69045401311516,20.360346764610092
right_knee,221,16,11,11,21,6,6,1,4,2,0.034003775775490394,193.56910518797042,19.353510141219495
