Joints,0,1,2,3,4,5,6,7,8,9,Min,Max,Step
left_shoulder,283,0,6,0,0,0,0,6,0,4,0.0710814143053083,205.3954754731529,20.532439405884762
right_shoulder,280,1,2,6,0,0,0,2,4,4,0.03351408573236131,159.50906040375838,15.947554631802603
left_elbow,269,4,7,7,1,1,2,0,5,3,0.07720951035087781,241.28058189658267,24.12033723862318
right_elbow,281,2,1,1,2,2,2,1,2,5,0.0447982377238215,199.37801638071733,19.93332181429935
left_hip,270,9,10,0,0,0,0,2,2,6,0.0070603853157100065,215.9980351326144,21.59909747472987
right_hip,272,6,10,0,1,0,0,0,5,5,0.04784538085576854,200.1291714520561,20.008132607120036
left_knee,253,17,10,8,1,0,0,2,2,6,0.1570542180228853,232.9572444660351,23.28001902480122
right_knee,219,14,14,26,10,4,6,2,2,2,0.05045523207429875,232.90520987830158,23.285475464622728
