Joints,0,1,2,3,4,5,6,7,8,9,Min,Max,Step
left_shoulder,288,3,0,0,0,0,0,0,0,8,0.0,56.771489833922004,5.6771489833922
right_shoulder,285,4,0,0,0,0,0,1,5,4,0.0,57.7583385054043,5.7758338505404305
left_elbow,279,5,1,0,1,6,4,2,0,1,0.0,135.8393623137832,13.58393623137832
right_elbow,283,12,0,2,0,0,0,0,0,2,0.0,126.16135312142642,12.616135312142642
left_hip,271,2,0,3,5,0,0,0,8,10,0.0,47.597099904420354,4.759709990442035
right_hip,277,4,2,5,3,5,2,0,0,1,0.0,83.8400166711483,8.38400166711483
left_knee,232,24,9,7,3,7,8,5,2,2,0.0,97.66910302205996,9.766910302205996
right_knee,223,9,7,17,7,25,5,3,1,2,0.0,163.67696596228706,16.367696596228704
