Joints,0,1,2,3,4,5,6,7,8,9,Min,Max,Step
left_shoulder,279,0,10,0,0,0,2,2,4,2,0.04223585679778026,226.14289725627893,22.610066139948113
right_shoulder,280,1,6,2,0,0,0,6,2,2,0.028572575522881817,178.31152791185184,17.828295533632897
left_elbow,269,4,2,11,2,0,1,0,2,8,0.14649011282809432,222.52108126426938,22.237459115144127
right_elbow,282,3,0,0,0,0,2,0,4,8,0.136189511211206,180.6265508169371,18.049036130572592
left_hip,274,3,12,0,0,0,0,0,2,8,0.03642575938963042,203.60935501419786,20.357292925480824
right_hip,274,6,8,0,1,0,0,0,4,6,0.08240820673349306,201.83606311315768,20.175365490642417
left_knee,255,13,17,4,0,0,2,1,3,4,0.0621608308055405,266.8370286832981,26.677486785249254
right_knee,222,13,14,9,22,7,2,0,0,10,0.07746814211249221,202.24880084810857,20.21713327059961
