Joints,0,1,2,3,4,5,6,7,8,9,Min,Max,Step
left_shoulder,287,0,0,8,0,0,0,0,0,4,0.05460386181562756,151.56297380906892,15.15083699472533
right_shoulder,284,1,0,10,0,0,0,0,0,4,0.009032007731136577,144.79744135721256,14.478840934948142
left_elbow,277,5,1,5,5,1,0,1,0,4,0.04036781499344324,183.83668631186802,18.37963184968746
right_elbow,287,4,0,0,0,0,1,1,4,2,0.042024303508380254,175.61436461016578,17.55723403066574
left_hip,276,3,16,0,0,0,0,0,0,4,0.04726823383808209,171.93714833277787,17.18898800989398
right_hip,279,5,7,3,0,1,0,0,0,4,0.09534064717866048,165.50877156635892,16.541343091918026
left_knee,245,18,12,14,4,2,0,0,0,4,0.0643771999553808,209.05098863606116,20.89866114361058
right_knee,220,19,13,13,17,8,3,0,2,4,0.08760479072182634,185.9566411780521,18.586903638733027
