Joints,0,1,2,3,4,5,6,7,8,9,Min,Max,Step
left_shoulder,6,6,6,3,68,112,8,7,5,5,-76.33871911183032,75.42486030451613,15.176357941634642
right_shoulder,10,11,10,15,60,73,16,6,15,10,-102.02378665709392,101.1909884248023,20.321477508189616
left_elbow,7,10,6,7,172,4,12,5,2,1,-93.52192440497402,130.42546093016355,22.39473853351376
right_elbow,2,4,15,29,16,92,30,18,11,9,-142.4384276754314,119.21321973828852,26.165164741371996
left_hip,12,5,2,17,83,71,12,12,3,9,-166.7916225224617,166.98097357185085,33.37725960943126
right_hip,9,4,18,5,79,76,4,19,1,11,-165.42329843965112,166.79388374264838,33.22171821822994
left_knee,4,6,12,9,27,125,18,7,12,6,-143.03523865928963,123.1485070284025,26.618374568769212
right_knee,11,2,12,13,115,38,12,11,4,8,-150.94659887093368,158.00097326638436,30.894757213731808
