Joints,0,1,2,3,4,5,6,7,8,9,Min,Max,Step
left_shoulder,6,7,3,5,178,8,5,3,7,4,-73.24584456886053,81.39870326777294,15.46445478366335
right_shoulder,5,16,11,14,68,66,20,6,12,8,-107.56047666001194,107.67915768349623,21.52396343435082
left_elbow,1,1,4,11,0,7,181,3,11,7,-150.13672166446483,93.20676252528447,24.334348418974926
right_elbow,3,2,13,28,28,98,29,13,7,5,-142.6411133525718,130.1156033561472,27.2756716708719
left_hip,11,2,5,10,77,90,13,8,1,9,-167.2433352287109,166.6006180941813,33.384395332289216
right_hip,8,3,16,5,95,66,7,14,2,10,-164.21723817835866,166.65504880963482,33.08722869879935
left_knee,1,6,13,12,59,102,7,20,5,1,-165.8628891795064,162.68373863898748,32.854662781849385
right_knee,8,6,10,12,111,49,6,13,3,8,-152.5495174739046,157.44245217259916,30.99919696465038
