Joints,0,1,2,3,4,5,6,7,8,9,Min,Max,Step
left_shoulder,7,2,6,4,18,167,6,5,5,6,-76.12880801818831,71.62206595581307,14.775087397400135
right_shoulder,8,13,13,12,91,45,19,5,15,5,-102.01011018785788,105.98558376125513,20.799569394911302
left_elbow,7,9,1,4,160,23,5,4,8,5,-86.8094553588632,92.15858001535143,17.896803537421462
right_elbow,3,14,21,27,90,31,18,15,6,1,-132.21089780842436,153.24025380365342,28.545115161207775
left_hip,9,5,5,18,83,72,15,7,3,9,-166.67702687627232,166.9864296417403,33.366345651801254
right_hip,11,5,16,4,84,67,8,20,2,9,-164.33695690695737,166.6607483522553,33.09977052592126
left_knee,4,12,9,8,112,50,5,12,12,2,-143.47612387066548,150.49438297369338,29.397050684435882
right_knee,9,3,14,11,115,41,8,12,5,8,-148.71475443845682,155.54493111356223,30.425968555201905
