Joints,0,1,2,3,4,5,6,7,8,9,Min,Max,Step
left_shoulder,7,7,2,5,8,168,12,3,7,7,-76.85306837808065,67.73504712093593,14.458811549901654
right_shoulder,10,12,11,16,64,64,18,7,14,10,-96.74683020132768,96.73192519981264,19.347875540114032
left_elbow,5,12,2,3,5,174,4,5,11,5,-102.33404176008385,90.13620349401062,19.247024525409444
right_elbow,4,9,11,21,33,97,22,18,4,7,-133.02799118927322,125.54586529926664,25.857385648853978
left_hip,11,5,5,20,66,80,15,8,6,10,-167.2251862063687,166.98318723205082,33.42083734384195
right_hip,9,5,17,10,86,61,5,19,4,10,-164.1566251067074,166.78472725467674,33.09413523613841
left_knee,7,12,10,11,77,71,11,12,11,4,-122.34784790624387,123.14887665246721,24.549672455871118
right_knee,9,6,11,13,115,39,10,10,3,10,-148.8166836877899,156.08724049094388,30.49039241787338
