Joints,0,1,2,3,4,5,6,7,8,9,Min,Max,Step
left_shoulder,14,161,17,3,6,6,3,9,2,5,10.802652321269992,99.60909552905784,8.880644320778785
right_shoulder,26,20,57,27,16,8,2,3,32,35,0.4472363400446797,112.52003012699356,11.207279378694889
left_elbow,1,3,2,6,179,10,1,8,9,7,16.3771063495393,176.53066710124622,16.01535607517069
right_elbow,7,13,19,41,26,23,30,30,14,23,28.908796648364987,179.21803259148876,15.03092359431238
left_hip,28,2,6,0,0,27,2,10,64,87,0.6975242930826233,179.99993901641204,17.93024147233294
right_hip,122,35,4,5,0,29,1,5,6,19,0.7835080549434028,180.0,17.921649194505658
left_knee,40,13,5,3,10,70,67,10,2,6,0.0,175.68472655632496,17.568472655632497
right_knee,10,110,49,5,5,19,7,2,1,18,0.0,179.28390835484322,17.928390835484322
