Joints,0,1,2,3,4,5,6,7,8,9,Min,Max,Step
left_shoulder,7,46,133,15,3,4,3,5,4,6,4.24843801109019,96.76130258223304,9.251286457114286
right_shoulder,32,15,48,34,13,10,5,6,21,42,0.2679009421360432,110.78820373275408,11.052030279061805
left_elbow,2,1,1,20,172,8,3,1,9,9,24.201759787459192,169.38542720413932,14.518366741668014
right_elbow,6,10,12,37,25,26,27,44,17,22,25.40376578799169,179.9999896485447,15.459622386055297
left_hip,30,2,3,0,0,26,5,9,65,86,0.569104436985776,179.88946160440526,17.932035716741947
right_hip,120,35,5,4,0,29,1,4,6,22,0.5889685553285959,179.2846894549505,17.86957208996219
left_knee,42,8,8,2,9,71,72,6,0,8,0.0,175.85818063303543,17.58581806330354
right_knee,11,109,52,5,4,17,8,4,2,14,0.0,177.37580075489262,17.737580075489262
