Joints,0,1,2,3,4,5,6,7,8,9,Min,Max,Step
left_shoulder,8,159,23,7,3,2,6,9,4,5,9.132626924815234,99.65471799782884,9.052209107301358
right_shoulder,28,19,53,33,13,11,2,5,21,41,0.11453397633819473,110.78901868383457,11.067448470749637
left_elbow,2,1,1,3,181,10,0,11,9,8,14.747661831442835,178.38449430318286,16.363683247174002
right_elbow,6,13,18,41,25,24,30,30,17,22,29.764231753623037,179.56327309978911,14.979904134616604
left_hip,31,1,5,0,0,30,1,12,57,89,0.5944952477477753,179.99998398178658,17.94054887340388
right_hip,118,35,4,2,1,32,1,5,6,22,0.7844893664274988,180.0,17.92155106335725
left_knee,40,14,8,3,9,76,58,10,1,7,0.0,178.04342922661118,17.804342922661117
right_knee,11,105,51,3,2,23,6,2,6,17,0.0,178.99139432929817,17.899139432929818
