Joints,0,1,2,3,4,5,6,7,8,9,Min,Max,Step
left_shoulder,184,1,4,0,0,0,10,19,0,7,0.1952442079598425,227.24914672360438,22.705390251564456
right_shoulder,184,0,4,1,0,0,1,6,2,27,0.0962460454679565,231.72324273345,23.162699668798204
left_elbow,183,1,0,0,2,27,1,2,3,6,0.015295434816284271,243.36974464007056,24.335444920525426
right_elbow,112,36,25,17,7,2,3,16,3,4,0.2253900090982693,269.2362907755144,26.901090076641616
left_hip,187,2,0,0,0,0,0,2,32,2,0.1957369466069348,239.46301259900642,23.92672756523995
right_hip,178,11,0,0,0,0,0,0,6,30,0.0614551589167555,257.2840063042844,25.72225511453676
left_knee,169,5,10,3,2,23,6,1,0,6,0.05074559677206757,165.24111125945083,16.51903656626788
right_knee,177,0,1,9,0,2,6,2,0,28,0.11069760564729006,203.8551920670528,20.374449446140552
