Joints,0,1,2,3,4,5,6,7,8,9,Min,Max,Step
left_shoulder,189,0,3,0,0,0,8,24,0,1,0.06087416588492819,220.04095680163,21.998008263574505
right_shoulder,189,0,3,0,0,0,0,5,0,28,0.14684530694213888,233.4096886237395,23.326284331679737
left_elbow,189,0,0,0,1,18,12,0,2,3,0.039253248950596134,222.7614130469686,22.272215979801803
right_elbow,122,35,29,6,3,0,1,19,6,4,0.24104357523349385,269.03288755323706,26.879184397800355
left_hip,189,3,0,0,0,0,0,2,28,3,0.0661000263134571,239.30991231001775,23.92438122837043
right_hip,180,12,0,0,0,0,0,0,6,27,0.2857401842554238,256.8049834530023,25.65192432687469
left_knee,176,2,12,2,0,13,17,0,0,3,0.11773689649706735,162.64004263361372,16.252230573711664
right_knee,184,0,3,2,0,4,1,1,14,16,0.14683665988812414,219.09921552479184,21.89523788649037
