Joints,0,1,2,3,4,5,6,7,8,9,Min,Max,Step
left_shoulder,177,0,2,0,0,0,9,30,1,6,0.16080315510340012,221.96216239375852,22.180135923865514
right_shoulder,177,0,2,0,0,0,2,4,2,38,0.0558607574771986,233.58770944414383,23.353184868666663
left_elbow,177,1,0,0,0,27,10,5,0,5,0.0994751203131805,226.50774119524846,22.64082660749353
right_elbow,112,33,30,8,1,2,3,23,8,5,0.16149516256017935,269.95542224736977,26.979392708480958
left_hip,178,1,0,0,0,0,0,3,42,1,0.10745647155074864,239.57017434052952,23.946271786897874
right_hip,169,10,0,0,0,0,0,0,6,40,0.19365181146145533,258.29526262545266,25.810161081399123
left_knee,168,3,6,1,1,24,13,0,2,7,0.03812439822773423,165.8417186303083,16.58035942320806
right_knee,170,0,4,1,0,7,3,1,25,14,0.12494579365474907,221.2183328564427,22.109338706278795
