Joints,0,1,2,3,4,5,6,7,8,9,Min,Max,Step
left_shoulder,171,1,2,0,0,0,4,25,7,15,0.027961572748129545,218.86577508115207,21.883781350840394
right_shoulder,171,0,3,0,0,0,0,7,8,36,0.0604827857954638,230.19899362912446,23.0138510843329
left_elbow,172,0,0,0,0,22,11,7,1,12,0.16491912258757166,226.8627376581441,22.669781853555655
right_elbow,109,30,28,16,4,8,2,17,6,5,0.28418818359521403,269.5997520048053,26.93155638212101
left_hip,172,2,0,0,0,0,0,2,43,6,0.19961647053273635,238.86719055010224,23.86675740795695
right_hip,163,11,0,0,0,0,0,0,11,40,0.15814667742548355,258.1963190656163,25.803817238819086
left_knee,159,6,6,3,0,34,5,2,1,9,0.05386145266254188,167.97892490889882,16.79250634562363
right_knee,165,0,1,5,0,3,2,1,0,48,0.23480036798989856,205.30498216412488,20.5070181796135
