Joints,0,1,2,3,4,5,6,7,8,9,Min,Max,Step
left_shoulder,1,1,5,8,21,120,15,10,6,1,-180.0,143.5853386790063,32.35853386790063
right_shoulder,3,3,1,7,25,129,11,5,2,2,-151.99994197449732,143.070283886907,29.507022586140437
left_elbow,4,2,4,17,39,96,12,8,3,3,-168.89683636001794,167.06941193231594,33.59662482923338
right_elbow,3,4,6,9,29,110,12,6,6,3,-170.73401096544637,162.63454005527123,33.33685510207175
left_hip,1,3,3,4,15,131,14,10,4,3,-179.2656177139355,142.04788939586825,32.13135071098037
right_hip,1,3,10,6,115,29,11,7,3,3,-123.13862323413973,125.21879541789248,24.835741865203218
left_knee,5,3,6,9,15,123,9,10,4,4,-171.75408885881043,155.28419657890237,32.703828543771266
right_knee,7,6,10,8,133,6,7,3,6,2,-131.35547531377105,170.8045973992585,30.216007271302956
