Joints,0,1,2,3,4,5,6,7,8,9,Min,Max,Step
left_shoulder,70,23,27,31,9,6,3,5,3,11,0.0,180.0,18.0
right_shoulder,90,50,20,12,2,3,2,4,1,4,0.0,179.19363891599704,17.919363891599705
left_elbow,41,12,34,6,5,13,10,6,30,31,0.0,179.99993123013596,17.999993123013596
right_elbow,21,20,25,7,7,24,23,9,11,41,0.0,180.0,18.0
left_hip,39,11,21,17,26,43,11,9,3,8,0.0,180.0,18.0
right_hip,37,9,17,10,10,49,29,8,15,4,0.0,174.3277927628601,17.43277927628601
left_knee,46,9,6,23,16,18,4,5,32,29,0.0,180.0,18.0
right_knee,39,4,13,5,5,18,6,24,33,41,0.0,180.0,18.0
