Joints,0,1,2,3,4,5,6,7,8,9,Min,Max,Step
left_shoulder,152,1,7,4,7,1,2,8,4,1,0.0,296.524706965285,29.652470696528503
right_shoulder,153,0,3,5,7,4,1,5,6,3,0.0,281.25554024810646,28.125554024810647
left_elbow,149,4,7,4,4,6,7,2,3,1,0.0,300.0774075242425,30.00774075242425
right_elbow,152,1,2,5,8,4,4,4,6,1,0.0,289.8127081979485,28.98127081979485
left_hip,150,7,4,3,5,5,8,4,0,1,0.0,303.15681415566263,30.315681415566264
right_hip,152,3,3,4,6,4,3,9,2,1,0.0,287.26832218399585,28.726832218399586
left_knee,151,3,6,4,6,6,5,3,2,1,0.0,283.9315573094252,28.39315573094252
right_knee,150,5,1,7,5,4,9,3,2,1,0.0,288.1382294451851,28.813822944518513
