Joints,0,1,2,3,4,5,6,7,8,9,Min,Max,Step
left_shoulder,146,4,7,6,5,2,4,7,3,3,0.0,292.11117924815693,29.211117924815692
right_shoulder,148,1,2,13,6,2,3,6,4,2,0.0,310.7209616011426,31.072096160114263
left_elbow,145,4,7,6,5,4,7,4,2,3,0.0,300.0302640792822,30.003026407928218
right_elbow,146,1,3,7,12,2,3,7,4,2,0.0,295.3917218220783,29.539172182207828
left_hip,146,5,6,5,7,3,9,3,1,2,0.0,302.8932064183583,30.289320641835833
right_hip,147,4,1,5,12,3,4,6,3,2,0.0,287.66155893629394,28.766155893629396
left_knee,147,3,6,6,7,3,8,3,1,3,0.0,282.60431111288966,28.260431111288966
right_knee,146,5,1,8,7,4,9,3,2,2,0.0,285.7272823047545,28.57272823047545
