Joints,0,1,2,3,4,5,6,7,8,9,Min,Max,Step
left_shoulder,149,1,5,4,9,3,2,9,4,1,0.0,292.44090526248925,29.244090526248925
right_shoulder,150,0,2,6,8,4,4,2,9,2,0.0,286.3513366007888,28.63513366007888
left_elbow,144,6,5,5,7,6,7,2,4,1,0.0,299.4592798281354,29.945927982813537
right_elbow,150,1,1,3,11,7,1,7,3,3,0.0,289.8596179287207,28.985961792872068
left_hip,147,5,3,4,9,4,10,2,2,1,0.0,303.13680526744804,30.313680526744804
right_hip,148,4,0,3,10,7,4,8,1,2,0.0,287.4271628135625,28.742716281356252
left_knee,147,4,3,6,7,9,6,1,2,2,0.0,282.924268128094,28.292426812809403
right_knee,147,5,0,5,9,6,10,2,1,2,0.0,288.3165521419868,28.83165521419868
