Joints,0,1,2,3,4,5,6,7,8,9,Min,Max,Step
left_shoulder,143,1,7,8,7,2,3,8,4,4,0.0,292.94187501168443,29.294187501168444
right_shoulder,144,0,5,12,7,2,8,6,2,1,0.0,335.0175111726045,33.50175111726045
left_elbow,141,4,7,6,8,3,6,6,4,2,0.0,299.9665031229246,29.996650312292463
right_elbow,145,1,2,10,10,3,9,5,1,1,0.0,331.57177937160617,33.15717793716062
left_hip,141,6,5,4,10,7,7,4,2,1,0.0,302.83799308454337,30.283799308454338
right_hip,142,5,1,6,7,12,1,8,2,3,0.0,287.6184259222165,28.761842592221647
left_knee,141,6,3,8,9,5,7,4,2,2,0.0,282.92761826110166,28.292761826110166
right_knee,145,2,3,9,7,13,4,1,2,1,0.0,336.32466567510136,33.632466567510136
