Joints,0,1,2,3,4,5,6,7,8,9,Min,Max,Step
left_shoulder,152,2,3,6,6,3,0,4,7,4,0.0,254.94214805927163,25.494214805927164
right_shoulder,153,1,2,3,6,7,0,3,2,10,0.0,249.4671843695365,24.946718436953653
left_elbow,145,6,4,6,5,5,1,5,5,5,0.0,248.03887750447757,24.803887750447757
right_elbow,153,1,2,2,7,8,1,2,8,3,0.0,266.8329530558905,26.683295305589052
left_hip,147,9,3,4,3,5,1,3,8,4,0.0,237.242287340874,23.724228734087397
right_hip,153,2,1,5,4,7,2,1,9,3,0.0,247.36002780525064,24.736002780525062
left_knee,137,18,4,2,3,5,5,5,4,4,0.0,217.80623657450263,21.780623657450263
right_knee,146,9,2,2,7,7,2,5,5,2,0.0,238.08381523261698,23.808381523261698
