Joints,0,1,2,3,4,5,6,7,8,9,Min,Max,Step
left_shoulder,3,0,6,13,40,26,7,2,2,4,-142.66604541940094,150.81078096489722,29.347682638429816
right_shoulder,1,2,9,9,43,22,10,2,1,4,-164.86815610231727,173.28015233494168,33.8148308437259
left_elbow,7,7,9,9,28,17,8,8,5,5,-151.8701774707882,161.73938195300678,31.36095594237949
right_elbow,4,10,8,4,13,29,13,8,8,6,-161.61729078827875,148.0382162705126,30.96555070587914
left_hip,1,0,3,5,6,14,43,15,10,6,-161.15849670057838,92.97889004739048,25.41373867479689
right_hip,2,3,8,11,16,44,7,4,5,3,-117.20245241368772,111.13847522547312,22.83409276391609
left_knee,2,1,5,17,38,22,11,2,3,2,-151.2391010285556,160.1233587534999,31.13624597820555
right_knee,1,5,4,9,19,49,6,5,2,3,-151.16797794155875,147.75049416869427,29.891847211025294
