Joints,0,1,2,3,4,5,6,7,8,9,Min,Max,Step
left_shoulder,37,12,22,3,9,5,9,0,0,6,0.0,139.5322497427617,13.953224974276171
right_shoulder,27,24,9,12,8,3,6,2,0,12,0.0,176.4426281147834,17.644262811478338
left_elbow,11,19,2,4,3,20,4,15,13,12,0.0,180.0,18.0
right_elbow,15,8,10,6,6,13,9,8,9,19,0.0,169.89498273339672,16.98949827333967
left_hip,19,0,2,2,20,10,19,2,13,16,0.0,151.74990558087788,15.174990558087789
right_hip,5,14,0,11,10,28,21,5,7,2,0.0,143.13103097902012,14.313103097902012
left_knee,11,12,9,6,0,4,15,12,17,17,0.0,180.0,18.0
right_knee,14,3,0,18,1,6,1,9,13,38,0.0,180.0,18.0
