Joints,0,1,2,3,4,5,6,7,8,9,Min,Max,Step
left_shoulder,95,0,0,0,0,0,0,0,3,5,0.0,133.0050926278958,13.30050926278958
right_shoulder,4,0,0,0,94,0,0,0,0,5,0.0,88.97266720893293,8.897266720893294
left_elbow,1,0,5,0,0,0,0,0,0,97,0.0,180.0,18.0
right_elbow,4,0,0,0,5,0,0,0,0,94,0.0,90.0,9.0
left_hip,1,0,0,0,0,0,0,3,97,2,0.0,57.6785683543812,5.76785683543812
right_hip,1,3,3,0,94,0,0,0,0,2,0.0,97.16003428794107,9.716003428794107
left_knee,1,0,0,0,0,2,94,3,0,3,0.0,155.1959089343096,15.519590893430962
right_knee,1,0,3,0,3,0,0,0,94,2,0.0,82.3709133001534,8.23709133001534
