Joints,0,1,2,3,4,5,6,7,8,9,Min,Max,Step
left_shoulder,6,5,34,133,9,1,1,1,0,1,-49.50390206703908,106.00973521782835,15.551363728486741
right_shoulder,1,3,4,17,105,35,18,5,2,1,-99.93220007246642,103.45485107421958,20.3387051146686
left_elbow,1,2,2,3,18,129,23,8,2,3,-163.2213845974522,125.80402272249924,28.902540731995146
right_elbow,7,2,9,18,108,27,6,5,8,1,-144.81210533510392,166.509488928737,31.132159426384092
left_hip,2,1,6,30,139,9,2,0,1,1,-71.4735817546742,94.93698837917842,16.641057013385264
right_hip,1,1,0,1,6,160,20,0,0,2,-117.68100242470142,92.39276921799869,21.00737716427001
left_knee,4,1,3,5,124,41,3,7,1,2,-44.755305555850704,46.517242207227184,9.127254776307787
right_knee,3,2,4,22,132,22,2,0,3,1,-25.219055950869173,31.226318925923266,5.644537487679244
