Joints,0,1,2,3,4,5,6,7,8,9,Min,Max,Step
left_shoulder,2,2,6,24,146,7,1,1,0,2,-88.52112628734741,121.36242528423644,20.98835515715838
right_shoulder,3,5,5,15,30,93,22,9,7,2,-95.65834968075168,89.18686694969885,18.484521663045058
left_elbow,1,0,3,3,8,125,38,8,3,2,-162.85225636893404,116.4687343414599,27.932099071039403
right_elbow,4,6,9,18,110,23,5,7,7,2,-138.3424562279583,159.19981757188307,29.754227379984144
left_hip,1,0,1,1,2,20,148,14,2,2,-93.35750164961952,52.23123947176877,14.558874112138824
right_hip,2,3,2,51,124,6,1,0,0,2,-67.59267821222852,96.17647180773749,16.3769150019966
left_knee,1,0,6,7,113,55,3,3,0,3,-43.464759874666356,45.366308961005394,8.883106883567173
right_knee,1,0,3,8,149,26,1,1,1,1,-42.57127655672235,48.300338206211784,9.087161476293417
