Joints,0,1,2,3,4,5,6,7,8,9,Min,Max,Step
left_shoulder,2,1,4,14,120,41,4,2,0,3,-79.61766604814889,85.75612249950468,16.537378854765358
right_shoulder,2,1,6,14,12,110,20,12,9,5,-111.57878844411869,85.46929592849666,19.704808437261534
left_elbow,1,2,5,6,59,97,14,4,2,1,-162.90905300464732,159.6791297089964,32.25881827136436
right_elbow,4,4,6,8,46,89,16,9,4,5,-158.14454428193815,148.74706341453398,30.689160769647216
left_hip,1,1,0,3,9,126,41,5,2,3,-94.30519206830003,68.46345161786674,16.27686436861667
right_hip,2,0,2,8,145,29,2,1,0,2,-70.94340645676473,81.10859984737789,15.20520063041426
left_knee,4,0,6,6,123,40,3,6,0,3,-43.209020991493475,45.92853166822693,8.913755265972043
right_knee,1,0,3,7,156,20,2,1,0,1,-46.013642529145095,52.23836655393865,9.825200908308375
