Joints,0,1,2,3,4,5,6,7,8,9,Min,Max,Step
left_shoulder,2,0,5,19,143,16,4,0,1,1,-84.55716782859545,107.22844298881742,19.178561081741293
right_shoulder,2,11,16,35,93,11,15,6,1,1,-77.71287232740718,108.26276495368931,18.597563728109648
left_elbow,1,1,2,4,15,130,25,7,3,3,-165.52941642237033,124.965084276623,29.049450069899336
right_elbow,5,3,7,11,49,87,16,6,4,3,-172.86513058189675,169.05594140350252,34.19210719853993
left_hip,1,1,3,6,41,107,23,4,3,2,-62.86073356210945,54.87297713415253,11.7733710696262
right_hip,1,2,4,29,132,17,4,1,0,1,-65.5662621698898,81.92426583785955,14.749052800774933
left_knee,1,5,6,21,138,8,8,3,0,1,-36.24304254792523,45.98048278040656,8.222352532833177
right_knee,3,3,2,24,132,19,3,1,2,2,-24.96531400813288,31.157671983670674,5.612298599180356
