Joints,0,1,2,3,4,5,6,7,8,9,Min,Max,Step
left_shoulder,16,45,16,8,11,38,25,20,11,1,2.8023602994823835,154.411478712247,15.160911841276462
right_shoulder,29,37,15,15,18,20,6,28,14,9,4.0956320658063206,153.49672128278436,14.940108921697806
left_elbow,10,43,37,16,21,9,6,5,5,39,6.244324797453246,180.0,17.375567520254673
right_elbow,25,12,23,14,11,24,15,7,17,43,1.4763126439582168e-05,179.9999684103751,17.999995364724864
left_hip,4,6,21,71,19,5,22,15,14,14,56.097631019507276,124.64392744564108,6.854629642613382
right_hip,14,26,18,13,44,64,11,0,0,1,56.98600986910764,138.91586311473043,8.19298532456228
left_knee,5,10,4,4,13,23,26,5,59,42,132.47214812066895,179.87261327460843,4.740046515393942
right_knee,1,0,3,7,6,10,29,57,67,11,132.60876981541182,179.99998841885082,4.739121860343886
