Joints,0,1,2,3,4,5,6,7,8,9,Min,Max,Step
left_shoulder,8,53,16,8,12,32,33,15,11,3,1.3085165707099085,153.36297609220634,15.205445952149642
right_shoulder,34,38,16,22,17,8,36,11,5,4,3.7250462221803535,168.40314604578845,16.46780998236081
left_elbow,11,44,34,20,17,10,7,0,7,41,7.218247247202469,180.0,17.278175275279754
right_elbow,22,15,28,10,8,22,18,10,18,40,0.2968851072558828,179.99998432679928,17.97030992195434
left_hip,2,0,0,0,11,50,61,30,31,6,0.0,132.85711711713162,13.285711711713162
right_hip,1,0,0,11,43,36,97,1,1,1,0.0,161.29780596258595,16.129780596258595
left_knee,1,1,4,15,4,12,31,24,33,66,118.06520279031632,179.8739152699834,6.1808712479667065
right_knee,2,1,0,3,3,10,21,51,84,16,127.01231288073902,179.99997385165753,5.298766097091857
