Joints,0,1,2,3,4,5,6,7,8,9,Min,Max,Step
left_shoulder,164,15,3,0,3,2,1,0,0,2,0.013636560471380262,23.315639910350622,2.330200334987924
right_shoulder,164,11,6,1,2,0,2,1,1,2,0.0389607721665716,22.24897657904974,2.2210015806883168
left_elbow,151,15,10,3,5,1,0,3,1,1,0.2117787130243933,32.2504948734189,3.203871616039451
right_elbow,144,16,9,7,3,1,0,0,2,8,0.13433695943620613,39.7121801742343,3.957784321479809
left_hip,149,23,2,1,0,0,2,0,3,10,0.050118012410345095,13.840508624306734,1.3790390611896388
right_hip,164,13,4,1,0,0,0,0,1,7,0.022914160927643392,14.909312803252751,1.488639864232511
left_knee,157,18,0,0,0,1,0,5,7,2,0.015754468791460932,15.150560076046435,1.5134805607254975
right_knee,152,26,2,2,0,1,0,0,1,6,0.03156977081707317,14.157603349631474,1.41260335788144
