Joints,0,1,2,3,4,5,6,7,8,9,Min,Max,Step
left_shoulder,156,20,3,1,0,3,1,1,3,2,0.09564941830970737,18.492258920052752,1.8396609501743044
right_shoulder,165,14,3,1,1,1,1,2,1,1,0.03974373280873072,24.5210683860672,2.448132465325847
left_elbow,155,17,4,4,2,1,2,0,2,3,0.08567096344187003,33.527456890842515,3.3441785927400645
right_elbow,154,18,4,4,1,0,1,1,1,6,0.051668521946493386,41.57048382055228,4.151881529860579
left_hip,152,18,3,0,0,0,1,2,10,4,0.13349642605311146,14.221250544668608,1.4087754118615496
right_hip,162,11,2,2,1,0,0,0,2,10,0.07188975887851047,14.71006823189748,1.463817847301897
left_knee,154,17,0,0,0,1,0,3,14,1,0.027674884904454237,15.025089519541526,1.4997414634637072
right_knee,153,23,0,2,1,0,0,0,4,7,0.04756543435360595,14.94948690546534,1.4901921471111734
