Joints,0,1,2,3,4,5,6,7,8,9,Min,Max,Step
left_shoulder,180,8,0,0,0,0,0,0,0,2,0.03234367422570692,108.9619918648656,10.89296481906399
right_shoulder,182,5,1,0,0,0,0,0,1,1,0.10567607221951814,116.18066318882799,11.607498711660847
left_elbow,172,8,3,5,0,0,0,0,0,2,0.07500198983741657,81.40273471657324,8.132773272673582
right_elbow,171,5,0,5,7,0,0,0,0,2,0.03229472238573048,92.37058803378339,9.233829331139766
left_hip,171,17,0,0,0,0,0,0,0,2,0.038530001467140224,85.08070169528439,8.504217169381725
right_hip,178,10,0,0,0,0,0,0,0,2,0.1180949651938294,77.18149363098567,7.706339866579183
left_knee,168,20,0,0,0,0,0,0,0,2,0.02023675003436656,100.03636415866613,10.001612740863177
right_knee,175,13,0,0,0,0,0,0,0,2,0.05645962736989105,95.3231860540104,9.526672642664051
