Joints,0,1,2,3,4,5,6,7,8,9,Min,Max,Step
left_shoulder,103,112,54,22,5,1,1,0,0,1,0.021162114136769702,6.655209023939885,0.6634046909803115
right_shoulder,102,114,44,28,6,0,3,1,0,1,0.023578083097699997,7.032573230560848,0.7008995147463148
left_elbow,267,27,3,0,1,0,0,0,0,1,0.11008050847637356,28.37282848041871,2.826274797194234
right_elbow,184,90,19,3,1,0,0,1,0,1,0.04925491966220314,12.26343337418273,1.2214178454520526
left_hip,98,83,61,35,8,5,2,1,4,2,0.04799550894763388,12.563989729784552,1.2515994220836917
right_hip,69,92,72,34,10,4,3,6,2,7,0.041047983234642565,13.046677974433274,1.300562999119863
left_knee,294,3,0,0,0,0,0,0,0,2,0.024263547412928025,57.33722107837614,5.731295753096321
right_knee,288,5,4,0,0,0,0,0,0,2,0.07883847196431508,171.23511900450623,17.11562805325419
