Joints,0,1,2,3,4,5,6,7,8,9,Min,Max,Step
left_shoulder,1,0,1,3,2,91,7,0,2,1,-107.96596002919549,87.59670825972162,19.556266828891708
right_shoulder,1,0,2,2,21,72,8,1,0,1,-138.84757457810866,131.3278536813793,27.017542825948794
left_elbow,4,1,3,62,30,4,2,1,0,1,-99.09782211365764,153.88794537266776,25.29857674863254
right_elbow,2,3,6,5,57,20,7,2,4,2,-128.1849279052177,137.9530844637381,26.613801236895583
left_hip,3,2,2,17,72,7,2,1,1,1,-57.11900387539583,74.00158961387291,13.112059348926877
right_hip,2,1,1,3,35,53,8,0,2,3,-58.27728085897748,54.57866855894739,11.285594941792489
left_knee,1,1,2,2,16,77,5,2,0,2,-62.79941403203371,56.81388975598115,11.961330378801485
right_knee,4,2,2,3,13,63,5,10,2,4,-52.12225058071886,43.26875841890927,9.539100899962811
