Joints,0,1,2,3,4,5,6,7,8,9,Min,Max,Step
left_shoulder,1,0,1,3,4,86,9,2,1,1,-107.90728295109743,87.58955277556133,19.54968357266587
right_shoulder,1,0,1,3,8,83,9,2,0,1,-138.85032810177205,122.06796695451472,26.09182950562868
left_elbow,4,1,4,71,19,4,3,1,0,1,-99.10178161424184,156.77231732510964,25.587409893935146
right_elbow,3,3,4,4,57,21,9,2,4,1,-134.86837153543942,140.64859291016242,27.55169644456018
left_hip,4,2,1,3,26,59,8,1,1,3,-51.953566458217104,48.95166083627315,10.090522729449027
right_hip,2,2,3,20,54,21,1,0,2,3,-45.538205715784045,54.581026069383185,10.011923178516724
left_knee,2,2,3,4,79,9,6,1,0,2,-48.20483239466813,56.81255975982124,10.501739215448936
right_knee,5,2,1,5,27,52,6,4,2,4,-44.85186304963096,43.28861886399581,8.81404819136268
