Joints,0,1,2,3,4,5,6,7,8,9,Min,Max,Step
left_shoulder,1,0,3,1,3,88,8,1,2,1,-107.96147608912416,87.58672389933302,19.554819998845716
right_shoulder,1,0,1,3,4,86,10,2,0,1,-145.16807379059122,122.13444711545368,26.730252090604495
left_elbow,4,1,2,15,75,4,3,2,1,1,-99.37418538596913,134.48621208512358,23.386039747109265
right_elbow,1,2,3,7,9,60,16,2,4,4,-146.575103551379,121.3308320591938,26.79059356105728
left_hip,2,2,6,15,62,15,3,1,1,1,-48.77209768565028,62.52548589753209,11.129758358318242
right_hip,1,0,1,4,22,65,11,0,2,2,-74.85613042130049,64.84489580315044,13.97010262244509
left_knee,2,2,2,6,80,8,5,1,0,2,-48.21102110167449,56.80615029290067,10.501717139457512
right_knee,4,2,4,21,62,8,3,3,0,1,-52.12144630652307,71.51958676399309,12.364103307051614
