Joints,0,1,2,3,4,5,6,7,8,9,Min,Max,Step
left_shoulder,1,0,0,2,5,90,8,0,1,1,-107.96363032500649,87.58416067059048,19.554779099559696
right_shoulder,1,0,1,3,7,84,9,2,0,1,-138.84529964595384,122.06758827669148,26.091288792264535
left_elbow,3,0,5,85,8,4,2,0,0,1,-99.09397072802565,169.26600462247487,26.835997535050055
right_elbow,1,3,1,7,9,63,12,6,2,4,-128.18411177195568,101.27457950781448,22.94586912797702
left_hip,1,0,3,6,87,8,2,0,0,1,-98.81045068282494,115.69596468642008,21.450641536924493
right_hip,1,0,1,2,30,70,0,1,2,1,-96.8018415192564,90.23336024955964,18.70352017688161
left_knee,1,1,2,2,15,78,5,2,0,2,-62.264372230018786,56.810563151183565,11.907493538120235
right_knee,3,2,1,3,15,66,3,10,1,4,-52.12165884324648,43.32014889706625,9.544180774031275
