Joints,0,1,2,3,4,5,6,7,8,9,Min,Max,Step
left_shoulder,18,63,11,4,7,3,0,0,1,1,0.5525409554419644,126.47936336841488,12.592682241297291
right_shoulder,63,12,11,9,4,0,0,4,1,4,4.442085086380536e-05,167.57632350023124,16.757627907938037
left_elbow,2,3,1,1,9,8,10,7,47,20,17.057544631754464,179.9999267494055,16.2942382117651
right_elbow,1,7,3,2,10,4,6,17,18,40,0.0,179.99998290319604,17.999998290319603
left_hip,1,0,1,3,6,16,51,20,9,1,25.470126699053893,132.21110824059622,10.674098154154237
right_hip,4,7,22,38,23,4,8,1,0,1,46.33325304985013,154.59152935247744,10.82582763026273
left_knee,8,2,0,1,1,3,4,8,18,63,111.93981637981513,180.0,6.8060183620184915
right_knee,1,2,0,1,4,8,10,17,16,49,100.41466459504262,179.63246154349713,7.921779694845455
