Joints,0,1,2,3,4,5,6,7,8,9,Min,Max,Step
left_shoulder,18,61,11,5,6,4,0,0,1,2,0.5523450558905213,126.48656760942579,12.593422255353527
right_shoulder,63,12,11,8,4,0,0,5,1,4,4.387599170945548e-05,167.5813332108087,16.7581289334817
left_elbow,1,2,2,1,9,8,10,8,49,18,17.264445107244544,179.99992142035077,16.273547631310624
right_elbow,1,6,3,2,10,5,6,15,19,41,0.0,179.9999153256239,17.99999153256239
left_hip,2,6,4,33,35,17,7,3,0,1,57.270442366773615,143.25430138273012,8.598385901595655
right_hip,2,3,8,14,22,36,11,3,4,5,46.333005504947856,124.834646269256,7.850164076430815
left_knee,7,2,0,1,1,4,4,9,14,66,111.9288767555489,180.0,6.807112324445114
right_knee,3,0,0,2,5,8,12,18,16,44,103.59263009764022,179.45133931425647,7.585870921661623
