Joints,0,1,2,3,4,5,6,7,8,9,Min,Max,Step
left_shoulder,19,62,11,4,6,4,0,0,1,1,0.5525030461660668,126.4810963465674,12.592859330040133
right_shoulder,63,12,11,9,4,0,0,4,1,4,4.389260196623429e-05,167.57753016466512,16.757748627206315
left_elbow,2,1,2,1,12,7,11,6,47,19,19.26454549155304,179.9999888354609,16.073544334390785
right_elbow,1,8,3,2,9,5,6,15,20,39,0.0,179.99986440848733,17.999986440848733
left_hip,1,0,3,5,10,52,21,8,7,1,42.2543056766606,132.21046562024682,8.995615994358623
right_hip,4,4,10,31,36,12,3,5,2,1,46.33326827284446,140.25513558729713,9.392186731445271
left_knee,7,2,0,1,1,3,3,9,16,66,111.89195730004649,180.0,6.810804269995359
right_knee,2,0,2,1,7,9,11,14,17,45,110.10416563123569,179.9999951703269,6.989582953909121
