Joints,0,1,2,3,4,5,6,7,8,9,Min,Max,Step
left_shoulder,19,61,12,4,6,4,0,0,1,1,0.5525437656782953,126.47859541834052,12.592605165266223
right_shoulder,63,12,11,8,4,0,0,5,1,4,4.3859375162103465e-05,167.57582442345606,16.75757805640809
left_elbow,1,2,2,0,8,11,10,8,46,20,12.862015017254743,179.99990443835492,16.71378894211002
right_elbow,1,7,3,2,10,5,6,15,18,41,0.0,179.99993192259282,17.999993192259282
left_hip,5,6,6,38,32,10,9,1,0,1,60.00760504552057,143.24396068769315,8.323635564217263
right_hip,3,5,12,29,37,11,4,3,2,2,46.33275064227216,141.5211416033683,9.518839096109616
left_knee,7,2,0,1,1,4,5,8,16,64,111.93598837058235,180.0,6.806401162941768
right_knee,2,0,1,2,8,8,10,15,16,46,110.08454125211344,179.45131174242366,6.936677049031019
