Joints,0,1,2,3,4,5,6,7,8,9,Min,Max,Step
left_shoulder,18,61,13,4,7,3,0,0,1,1,0.5524407884646376,126.47858606698985,12.592614527852522
right_shoulder,62,12,11,9,4,0,0,5,1,4,0.0,167.57578155142681,16.75757815514268
left_elbow,2,2,2,0,8,9,10,8,44,23,10.733978409109517,179.99998303158435,16.926600462247485
right_elbow,1,8,3,2,10,6,6,16,20,36,0.0,179.99989818234693,17.999989818234692
left_hip,1,0,0,0,3,7,40,41,14,2,0.5630192028764832,132.21155971850814,13.164854051563164
right_hip,6,12,33,44,6,4,1,1,0,1,46.33272736767736,178.77859652360394,13.244586915592656
left_knee,8,2,0,1,1,4,3,9,14,66,111.9285023147097,180.0,6.80714976852903
right_knee,2,0,2,0,9,8,11,16,18,42,110.05460732087464,179.4513886667458,6.939678134587112
