Joints,0,1,2,3,4,5,6,7,8,9,Min,Max,Step
left_shoulder,21,61,10,4,5,3,1,1,1,1,0.5526625851946703,126.47673804926451,12.592407546406985
right_shoulder,64,11,11,8,4,0,0,5,1,4,0.0,167.5745524850914,16.75745524850914
left_elbow,2,1,0,10,10,6,9,6,51,13,33.81617810649525,179.9999214064375,14.618374329994225
right_elbow,1,5,3,2,12,5,6,15,20,39,0.0,179.99993249246822,17.99999324924682
left_hip,1,5,4,4,40,30,12,8,3,1,53.73075915968843,132.20933543190037,7.847857627221195
right_hip,4,4,10,27,28,18,8,4,4,1,46.333029334829185,132.838808249219,8.650577891438978
left_knee,7,2,0,1,1,4,5,9,15,64,111.9439362370691,180.0,6.805606376293085
right_knee,2,1,1,1,5,7,13,18,14,46,102.3885810325423,179.45136018433652,7.706277915179427
