Joints,0,1,2,3,4,5,6,7,8,9,Min,Max,Step
left_shoulder,100,1,0,1,0,0,0,0,2,3,0.026941881089134825,241.60085349143296,24.157391161034383
right_shoulder,99,2,0,1,0,0,0,0,1,4,0.03461820849332633,219.57677609919685,21.954215789070354
left_elbow,95,4,3,0,0,0,0,1,0,4,0.05032019722983376,229.21263831466115,22.91623181174313
right_elbow,95,3,3,0,1,0,0,0,2,3,0.052198827611320886,207.5546103177865,20.75024114901752
left_hip,99,2,1,0,0,0,0,0,2,3,0.07661817397292309,234.51065949826275,23.443404132428984
right_hip,100,1,0,1,0,0,0,0,2,3,0.07538738892335083,220.51170543968632,22.043631805076295
left_knee,97,4,1,0,0,0,0,0,0,5,0.020868177878165358,227.4145946760497,22.739372649817152
right_knee,99,2,1,0,0,0,0,0,2,3,0.03949426510172793,222.9362901216282,22.289679585652646
