Joints,0,1,2,3,4,5,6,7,8,9,Min,Max,Step
left_shoulder,89,0,0,1,0,0,1,0,4,12,0.025543214030020814,237.2375070343025,23.721196382027248
right_shoulder,88,1,0,1,0,0,0,2,6,9,0.03149068151743427,231.5543230049869,23.15228323234695
left_elbow,85,2,3,0,0,0,0,0,6,11,0.032137766517862355,232.4328869202788,23.240074915376095
right_elbow,86,1,2,1,0,0,0,4,6,7,0.044673533841475835,227.00671372920934,22.696204019536786
left_hip,88,1,1,0,0,0,0,1,4,12,0.031509277491299,231.27287095206898,23.12413616745777
right_hip,88,1,1,0,0,0,0,4,8,5,0.04218013765965169,233.4873927946407,23.344521265698106
left_knee,87,2,1,0,0,0,0,1,2,14,0.05384972803559978,226.87380696314045,22.681995723510486
right_knee,85,4,1,0,0,0,0,0,6,11,0.039982464959011116,221.69792271409233,22.165794024913332
