Joints,0,1,2,3,4,5,6,7,8,9,Min,Max,Step
left_shoulder,98,1,0,1,0,0,0,0,4,3,0.02762609553969701,241.5655464533924,24.15379203578527
right_shoulder,97,2,0,1,0,0,0,0,3,4,0.033221958232680635,219.91524770969292,21.988202575146026
left_elbow,93,4,3,0,0,0,0,1,1,5,0.054393613544749295,226.784317427915,22.672992381437023
right_elbow,93,3,3,1,0,0,0,0,3,4,0.054520883234021496,211.2551504732081,21.120062958997405
left_hip,97,2,1,0,0,0,0,0,3,4,0.04194946388967272,234.52373099735317,23.44817815334635
right_hip,98,1,0,1,0,0,0,1,3,3,0.06335929161517845,227.7288748999369,22.766551560832173
left_knee,96,3,1,0,0,0,0,0,1,6,0.021643531351103144,223.05740081604515,22.303575728469404
right_knee,96,2,2,0,0,0,0,0,4,3,0.038646593885401065,216.705369915394,21.66667233215086
