Joints,0,1,2,3,4,5,6,7,8,9,Min,Max,Step
left_shoulder,96,3,0,1,0,0,0,0,0,7,0.027690629685953858,241.59000068110402,24.156231005141805
right_shoulder,96,3,0,1,0,0,0,0,2,5,0.036547817193259134,220.62891339351762,22.05923655763244
left_elbow,92,4,4,0,0,0,0,0,0,7,0.059692821618087935,229.4103288571437,22.93506360355256
right_elbow,93,2,4,1,0,0,0,0,1,6,0.05245996090142587,211.01650103194729,21.096404107104586
left_hip,96,3,1,0,0,0,0,0,0,7,0.07692757511541314,233.53512570203037,23.345819812691495
right_hip,97,2,0,1,0,0,0,0,2,5,0.07597434431677201,227.49555385193054,22.74195795076138
left_knee,94,5,1,0,0,0,0,0,1,6,0.02269618054862126,226.2411938121341,22.621849763158547
right_knee,97,2,1,0,0,0,0,0,2,5,0.03913180045245044,222.8125466482793,22.277341484782685
