Joints,0,1,2,3,4,5,6,7,8,9,Min,Max,Step
left_shoulder,96,2,1,0,0,0,0,2,3,3,0.027948104015115292,270.9012850569245,27.087333695290937
right_shoulder,95,3,1,0,0,0,2,3,1,2,0.03564541959308798,283.463625717972,28.342798029837887
left_elbow,92,6,1,0,0,0,0,0,6,2,0.05549660022551069,267.58120204408783,26.75257054438623
right_elbow,93,5,1,0,0,0,4,1,1,2,0.016928125618365444,283.08788491663546,28.307095679101707
left_hip,98,0,1,0,0,0,0,3,3,2,0.06958212765803859,281.1087836163669,28.103920148870884
right_hip,96,2,1,0,0,0,2,2,2,2,0.07723176204724737,284.8753223839001,28.479809062185286
left_knee,96,3,0,0,0,0,1,1,4,2,0.020762637136894677,273.2799289140617,27.325916627692482
right_knee,97,1,1,0,0,0,2,4,0,2,0.04046136299394972,288.65618314078074,28.86157217777868
