Joints,0,1,2,3,4,5,6,7,8,9,Min,Max,Step
left_shoulder,95,4,0,1,0,0,0,0,4,3,0.027855327961584225,240.48190851110766,24.045405318314607
right_shoulder,97,2,0,1,0,0,0,0,3,4,0.037494396868966426,225.34851667044967,22.53110222735807
left_elbow,91,5,4,0,0,0,0,2,0,5,0.05152011894271509,226.54484353587398,22.64933234169313
right_elbow,92,4,3,1,0,0,0,0,3,4,0.0497972445442844,218.30927192025604,21.825947467571176
left_hip,96,3,1,0,0,0,0,0,2,5,0.07327972086183368,232.3891547124401,23.231587499157826
right_hip,97,2,0,1,0,0,0,0,3,4,0.07857494130135424,226.3326749572486,22.625410001594723
left_knee,95,4,1,0,0,0,0,0,2,5,0.021903118726022186,222.40750840376884,22.238560528504284
right_knee,97,1,2,0,0,0,0,0,4,3,0.03967848811089729,219.4998386360914,21.94601601479805
