Joints,0,1,2,3,4,5,6,7,8,9,Min,Max,Step
left_shoulder,98,1,1,0,0,0,0,1,3,3,0.028247002557856244,249.54191380190701,24.951366679934914
right_shoulder,98,1,0,1,0,0,0,1,3,3,0.026353276079695412,234.03385350576082,23.40075002296811
left_elbow,94,3,3,0,0,0,0,1,1,5,0.06739613498067983,235.9582805644371,23.589088442945645
right_elbow,93,4,2,1,0,0,0,3,2,2,0.05377164790805606,234.68554699280514,23.46317753448971
left_hip,97,2,1,0,0,0,0,2,2,3,0.07785875281727042,244.83118188141475,24.47533231285975
right_hip,98,1,1,0,0,0,0,2,2,3,0.0529470921859425,233.97144498586403,23.391849789367807
left_knee,96,3,1,0,0,0,0,0,1,6,0.021235717643973345,231.70673870130227,23.16855029836583
right_knee,97,2,1,0,0,0,0,1,3,3,0.03548111754583028,229.08773867071514,22.90522575531693
