Joints,0,1,2,3,4,5,6,7,8,9,Min,Max,Step
left_shoulder,99,2,0,1,0,0,0,0,2,3,0.02670992622074762,241.60106857097546,24.15743586447547
right_shoulder,99,2,0,1,0,0,0,0,1,4,0.03233234877353828,218.81989448932282,21.878756214054928
left_elbow,94,5,3,0,0,0,0,1,0,4,0.0587013686828411,225.97581748623173,22.59171161175489
right_elbow,94,4,3,1,0,0,0,0,2,3,0.0510533315643416,211.26157834485088,21.121052501328656
left_hip,99,2,1,0,0,0,0,0,2,3,0.06642539085087268,233.56068829229363,23.349426290144276
right_hip,100,1,0,1,0,0,0,1,1,3,0.07126538817651346,226.78675444309027,22.671548905491377
left_knee,97,4,1,0,0,0,0,0,0,5,0.025268559294621882,222.646370978579,22.262110241928436
right_knee,99,2,1,0,0,0,0,0,2,3,0.03953987724792855,223.07442610981198,22.303488623256406
