Joints,0,1,2,3,4,5,6,7,8,9,Min,Max,Step
left_shoulder,6,10,18,48,47,6,2,0,1,4,7.207779311295319,175.524833735407,16.831705442411167
right_shoulder,16,5,16,23,20,26,16,13,2,5,1.4589290462454086e-05,175.2196947757951,17.521968018650462
left_elbow,12,5,3,4,3,4,9,17,38,47,0.3903038457906238,179.09143149483486,17.870112764904427
right_elbow,18,11,23,18,7,9,5,14,26,11,0.0,179.6761374154591,17.96761374154591
left_hip,1,4,1,31,90,9,3,1,1,1,34.62637191016855,167.26072551980073,13.263435360963221
right_hip,3,0,0,0,2,2,4,18,96,17,2.9549264865133016,115.17786403662323,11.222293755010993
left_knee,17,6,1,0,8,18,1,1,5,85,0.0,180.0,18.0
right_knee,12,7,1,1,10,20,0,0,6,85,0.0,179.7755224561991,17.97755224561991
