Joints,0,1,2,3,4,5,6,7,8,9,Min,Max,Step
left_shoulder,13,13,12,43,40,13,2,2,2,2,0.27999863181157114,169.58694212655746,16.93069434947459
right_shoulder,18,18,16,24,20,20,19,4,1,2,1.5949627924371927,171.46243092292113,16.98674681304839
left_elbow,20,5,5,9,6,7,5,10,23,52,0.05301224068047897,179.5682696203416,17.95152573796611
right_elbow,17,4,16,13,11,4,8,18,15,36,1.2925123172274258,176.9772684494203,17.568475613219288
left_hip,1,0,2,3,6,2,52,63,12,1,0.0,129.6868281779996,12.968682817799959
right_hip,1,0,1,7,32,96,4,0,0,1,0.0,178.83643014341408,17.88364301434141
left_knee,15,1,0,1,8,19,2,2,12,82,0.0,180.0,18.0
right_knee,11,0,2,1,9,14,5,3,12,85,0.0,180.0,18.0
