Joints,0,1,2,3,4,5,6,7,8,9,Min,Max,Step
left_shoulder,35,17,28,27,25,4,1,1,1,3,1.5238237485092132,180.0,17.847617625149077
right_shoulder,26,19,9,18,25,7,20,11,1,6,6.146281302793407,138.40299864993995,13.225671734714656
left_elbow,9,4,9,8,16,8,5,14,31,38,4.836632855644639,179.41962759973416,17.458299474408953
right_elbow,6,10,14,7,11,14,7,16,24,33,0.0,180.0,18.0
left_hip,2,2,9,9,44,64,8,1,1,2,27.50293907087326,155.31155181238503,12.780861274151178
right_hip,1,2,1,8,4,13,53,47,12,1,24.68844818761497,126.5986644685758,10.191021628096085
left_knee,7,0,2,6,2,9,3,5,13,95,0.0,180.0,18.0
right_knee,5,0,3,1,4,10,3,6,12,98,0.0,180.0,18.0
