Joints,0,1,2,3,4,5,6,7,8,9,Min,Max,Step
left_shoulder,2,0,1,3,16,107,11,3,1,2,-126.37574341316142,105.60089636698976,23.197663978015115
right_shoulder,1,2,6,7,17,51,37,15,4,6,-77.08238677898898,55.2287477625603,13.23111345415493
left_elbow,2,5,6,4,50,61,7,3,5,3,-168.4909517208532,166.8497475093256,33.53406992301788
right_elbow,4,6,6,13,65,31,5,5,8,3,-162.96131813939124,173.42352917445675,33.63848473138481
left_hip,2,0,2,11,76,38,11,3,0,3,-94.06173822621376,96.42181365199093,19.048355187820462
right_hip,1,3,1,8,34,83,10,4,1,1,-99.79864274415192,94.10261233130936,19.39012550754613
left_knee,6,1,6,4,11,96,8,5,3,6,-174.7838509444246,157.6744221962968,33.24582731407216
right_knee,3,3,5,8,33,81,3,2,5,3,-173.10386728420337,169.79742656611313,34.29012938503166
