Joints,0,1,2,3,4,5,6,7,8,9,Min,Max,Step
left_shoulder,2,0,1,3,17,107,10,4,0,2,-126.04134480846555,105.5993672924307,23.16407121008963
right_shoulder,2,6,5,7,23,63,21,9,4,6,-68.62724785974379,57.904279932971036,12.65315277927148
left_elbow,3,4,7,6,42,64,9,3,6,2,-168.49049203882905,166.85100966291927,33.534150170174826
right_elbow,3,7,5,6,34,61,12,7,9,2,-173.42349364284092,161.93634424804236,33.535983789088334
left_hip,1,2,6,8,83,33,8,1,0,4,-84.94752000121136,90.0,17.49475200012114
right_hip,4,0,4,7,36,79,7,4,3,2,-99.79610538304787,96.84178241351843,19.663788779656628
left_knee,6,0,7,5,12,93,6,7,3,7,-175.57294418254384,157.51393364237626,33.308687782492
right_knee,4,5,5,6,29,79,5,4,6,3,-173.75467881708698,169.79456077297414,34.3549239590061
