Joints,0,1,2,3,4,5,6,7,8,9,Min,Max,Step
left_shoulder,1,0,1,5,14,108,12,3,0,2,-126.34145539285166,105.5979318371869,23.193938723003853
right_shoulder,2,7,7,13,56,39,12,4,3,3,-61.61655172865693,65.4895370894939,12.710608881815084
left_elbow,2,5,6,6,33,70,10,4,5,5,-168.48952753932403,159.0631814235336,32.755270896285765
right_elbow,4,7,6,6,45,49,11,8,7,3,-172.28882317443558,169.53378587563188,34.18226090500676
left_hip,2,1,4,7,77,42,8,2,0,3,-82.88763724475258,85.33370095326049,16.82213381980131
right_hip,1,2,1,6,43,84,6,1,1,1,-97.54601605027588,94.002032564912,19.154804861518784
left_knee,5,4,4,2,18,92,7,5,5,4,-170.2453190133754,159.83470308260578,33.00800220959812
right_knee,3,5,4,8,62,49,3,5,4,3,-173.10378595420417,173.2738468328824,34.63776327870866
