Joints,0,1,2,3,4,5,6,7,8,9,Min,Max,Step
left_shoulder,2,0,2,8,101,26,4,0,1,2,-126.3053336740518,134.0118531354521,26.03171868095039
right_shoulder,1,0,2,10,39,78,10,5,0,1,-120.93529907724441,112.81930332991548,23.37546024071598
left_elbow,2,5,8,11,53,41,16,4,2,4,-168.49001353779514,169.96060211778118,33.84506156555764
right_elbow,5,6,4,12,59,36,10,6,5,3,-162.95631074396763,170.20959503912312,33.316590578309075
left_hip,2,0,5,66,65,4,2,0,0,2,-105.60566866225979,157.6392165387036,26.324488520096338
right_hip,2,0,7,8,110,12,5,0,1,1,-133.02141243324928,156.78940795265837,28.981082038590756
left_knee,3,1,9,4,43,67,7,6,2,4,-172.15982296448345,171.61077746034917,34.377060042483265
right_knee,3,1,5,5,13,87,15,5,6,6,-173.10378587469884,129.85988996791968,30.296367584261844
