Joints,0,1,2,3,4,5,6,7,8,9,Min,Max,Step
left_shoulder,2,0,1,2,17,106,13,3,0,2,-126.07516885311655,105.59570696825399,23.167087582137057
right_shoulder,2,6,2,11,24,64,23,8,2,4,-61.33996398122533,53.15584073095354,11.449580471217892
left_elbow,3,5,5,5,18,80,13,4,7,6,-168.48862999549678,144.5771916045995,31.30658216000964
right_elbow,4,5,3,10,38,63,10,4,6,3,-172.55823809052373,169.55774033238427,34.211597842290814
left_hip,3,1,2,9,100,22,4,0,0,5,-90.0,101.4545940917136,19.145459409171366
right_hip,2,0,2,8,51,70,7,2,2,2,-94.34723675499953,94.34723675499953,18.869447350999906
left_knee,4,3,6,4,51,60,3,10,1,4,-174.86625438573606,174.86625438573606,34.97325087714722
right_knee,2,3,8,5,66,46,4,8,2,2,-166.88952300456384,169.80250562022604,33.66920286247898
