Joints,0,1,2,3,4,5,6,7,8,9,Min,Max,Step
left_shoulder,1,1,0,3,11,111,12,4,1,2,-144.6323648415393,116.74721351529318,26.137957835683252
right_shoulder,2,0,3,12,44,68,11,4,0,2,-121.63423632983836,118.82959953865252,24.04638358684909
left_elbow,2,6,6,3,32,75,6,7,6,3,-168.48975798344276,158.4850404418092,32.69747984252518
right_elbow,5,8,4,10,45,44,11,9,5,5,-172.30526582891858,169.55531629248478,34.18605821214035
left_hip,4,3,8,79,38,8,1,4,0,1,-94.06194743093607,147.71580502569515,24.177775245663128
right_hip,3,3,1,47,82,3,3,3,0,1,-111.45365031358152,160.3253304119761,27.177898072555763
left_knee,6,2,6,4,57,45,10,7,6,3,-174.86629350981238,174.86629350981238,34.973258701962465
right_knee,5,3,11,4,41,64,4,7,4,3,-173.10378208045472,173.09837840396804,34.62021604844227
