Joints,0,1,2,3,4,5,6,7,8,9,Min,Max,Step
left_shoulder,38,72,16,9,6,2,0,1,0,2,0.0,161.4043779419779,16.14043779419779
right_shoulder,45,39,28,10,5,8,8,2,0,1,6.796031820042209,118.46916702824056,11.167313520819835
left_elbow,11,5,5,7,3,6,13,6,38,52,0.0,179.99994398177762,17.999994398177762
right_elbow,18,8,6,3,12,13,22,11,24,29,0.0,179.9999379499775,17.99999379499775
left_hip,3,0,0,9,56,61,6,0,1,10,0.0,180.0,18.0
right_hip,7,0,1,10,92,27,4,0,1,4,0.0,180.0,18.0
left_knee,17,1,4,3,6,4,7,4,19,81,0.0,180.0,18.0
right_knee,12,1,3,2,7,10,8,7,7,89,0.0,180.0,18.0
