Joints,0,1,2,3,4,5,6,7,8,9,Min,Max,Step
left_shoulder,40,69,15,9,9,2,0,1,0,1,0.0,161.81942645383268,16.181942645383266
right_shoulder,33,27,31,18,9,7,4,5,9,3,7.471026600231234,92.60597608507841,8.513494948484716
left_elbow,11,8,3,6,4,4,12,6,33,59,0.0,179.99993901641204,17.999993901641204
right_elbow,17,6,6,7,11,18,20,9,22,30,0.0,179.99999743867906,17.999999743867907
left_hip,4,0,0,9,56,65,4,1,0,7,0.0,180.0,18.0
right_hip,5,0,0,10,92,30,2,0,0,7,0.0,180.0,18.0
left_knee,14,2,3,1,6,2,6,8,19,85,0.0,180.0,18.0
right_knee,10,3,2,3,5,7,6,6,11,93,0.0,180.0,18.0
