Joints,0,1,2,3,4,5,6,7,8,9,Min,Max,Step
left_shoulder,43,68,14,11,7,0,0,1,0,2,0.0,161.85372824317938,16.185372824317938
right_shoulder,10,27,30,29,17,8,6,5,9,5,0.0,87.85597204509617,8.785597204509617
left_elbow,8,10,3,6,4,2,14,9,36,54,0.0,179.19668993429627,17.919668993429628
right_elbow,15,7,7,2,11,16,23,13,21,31,0.0,179.99999231603718,17.999999231603717
left_hip,3,0,1,10,56,65,6,0,2,3,0.0,180.0,18.0
right_hip,5,0,1,13,84,34,3,1,1,4,0.0,180.0,18.0
left_knee,13,2,2,1,6,5,8,7,13,89,0.0,180.0,18.0
right_knee,8,3,2,1,6,5,7,7,9,98,0.0,180.0,18.0
