Joints,0,1,2,3,4,5,6,7,8,9,Min,Max,Step
left_shoulder,33,75,17,8,7,3,0,1,0,2,0.0,161.77601941192978,16.17760194119298
right_shoulder,25,27,28,29,10,7,2,7,7,4,6.28588748420338,87.85567191559002,8.156978443138664
left_elbow,8,9,6,5,5,3,15,7,34,54,0.0,179.99992904940655,17.999992904940655
right_elbow,19,6,6,4,13,14,22,11,21,30,0.0,179.99992774633134,17.999992774633135
left_hip,4,1,2,9,52,66,5,0,2,5,0.0,180.0,18.0
right_hip,7,0,0,14,87,30,2,1,0,5,0.0,180.0,18.0
left_knee,11,2,3,5,4,7,5,4,18,87,0.0,180.0,18.0
right_knee,9,2,2,2,5,10,7,5,11,93,0.0,180.0,18.0
