Joints,0,1,2,3,4,5,6,7,8,9,Min,Max,Step
left_shoulder,41,66,20,7,7,2,0,1,1,1,0.0,161.55306303814953,16.155306303814953
right_shoulder,17,31,31,23,14,7,6,4,8,5,3.4408805404347795,87.85605580734912,8.441517526691435
left_elbow,9,8,5,9,4,3,12,6,36,54,0.0,180.0,18.0
right_elbow,19,7,6,2,10,14,24,11,22,31,0.0,179.99999743867906,17.999999743867907
left_hip,3,0,0,8,58,64,2,0,1,10,0.0,180.0,18.0
right_hip,7,0,1,12,88,31,3,1,0,3,0.0,180.0,18.0
left_knee,12,1,3,2,10,7,4,2,17,88,0.0,180.0,18.0
right_knee,8,0,3,2,8,7,8,3,12,95,0.0,180.0,18.0
