Joints,0,1,2,3,4,5,6,7,8,9,Min,Max,Step
left_shoulder,95,6,6,6,5,12,3,3,0,9,0.0,291.4937726742072,29.14937726742072
right_shoulder,95,6,7,5,6,10,3,3,1,9,0.0,296.7153468590705,29.67153468590705
left_elbow,93,7,4,10,6,10,3,3,5,4,0.0,293.38296020896615,29.338296020896614
right_elbow,88,10,9,6,10,8,2,7,4,1,0.0,288.82811214050844,28.882811214050843
left_hip,94,6,4,7,7,7,7,3,2,8,0.0,277.3586272816969,27.73586272816969
right_hip,96,4,5,9,5,11,2,4,8,1,0.0,294.28287313520747,29.428287313520748
left_knee,92,7,4,7,4,9,8,2,3,9,0.0,280.0644407117814,28.00644407117814
right_knee,92,8,5,7,5,13,1,5,8,1,0.0,291.0973748212969,29.10973748212969
