Joints,0,1,2,3,4,5,6,7,8,9,Min,Max,Step
left_shoulder,87,6,11,5,5,16,4,0,4,7,0.0,292.7246534514375,29.27246534514375
right_shoulder,88,7,8,8,8,7,4,5,1,9,0.0,291.0522369353624,29.10522369353624
left_elbow,85,8,10,6,6,13,6,1,3,7,0.0,282.2645272742851,28.226452727428512
right_elbow,84,14,8,6,15,3,4,8,2,1,0.0,303.8146039452058,30.38146039452058
left_hip,87,6,10,6,5,10,8,2,3,8,0.0,275.9378494819117,27.59378494819117
right_hip,87,6,9,7,6,12,3,5,8,2,0.0,279.58881194271834,27.958881194271832
left_knee,86,6,10,7,3,10,9,2,4,8,0.0,278.53095340906987,27.853095340906986
right_knee,89,5,10,7,9,12,1,10,0,2,0.0,306.4030963581918,30.640309635819182
