Joints,0,1,2,3,4,5,6,7,8,9,Min,Max,Step
left_shoulder,91,10,5,7,6,9,6,1,1,9,0.0,290.71926406867675,29.071926406867675
right_shoulder,92,10,3,8,7,9,3,2,2,9,0.0,283.20162443720534,28.320162443720534
left_elbow,90,11,5,7,6,9,6,1,7,3,0.0,293.2074797321073,29.32074797321073
right_elbow,87,13,6,7,6,10,4,0,10,2,0.0,270.4790888980364,27.047908889803644
left_hip,91,10,4,8,4,6,7,4,2,9,0.0,275.95435459998106,27.595435459998107
right_hip,90,8,5,9,1,8,9,3,1,11,0.0,250.11919616835243,25.011919616835243
left_knee,89,11,6,7,2,8,7,4,2,9,0.0,279.8893065352373,27.98893065352373
right_knee,89,10,3,9,2,5,12,2,2,11,0.0,246.07717115081925,24.607717115081925
