Joints,0,1,2,3,4,5,6,7,8,9,Min,Max,Step
left_shoulder,104,11,4,9,2,7,1,0,0,7,0.35846696881848633,290.65854618547513,29.030007921665664
right_shoulder,101,14,4,9,2,7,1,0,0,7,0.35846696881848633,283.21232906958016,28.285386210076165
left_elbow,103,11,6,8,2,6,2,0,3,4,0.26998340356809897,293.14256952219057,29.287258611862246
right_elbow,96,15,6,8,3,6,3,1,2,5,0.05890882339725191,249.57553414091788,24.951662531752064
left_hip,107,7,4,9,2,4,5,0,0,7,0.4763784874248238,275.9653212751806,27.548894278775578
right_hip,105,6,7,7,3,4,4,2,0,7,0.2068176292046801,250.1164103838829,24.990959275467823
left_knee,105,8,6,8,2,4,5,0,0,7,0.35846696881848633,279.81944756255655,27.946098059373803
right_knee,103,8,6,6,5,2,5,2,1,7,0.18587232770378528,243.19076767908896,24.300489535138517
