Joints,0,1,2,3,4,5,6,7,8,9,Min,Max,Step
left_shoulder,2,0,0,2,155,90,1,0,0,2,-158.86359202420275,160.67857118723626,31.954216321143903
right_shoulder,1,2,0,1,6,231,7,1,0,3,-154.65733611166877,123.59883963363754,27.82561757453064
left_elbow,5,2,2,7,122,98,6,2,4,4,-166.34928222812374,167.17929692211848,33.35285791502423
right_elbow,5,3,3,12,175,36,6,4,5,3,-131.89790867916713,139.10311753112907,27.10010262102962
left_hip,2,4,6,1,15,189,15,8,7,5,-132.88113426249828,103.69559150308856,23.65767257655868
right_hip,2,3,7,16,114,90,11,6,1,2,-114.09606058774257,116.73615944956474,23.08322200373074
left_knee,7,5,11,20,58,104,21,13,5,8,-166.5845833993359,162.82060612421532,32.94051895235512
right_knee,7,8,19,11,150,19,12,16,4,6,-142.50705040843442,155.14514169832782,29.76521921067622
