Joints,0,1,2,3,4,5,6,7,8,9,Min,Max,Step
left_shoulder,3,0,0,2,87,155,2,0,0,3,-158.95719977068114,157.32367233784638,31.628087210852755
right_shoulder,1,2,1,1,6,228,8,1,1,3,-149.9109913408168,119.32528588127062,26.92362772220875
left_elbow,4,5,3,2,70,150,6,5,5,2,-162.13839323398017,157.862415839575,32.00008090735551
right_elbow,4,4,5,5,112,104,6,3,5,4,-159.67401382824025,159.59146339614972,31.926547722438997
left_hip,2,5,3,15,187,28,5,6,0,1,-107.83808050504915,125.9029044729363,23.374098497798542
right_hip,2,4,5,21,70,114,23,8,3,2,-85.92302679846836,82.19068338004216,16.81137101785106
left_knee,5,7,20,17,130,28,22,13,5,5,-145.66341506285391,156.15219089111486,30.181560595396874
right_knee,6,6,16,14,164,21,7,9,5,4,-148.4346124625775,162.33197229551,31.076658475808756
