Joints,0,1,2,3,4,5,6,7,8,9,Min,Max,Step
left_shoulder,101,144,2,2,0,0,0,0,0,3,0.43298765433287617,172.56199256971217,17.21290049153793
right_shoulder,89,150,6,1,0,1,0,0,2,3,8.857004532841048,158.90649362582624,15.004948909298518
left_elbow,6,1,2,2,2,4,6,47,48,134,25.086530006202725,179.4847896173189,15.43982596111162
right_elbow,2,1,7,7,0,2,8,37,145,43,6.412741853350966,178.3415663683122,17.19288245149612
left_hip,2,2,8,3,19,160,50,3,3,2,8.537736462515939e-07,180.0,17.999999914622634
right_hip,1,1,4,1,44,69,112,16,1,3,11.922822214516016,180.0,16.8077177785484
left_knee,17,35,19,13,11,54,9,4,36,54,0.0,179.70299024731895,17.970299024731894
right_knee,7,7,21,26,47,19,0,29,92,4,0.0,177.01340819041974,17.701340819041974
