Joints,0,1,2,3,4,5,6,7,8,9,Min,Max,Step
left_shoulder,116,128,2,2,0,0,0,0,0,4,0.9050930365342784,172.55688696176503,17.165179392523076
right_shoulder,6,228,6,6,1,0,0,1,2,2,0.11098450548541053,177.73719985224014,17.76262153467547
left_elbow,1,2,2,2,1,2,7,21,53,161,2.229021674129245,179.05712161732913,17.68280999431999
right_elbow,1,2,2,1,6,1,10,38,161,30,0.0,179.70395607381008,17.970395607381008
left_hip,2,3,5,4,9,145,71,7,3,3,0.0,174.69614502744358,17.469614502744356
right_hip,4,2,0,2,1,19,72,82,67,3,0.0,151.6614765399746,15.16614765399746
left_knee,24,25,21,15,6,64,7,7,30,53,0.0,179.9013309443558,17.99013309443558
right_knee,12,11,14,27,42,17,2,37,83,7,0.0,179.09321563586255,17.909321563586253
