Joints,0,1,2,3,4,5,6,7,8,9,Min,Max,Step
left_shoulder,169,76,1,3,0,0,0,0,0,3,3.956401498642962,175.0814287552751,17.112502725663212
right_shoulder,71,166,9,1,0,0,0,1,3,1,5.412552758262775,177.73847674915177,17.2325923990889
left_elbow,4,1,2,3,2,0,9,34,44,153,2.872418267796407,179.82528492041396,17.695286665261754
right_elbow,1,3,7,0,6,0,13,33,121,68,0.0,177.0321645682981,17.70321645682981
left_hip,3,4,9,1,12,160,54,6,0,3,0.0,180.0,18.0
right_hip,3,2,3,2,27,79,99,34,1,2,4.7478632936669545,180.0,17.525213670633306
left_knee,15,33,21,14,8,48,13,4,36,60,0.0,179.9999875103683,17.99999875103683
right_knee,9,13,14,34,35,16,3,50,66,12,0.0,180.0,18.0
