Joints,0,1,2,3,4,5,6,7,8,9,Min,Max,Step
left_shoulder,226,20,3,0,0,0,0,0,0,3,9.968540973107123,175.09785228968147,16.51293113165743
right_shoulder,232,9,7,0,0,0,0,2,1,1,15.26825785064208,172.32183596808002,15.705357811743795
left_elbow,3,4,2,1,1,0,9,39,42,151,5.835947294794983,179.4116983486937,17.357575105389873
right_elbow,4,2,4,3,0,0,12,39,136,52,4.1386031259925735,178.18282533547156,17.4044222209479
left_hip,5,4,2,0,47,155,30,5,2,2,11.900840054285457,177.89830821052755,16.599746815624208
right_hip,2,0,4,43,56,86,56,1,3,1,40.341087954888295,180.0,13.965891204511173
left_knee,13,31,19,12,7,60,8,6,35,61,0.0,179.60413825528352,17.960413825528352
right_knee,16,10,12,25,36,17,1,22,104,9,0.0,176.28968100963448,17.628968100963448
