Joints,0,1,2,3,4,5,6,7,8,9,Min,Max,Step
left_shoulder,209,8,1,4,11,8,2,4,2,2,0.06552503172409943,173.5265102502481,17.3460985218524
right_shoulder,208,3,7,0,12,4,5,4,2,6,0.07990244904821582,147.28345916515713,14.720355671610893
left_elbow,220,1,6,2,0,11,1,2,6,2,0.047785518768664256,172.31905269897732,17.227126718020862
right_elbow,220,2,4,0,6,6,6,2,2,3,0.04459676088312415,162.69540049215234,16.26508037312692
left_hip,224,7,2,4,0,0,4,6,2,2,0.05631766860099063,170.85059989340883,17.079428222480782
right_hip,231,5,1,0,0,0,7,3,2,2,0.06363303129221194,161.97523355705925,16.191160052576706
left_knee,199,28,10,0,0,0,4,6,3,1,0.058205274407810516,194.27516536693483,19.421696009252702
right_knee,194,35,8,0,0,6,2,2,2,2,0.03672189191808595,169.05418528362543,16.901746339170735
