Joints,0,1,2,3,4,5,6,7,8,9,Min,Max,Step
left_shoulder,210,4,1,0,13,15,0,0,6,2,0.10167577763903336,162.70812718714433,16.26064514095053
right_shoulder,203,9,5,2,17,5,4,4,0,2,0.04096318213783533,150.11299523332434,15.007203205118651
left_elbow,221,3,5,0,2,10,0,2,6,2,0.055521362267147004,163.3085420130434,16.325302065077626
right_elbow,215,6,4,0,1,12,8,3,0,2,0.1066102614008276,146.7965627915531,14.668995253015229
left_hip,230,1,2,4,2,2,2,3,3,2,0.12137539665776605,162.81670278568717,16.269532738902942
right_hip,225,12,0,2,2,0,4,4,0,2,0.13125476712307305,154.69444994396056,15.456319517683749
left_knee,197,34,5,3,0,1,2,4,1,4,0.12364049517759575,170.96204209300996,17.083840159783236
right_knee,194,35,10,0,0,2,4,4,0,2,0.09252906663408043,155.64113951885972,15.554861045222562
