Joints,0,1,2,3,4,5,6,7,8,9,Min,Max,Step
left_shoulder,220,7,1,1,7,7,0,1,5,2,0.03640968674936482,159.09128534598128,15.905487565923192
right_shoulder,217,6,3,0,13,2,2,1,2,5,0.0044230752687487015,148.46242609401318,14.845800301874442
left_elbow,229,5,3,1,3,2,0,2,4,2,0.07515434288492016,171.8251865993146,17.175003225642968
right_elbow,235,1,2,0,2,5,1,0,4,1,0.04186198166641556,168.5268507933065,16.84849888116401
left_hip,236,3,2,0,0,2,0,0,6,2,0.08266874090300136,162.76162290572825,16.267895416482524
right_hip,238,3,0,0,0,0,4,2,2,2,0.10819984406960872,151.0862895235509,15.09780896794813
left_knee,203,27,11,0,1,1,0,6,1,1,0.014107218807321685,180.68287282763282,18.06687656088255
right_knee,202,35,4,0,0,0,4,1,1,4,0.05181986310163872,156.3734913259307,15.632167146282907
