Joints,0,1,2,3,4,5,6,7,8,9,Min,Max,Step
left_shoulder,216,5,2,0,0,11,6,6,4,1,0.04909267656409085,155.96772748475058,15.591863480818649
right_shoulder,212,8,0,10,6,8,1,4,0,2,0.015607862182315519,190.52044580513984,19.05048379429575
left_elbow,220,2,3,1,0,2,12,4,5,2,0.09595176968910583,150.91348825637894,15.081753648668984
right_elbow,222,1,3,3,8,9,2,2,0,1,0.025980502561181,209.66455318105,20.963857267848883
left_hip,222,6,3,0,2,4,8,5,0,1,0.013352800572460593,172.26721443410509,17.225386163353264
right_hip,223,7,0,2,1,2,5,6,4,1,0.10659001979534792,160.99596222136725,16.08893722015719
left_knee,192,26,15,0,0,4,9,4,0,1,0.020036480869319872,189.67707082040303,18.965703433953372
right_knee,189,34,6,3,1,3,4,5,3,3,0.06699922993125355,158.41480537136724,15.8347806141436
