Joints,0,1,2,3,4,5,6,7,8,9,Min,Max,Step
left_shoulder,210,3,0,5,13,3,7,8,0,2,0.04032147424655305,181.1223589587268,18.108203748448027
right_shoulder,205,8,0,4,13,4,7,1,8,1,0.06902745044584757,175.44961847175674,17.53805910213109
left_elbow,215,3,3,2,9,7,5,5,0,2,0.056649875296576876,198.49199257001203,19.843534269471544
right_elbow,214,4,4,0,4,5,9,2,7,2,0.03180057940473508,163.2340693398339,16.320226876042916
left_hip,220,5,2,2,0,2,4,10,4,2,0.09383901701191703,166.24778556815974,16.61539465511478
right_hip,221,6,0,2,0,2,4,10,2,4,0.04979897681388856,161.4481783196105,16.13983793427966
left_knee,196,27,8,0,0,1,6,6,5,2,0.08781172071565901,193.30337377150062,19.321556205078497
right_knee,187,38,4,0,2,6,5,3,4,2,0.03416509657458745,180.13986014390244,18.010569504732786
