Joints,0,1,2,3,4,5,6,7,8,9,Min,Max,Step
left_shoulder,234,0,0,3,0,0,0,2,1,11,0.0249787801343507,88.88689222812981,8.886191344799546
right_shoulder,231,1,0,5,0,0,0,0,9,5,0.030661647477158736,82.7767932121982,8.274613156472103
left_elbow,226,16,1,0,2,1,1,0,0,4,0.018755840407666514,95.1061810572632,9.508742521685553
right_elbow,235,9,0,0,0,0,1,1,1,4,0.03761777788339677,97.01099551347157,9.697337773558818
left_hip,220,22,5,0,1,1,0,0,0,2,0.05773609275691824,37.21927738829238,3.7161541295535465
right_hip,230,14,2,0,1,2,0,0,1,1,0.008833221261106187,51.36157884688037,5.135274562561927
left_knee,200,13,12,8,1,3,1,4,4,5,0.07750722894678645,56.65100780281811,5.6573500573871325
right_knee,201,10,5,10,15,4,4,0,0,2,0.03955813033502159,46.378183108633,4.6338624978297975
