Joints,0,1,2,3,4,5,6,7,8,9,Min,Max,Step
left_shoulder,210,4,1,0,6,11,10,2,3,4,0.066018458985727,162.67477356915253,16.260875511016682
right_shoulder,204,12,0,8,7,0,7,5,7,1,0.09231664231478033,178.53218910467322,17.843987246235844
left_elbow,215,1,4,1,6,10,5,4,3,2,0.01795746199941989,177.99297498792404,17.79750175259246
right_elbow,214,0,6,3,13,5,9,0,0,1,0.0541386244109742,216.83212149183075,21.67779828674198
left_hip,218,8,1,2,0,0,12,5,1,4,0.08248413931007137,170.5679369465534,17.048545280724333
right_hip,219,8,0,2,0,2,2,9,4,5,0.12339357345417586,154.80895789212744,15.468556431867327
left_knee,188,31,10,0,0,4,7,5,3,3,0.14436986731538806,193.0031854460381,19.28588155787227
right_knee,186,34,9,0,0,3,3,7,4,5,0.0632402717106949,159.04353548093275,15.898029520922204
