Joints,0,1,2,3,4,5,6,7,8,9,Min,Max,Step
left_shoulder,2,1,3,10,212,61,6,1,3,1,-147.9951601334063,152.41583112150292,30.041099125490916
right_shoulder,1,0,5,13,206,61,9,3,1,1,-84.36949318191192,87.48602071161316,17.18555138935251
left_elbow,2,1,9,10,61,197,9,4,3,4,-165.77670805814958,160.82158652004836,32.6598294578198
right_elbow,3,6,5,10,224,31,10,6,3,2,-150.87241751483754,161.72419241571163,31.259660993054922
left_hip,3,6,2,15,222,35,10,4,2,1,-133.7951647577843,148.1559237709888,28.19510885287731
right_hip,1,2,6,8,69,195,9,5,3,2,-135.3059500776078,133.74813088392912,26.905408096153693
left_knee,4,2,5,15,196,56,14,4,0,4,-172.1688575730513,176.89905153266503,34.90679091057163
right_knee,4,2,6,10,28,227,9,7,2,5,-163.73648994033252,154.8090894593125,31.854557939964508
