Joints,0,1,2,3,4,5,6,7,8,9,Min,Max,Step
left_shoulder,3,1,1,5,13,256,12,4,1,4,-135.58076012501107,115.1614693043428,25.074222942935393
right_shoulder,1,1,2,11,240,35,6,3,0,1,-87.37868316562141,94.22499191218695,18.160367507780833
left_elbow,4,0,6,11,181,82,6,4,4,2,-149.4330451469593,149.50895478335931,29.89419999303186
right_elbow,5,4,7,19,239,18,3,2,1,2,-105.52289472524788,138.0360433363413,24.355893806158917
left_hip,6,5,7,51,208,12,5,4,1,1,-103.58599240778419,148.18905035473702,25.177504276252122
right_hip,1,0,3,6,20,232,24,8,4,2,-135.2832903991909,106.91354475362543,24.21968351528163
left_knee,1,4,8,16,219,30,17,2,1,2,-165.88193958633815,177.60766181682084,34.34896014031591
right_knee,5,2,4,12,39,217,8,7,2,4,-163.73061026590744,158.6693665126487,32.23999767785563
