Joints,0,1,2,3,4,5,6,7,8,9,Min,Max,Step
left_shoulder,3,1,3,6,72,198,11,2,3,1,-146.54249247215338,145.46257752446752,29.200506999662096
right_shoulder,1,1,3,8,48,220,9,6,3,1,-80.25575954894998,75.07647341384202,15.533223296279203
left_elbow,4,2,4,7,70,193,9,3,4,4,-154.73172508154062,150.8286369829755,30.55603620645161
right_elbow,5,4,7,9,238,23,5,5,1,3,-120.94825729369964,140.29322133746308,26.124147863116278
left_hip,1,1,4,8,44,222,13,5,1,1,-162.21843837039006,148.06676793803405,31.028520630842422
right_hip,2,0,5,5,49,217,10,8,2,2,-135.27091143863578,125.30184727356144,26.05727587121973
left_knee,3,4,8,19,222,24,15,1,0,4,-156.43457728041716,177.61155959871803,33.404613687913525
right_knee,4,4,4,10,20,232,9,6,5,6,-163.9554239659676,150.4409655167402,31.439638948270783
