Joints,0,1,2,3,4,5,6,7,8,9,Min,Max,Step
left_shoulder,2,2,1,8,193,83,6,1,3,1,-144.60954958397846,144.96226484646758,28.957181443044604
right_shoulder,1,1,6,7,194,80,6,3,0,2,-86.21181792281118,87.10748387670047,17.331930179951172
left_elbow,4,3,5,12,69,185,11,5,3,3,-155.488030859744,154.8479460514576,31.03359769112015
right_elbow,4,6,3,7,236,28,7,4,3,2,-140.26736945244812,154.97751317195463,29.524488262440272
left_hip,5,5,11,47,204,22,2,2,1,1,-103.61435434616725,148.21894719218486,25.1833301538352
right_hip,1,0,4,9,22,221,26,8,5,4,-135.2778019299633,106.95399165268316,24.223179358264645
left_knee,4,3,5,15,217,36,15,1,2,2,-166.35888457158498,177.61334657413846,34.39722311457234
right_knee,5,3,4,12,58,194,9,8,4,3,-163.72824229975123,162.50869890062756,32.6236941200379
