Joints,0,1,2,3,4,5,6,7,8,9,Min,Max,Step
left_shoulder,2,0,1,7,217,61,7,0,4,1,-145.18060433672522,148.30525276338437,29.34858571001095
right_shoulder,1,0,5,6,84,190,8,4,0,2,-94.29590829041712,94.0929629530646,18.838887124348176
left_elbow,2,1,7,11,196,67,9,3,3,1,-149.78367252219132,155.3472138269077,30.513088634909906
right_elbow,3,5,5,9,222,41,6,5,3,1,-144.23771511142004,155.52051079573138,29.97582259071514
left_hip,4,0,4,6,20,211,34,10,8,3,-103.5703273267437,78.58225298581758,18.215258031256127
right_hip,1,0,6,9,61,206,9,5,1,2,-135.2543106713768,131.29230906891436,26.65466197402911
left_knee,2,1,9,17,188,58,17,3,2,3,-172.16767569330918,174.9049047892906,34.70725804825997
right_knee,4,5,2,13,18,228,11,9,4,6,-176.6319361539746,158.3441265318714,33.497606268584605
