Joints,0,1,2,3,4,5,6,7,8,9,Min,Max,Step
left_shoulder,87,130,65,7,4,1,1,2,0,3,0.0956838701028761,155.88841624946502,15.579273237936215
right_shoulder,42,185,38,21,9,3,0,0,1,1,1.0060322799060164,114.36875168813255,11.336271940822652
left_elbow,4,2,3,4,5,10,18,27,114,113,4.702853592650682,179.0423462963452,17.433949270369446
right_elbow,58,2,5,5,5,18,21,8,56,122,5.091749469288418,179.99999879258175,17.490824932329332
left_hip,79,7,48,15,80,52,8,3,5,3,0.0,180.0,18.0
right_hip,76,2,3,2,36,103,19,8,45,6,0.0,178.56206624301083,17.856206624301084
left_knee,24,8,3,6,11,10,11,12,18,197,2.3243935468395933,180.0,17.767560645316042
right_knee,15,2,4,4,8,5,6,18,118,120,0.0,180.0,18.0
