Joints,0,1,2,3,4,5,6,7,8,9,Min,Max,Step
left_shoulder,257,4,11,1,2,7,10,5,1,1,0.0,257.5001714138379,25.75001714138379
right_shoulder,257,6,8,4,0,4,14,4,1,1,0.0,254.24344955387872,25.424344955387873
left_elbow,255,7,7,4,2,7,8,7,1,1,0.0,258.4373539750603,25.84373539750603
right_elbow,258,6,6,4,0,3,15,3,3,1,0.0,254.27704851397561,25.42770485139756
left_hip,256,5,8,4,2,7,8,6,1,2,0.0,257.32149102432703,25.732149102432704
right_hip,257,6,9,1,1,8,9,5,2,1,0.0,256.1361618439348,25.613616184393482
left_knee,256,5,8,3,2,4,15,5,0,1,0.0,257.6550867696582,25.765508676965823
right_knee,257,7,8,2,0,2,15,5,2,1,0.0,256.4274784554214,25.64274784554214
