Joints,0,1,2,3,4,5,6,7,8,9,Min,Max,Step
left_shoulder,255,3,13,2,2,8,8,6,1,1,0.0,257.7516274638168,25.77516274638168
right_shoulder,255,7,10,2,0,8,10,5,1,1,0.0,254.57044807203744,25.457044807203744
left_elbow,254,4,8,7,3,6,9,7,0,1,0.0,258.6883570378277,25.86883570378277
right_elbow,256,6,7,5,3,6,10,2,3,1,0.0,255.61561729704198,25.5615617297042
left_hip,255,3,10,6,5,4,10,3,2,1,0.0,256.5917274641124,25.65917274641124
right_hip,256,5,10,4,2,7,9,4,0,2,0.0,256.4207805564772,25.642078055647723
left_knee,255,3,10,4,4,5,14,3,0,1,0.0,257.9303529271556,25.793035292715558
right_knee,255,7,9,3,2,2,15,5,0,1,0.0,256.7182122836508,25.671821228365083
