Joints,0,1,2,3,4,5,6,7,8,9,Min,Max,Step
left_shoulder,256,4,10,1,3,6,8,9,1,1,0.0,256.8845237250824,25.688452372508237
right_shoulder,254,8,8,2,0,6,14,5,1,1,0.0,254.9770423237912,25.49770423237912
left_elbow,256,5,7,3,3,6,8,10,0,1,0.0,258.7155017874397,25.871550178743966
right_elbow,254,8,6,4,1,7,14,2,2,1,0.0,255.10174235075297,25.510174235075297
left_hip,255,5,8,3,3,4,15,3,2,1,0.0,256.75891722311934,25.675891722311935
right_hip,255,7,8,1,2,5,16,3,0,2,0.0,255.78957420775436,25.578957420775435
left_knee,256,4,8,2,3,4,15,6,0,1,0.0,258.0231079977061,25.802310799770613
right_knee,255,7,8,2,0,3,14,7,2,1,0.0,256.0251476540068,25.602514765400677
