Joints,0,1,2,3,4,5,6,7,8,9,Min,Max,Step
left_shoulder,261,4,10,1,2,2,8,9,1,1,0.0,256.90163143387014,25.690163143387014
right_shoulder,261,8,7,0,1,2,9,7,3,1,0.0,254.9236207084204,25.49236207084204
left_elbow,259,6,7,4,3,5,5,9,0,1,0.0,258.73194417623114,25.873194417623115
right_elbow,261,7,6,2,1,2,10,5,4,1,0.0,255.03474536113083,25.50347453611308
left_hip,262,3,7,4,2,4,9,5,2,1,0.0,256.724262001486,25.6724262001486
right_hip,262,6,7,1,1,4,8,8,0,2,0.0,256.7407538058807,25.674075380588068
left_knee,262,3,7,3,2,5,11,5,0,1,0.0,258.0288445309572,25.80288445309572
right_knee,262,7,6,1,1,2,11,8,0,1,0.0,256.0122582155835,25.601225821558348
