Joints,0,1,2,3,4,5,6,7,8,9,Min,Max,Step
left_shoulder,265,2,14,2,2,2,4,4,2,2,0.0,256.93303924989755,25.693303924989756
right_shoulder,265,7,9,3,0,2,5,4,2,2,0.0,255.04548295430754,25.504548295430755
left_elbow,265,4,7,6,3,2,2,6,3,1,0.0,258.7575470665298,25.87575470665298
right_elbow,266,6,7,5,0,1,6,2,4,2,0.0,255.17579447786025,25.517579447786026
left_hip,265,5,7,6,2,2,3,4,1,4,0.0,256.8086686696596,25.68086686696596
right_hip,265,7,8,3,1,2,5,3,2,3,0.0,258.06461007918756,25.806461007918756
left_knee,265,4,9,5,1,3,4,6,1,1,0.0,258.07167531735166,25.807167531735168
right_knee,265,7,9,3,0,1,7,6,0,1,0.0,256.08811777389997,25.608811777389995
