Joints,0,1,2,3,4,5,6,7,8,9,Min,Max,Step
left_shoulder,16,17,22,13,7,6,3,6,1,3,1.2634696163675251e-05,133.84600359737888,13.384599096268271
right_shoulder,15,13,27,6,7,12,2,3,4,5,0.7629057836809375,143.09976778655192,14.2336862002871
left_elbow,3,9,5,11,12,8,17,7,8,14,0.0,175.6597684111351,17.56597684111351
right_elbow,2,4,11,11,27,14,8,7,2,8,10.341985239180012,177.59867157142583,16.72566863322458
left_hip,1,9,12,11,23,4,13,7,8,6,13.374949113914814,180.0,16.66250508860852
right_hip,6,2,12,16,9,26,8,6,5,4,2.6358981133849984,180.0,17.7364101886615
left_knee,6,1,6,7,7,9,4,5,14,35,0.0,180.0,18.0
right_knee,6,4,7,5,3,7,11,12,14,25,4.972718427779257,179.21006512098447,17.42373466932052
