Joints,0,1,2,3,4,5,6,7,8,9,Min,Max,Step
left_shoulder,52,5,2,4,7,12,6,1,3,1,0.1838706400249096,204.54634252393444,20.436247188390954
right_shoulder,52,3,4,9,7,8,6,0,3,1,0.22444543103108192,208.69882475786918,20.84743793268381
left_elbow,51,6,8,3,5,13,5,1,0,1,0.4512770172114063,207.66271366942902,20.721143665221764
right_elbow,47,8,8,6,9,9,2,0,2,2,0.07627474772201634,210.4520296608389,21.03757549131169
left_hip,54,3,2,19,5,1,5,3,0,1,0.2312999433042021,219.60434260903241,21.93730426657282
right_hip,52,4,7,10,11,2,2,4,0,1,0.2430691380575258,206.190048618462,20.594697948040444
left_knee,50,7,2,1,13,14,4,0,1,1,0.23239061652282714,224.4520222145237,22.42196315980009
right_knee,51,5,3,4,10,9,7,0,3,1,0.05598176516471885,206.05288870306785,20.599690693790315
