Joints,0,1,2,3,4,5,6,7,8,9,Min,Max,Step
left_shoulder,2,1,2,0,141,4,4,0,2,1,-47.71840002132592,47.8789297893009,9.55973298106268
right_shoulder,1,0,1,0,7,143,3,0,0,2,-22.46108050983154,21.126129160654095,4.358720967048562
left_elbow,3,3,0,1,143,1,2,1,2,1,-110.73813627029499,140.00296808291293,25.07411043532079
right_elbow,1,1,1,4,140,5,1,3,0,1,-87.41352893528534,103.97077070000526,19.138429963529063
left_hip,2,0,5,2,142,3,1,1,0,1,-89.21784277063797,126.2312661483735,21.544910891901154
right_hip,1,1,0,3,144,6,1,0,0,1,-146.19756224320062,159.39284677130507,30.559040901450572
left_knee,1,1,2,2,144,2,2,0,1,2,-72.66648003518586,82.24410997305742,15.491059000824329
right_knee,1,0,2,2,2,144,0,1,4,1,-180.0,143.74849803905624,32.37484980390562
