Joints,0,1,2,3,4,5,6,7,8,9,Min,Max,Step
left_shoulder,1,0,0,0,7,146,2,0,0,1,-142.82464900186238,131.7625828381405,27.45872318400029
right_shoulder,1,0,1,0,2,144,5,1,0,3,-20.33004743012152,14.61120223734976,3.4941249667471297
left_elbow,1,0,2,2,1,147,0,3,0,1,-164.75006473750798,130.94765819292428,29.56977229304323
right_elbow,4,148,3,0,1,0,0,0,0,1,-24.532263336811532,119.68235392840307,14.42146172652146
left_hip,3,145,5,2,1,0,0,0,0,1,-19.078691455656408,89.92432215078388,10.900301360644029
right_hip,1,0,146,7,2,0,0,0,0,1,-41.8562072367051,97.88965769636141,13.974586493306653
left_knee,1,0,0,1,0,2,145,6,1,1,-119.8327868856129,60.220066255720795,18.005285314133374
right_knee,1,1,0,1,6,144,3,0,0,1,-86.90196018559219,78.44365859311674,16.5345618778709
