Joints,0,1,2,3,4,5,6,7,8,9,Min,Max,Step
left_shoulder,1,0,1,3,143,5,2,1,0,1,-141.59974049757682,147.05844269720146,28.865818319477825
right_shoulder,1,0,0,2,7,141,4,1,0,1,-105.52727810065198,94.51131789831976,20.00385959989717
left_elbow,1,0,7,1,135,8,1,1,0,3,-157.11735609904082,162.5378159197354,31.965517201877617
right_elbow,1,1,1,0,2,5,138,2,4,3,-156.32940103878641,88.7381929410581,24.50675939798444
left_hip,1,1,4,2,4,137,1,4,1,2,-138.6601784213087,136.80223462501598,27.546241304632474
right_hip,1,1,3,3,1,135,6,2,4,1,-136.94452551855477,118.57651363160109,25.55210391501558
left_knee,1,1,1,1,2,139,6,2,1,3,-163.52605846107127,117.08707198442718,28.06131304454985
right_knee,1,3,1,5,133,5,5,1,1,2,-156.32937712497292,167.15479614866624,32.34841732736392
