Joints,0,1,2,3,4,5,6,7,8,9,Min,Max,Step
left_shoulder,1,0,2,4,145,3,1,0,0,1,-126.1426634626216,149.58923220659892,27.573189566922053
right_shoulder,3,0,0,1,142,6,2,1,1,1,-50.52417234523219,55.273239647677954,10.579741199291014
left_elbow,1,2,0,3,147,0,3,0,0,1,-125.089400662734,156.64849445191547,28.173789511464946
right_elbow,2,1,1,1,4,143,1,1,1,2,-110.37405939362912,108.6971704103002,21.907122980392927
left_hip,2,1,2,4,143,2,0,2,0,1,-114.9870353599862,160.78685369182355,27.577388905180968
right_hip,1,2,0,0,3,142,5,3,0,1,-140.10314484286738,96.52224040773092,23.66253852505983
left_knee,1,0,1,0,1,4,144,2,3,1,-158.76931537082544,97.56539993564304,25.633471530646858
right_knee,3,2,1,144,4,1,0,0,0,2,-75.05217897285183,138.36118925384878,21.34133682267006
