Joints,0,1,2,3,4,5,6,7,8,9,Min,Max,Step
left_shoulder,2,0,0,1,145,6,1,0,1,1,-138.87923085974788,148.84316142920534,28.772239228895316
right_shoulder,1,0,0,5,146,4,0,0,0,1,-131.70959700235085,160.9466141717398,29.26562111740907
left_elbow,2,2,2,1,137,5,4,3,0,1,-104.43870291753845,110.33664561036785,21.477534852790626
right_elbow,2,0,1,1,4,143,3,1,0,2,-143.04842233816981,128.6589267288372,27.1707349067007
left_hip,1,2,2,4,141,2,2,0,2,1,-130.2265343690907,154.61896795516847,28.484550232425917
right_hip,1,0,1,5,142,6,1,0,0,1,-96.3989289396418,120.50156716565212,21.690049610529385
left_knee,1,0,0,1,2,1,7,137,5,3,-178.63811795794834,69.99597314134581,24.86340910992942
right_knee,1,4,2,1,140,4,1,2,0,2,-139.11962009540147,160.77122831964581,29.989084841504734
