Joints,0,1,2,3,4,5,6,7,8,9,Min,Max,Step
left_shoulder,1,0,0,0,1,148,4,2,0,1,-143.03188552108475,109.12160921193028,25.2153494733015
right_shoulder,1,1,0,2,7,143,1,1,0,1,-29.26730174891394,28.79509490300232,5.806239665191626
left_elbow,3,3,0,1,142,1,2,2,1,2,-141.73846223962312,151.83997137679228,29.357843361641542
right_elbow,1,0,3,5,141,5,0,1,0,1,-108.66530905472159,147.16338625331872,25.582869530804032
left_hip,1,1,2,143,9,0,0,0,0,1,-94.97059183567757,152.0843513983352,24.70549432340127
right_hip,1,0,0,3,4,138,8,1,1,1,-106.27601775308014,74.03862360563606,18.031464135871616
left_knee,1,0,1,0,2,3,142,5,1,2,-138.75395703634376,86.76651858977034,22.552047562611406
right_knee,1,2,0,1,0,141,6,1,4,1,-140.4828031706706,100.91833399606291,24.140113716673355
