Joints,0,1,2,3,4,5,6,7,8,9,Min,Max,Step
left_shoulder,1,0,3,2,138,8,3,1,0,1,-81.94750298164178,84.86574440089699,16.681324738253878
right_shoulder,1,0,0,3,3,147,2,0,0,1,-142.9919393012651,135.81631530931628,27.880825461058137
left_elbow,1,1,4,2,7,136,1,1,1,3,-159.90815854786112,155.25468149940355,31.516284004726458
right_elbow,2,0,0,2,10,138,2,2,0,1,-152.69501667381058,150.55283221013494,30.324784888394547
left_hip,1,1,0,0,2,6,140,3,2,2,-156.94896235040943,104.00938947656591,26.095835182697527
right_hip,1,0,0,3,143,8,1,0,0,1,-139.53792252875198,142.2232241188317,28.176114664758373
left_knee,1,1,0,0,0,10,138,3,2,2,-178.63659892824685,109.52958036584029,28.81661792940872
right_knee,3,3,0,6,136,4,1,3,0,1,-116.59258702603692,153.56622597956468,27.015881300560167
