Joints,0,1,2,3,4,5,6,7,8,9,Min,Max,Step
left_shoulder,26,90,7,5,0,0,0,0,22,7,0.0,169.16607291000759,16.91660729100076
right_shoulder,25,55,59,0,0,0,0,0,0,18,0.0,165.96546997114598,16.596546997114597
left_elbow,96,7,4,18,2,0,26,2,0,2,0.0,141.33551391964468,14.133551391964469
right_elbow,11,74,0,0,6,23,10,2,28,3,0.0,173.85564193973897,17.3855641939739
left_hip,14,18,22,5,56,3,0,28,5,6,0.0,179.18083962419658,17.918083962419658
right_hip,18,5,2,24,27,19,60,1,0,1,0.0,160.47962863887966,16.047962863887967
left_knee,22,1,31,60,30,1,7,2,0,3,0.0,178.63811795794834,17.863811795794835
right_knee,30,1,18,33,59,11,0,0,1,4,0.0,176.824936626908,17.6824936626908
