Joints,0,1,2,3,4,5,6,7,8,9,Min,Max,Step
left_shoulder,14,92,26,5,1,13,1,0,0,5,0.0,169.16577674942954,16.916577674942953
right_shoulder,46,10,85,1,13,0,0,0,0,2,0.0,107.06571314130487,10.706571314130487
left_elbow,83,25,3,1,0,16,1,14,0,14,0.0,178.64504108625022,17.86450410862502
right_elbow,7,0,2,2,73,5,19,32,0,17,0.0,171.32857911019542,17.132857911019542
left_hip,8,0,1,2,3,5,21,23,86,8,0.0,172.37189578451728,17.237189578451726
right_hip,12,36,1,4,72,11,2,14,2,3,0.0,141.22708826332226,14.122708826332225
left_knee,3,1,81,7,7,25,7,0,10,16,0.0,176.36044320801304,17.636044320801304
right_knee,3,2,33,2,74,5,5,15,0,18,0.0,174.5082487202177,17.45082487202177
