Joints,0,1,2,3,4,5,6,7,8,9,Min,Max,Step
left_shoulder,2,118,16,15,0,0,0,0,0,6,0.0,169.16782771489218,16.916782771489217
right_shoulder,7,34,3,0,109,1,1,0,0,2,0.0,33.181884200324724,3.3181884200324725
left_elbow,101,11,4,0,1,0,14,0,1,25,0.0,175.90019859096512,17.59001985909651
right_elbow,7,0,0,11,2,9,0,12,0,116,0.0,156.93669797803076,15.693669797803077
left_hip,7,1,2,1,24,0,2,14,101,5,0.0,180.0,18.0
right_hip,11,3,2,2,6,93,2,12,0,26,0.0,110.51886139091036,11.051886139091035
left_knee,3,0,0,100,7,13,1,6,24,3,0.0,168.99671245548177,16.899671245548177
right_knee,1,1,11,3,97,7,0,0,2,35,0.0,180.0,18.0
