Joints,0,1,2,3,4,5,6,7,8,9,Min,Max,Step
left_shoulder,4,115,27,9,0,0,0,0,0,2,0.0,178.01748373614018,17.801748373614018
right_shoulder,23,7,5,0,43,65,4,9,0,1,0.0,48.50782388757226,4.850782388757226
left_elbow,73,35,20,3,0,2,3,9,9,3,0.0,164.4008833911285,16.44008833911285
right_elbow,4,1,0,8,63,9,13,25,0,34,0.0,166.174590525994,16.6174590525994
left_hip,4,0,4,0,1,61,2,8,67,10,0.0,180.0,18.0
right_hip,87,9,4,4,41,1,7,2,0,2,0.0,166.42803626603262,16.64280362660326
left_knee,3,1,41,27,7,63,5,4,5,1,0.0,180.0,18.0
right_knee,36,0,0,4,74,32,0,1,2,8,0.0,178.1049657880457,17.810496578804567
