Joints,0,1,2,3,4,5,6,7,8,9,Min,Max,Step
left_shoulder,4,28,12,5,0,0,0,0,0,108,0.0,173.15360183914777,17.315360183914777
right_shoulder,26,10,7,108,0,1,1,0,0,4,0.0,32.88514788085725,3.288514788085725
left_elbow,114,11,2,0,24,1,0,2,1,2,0.0,180.0,18.0
right_elbow,110,0,1,1,0,0,7,1,5,32,0.0,123.04762932456156,12.304762932456155
left_hip,110,0,0,0,1,0,0,25,7,14,0.0,175.60180046903884,17.560180046903884
right_hip,114,25,1,8,3,2,0,1,1,2,0.0,117.08928608839376,11.708928608839376
left_knee,2,0,1,5,14,26,108,0,0,1,0.0,178.41591860164417,17.841591860164417
right_knee,2,0,0,3,27,111,0,0,1,13,0.0,179.65883719111324,17.965883719111325
