Joints,0,1,2,3,4,5,6,7,8,9,Min,Max,Step
left_shoulder,152,1,0,0,0,0,1,1,0,1,0.0,165.97443833624246,16.597443833624247
right_shoulder,152,1,0,0,0,1,1,0,0,1,0.0,130.30914258632814,13.030914258632814
left_elbow,149,3,1,0,0,1,0,1,0,1,0.0,211.81213982409926,21.181213982409925
right_elbow,153,0,1,1,0,0,0,0,0,1,0.0,166.84934593773838,16.68493459377384
left_hip,149,4,0,0,0,2,0,0,0,1,0.0,205.896271360818,20.5896271360818
right_hip,150,3,0,0,2,0,0,0,0,1,0.0,193.2122657922432,19.32122657922432
left_knee,149,2,1,1,0,0,1,1,0,1,0.0,222.60490906808985,22.260490906808986
right_knee,146,3,4,0,1,1,0,0,0,1,0.0,228.9232356545123,22.89232356545123
