Joints,0,1,2,3,4,5,6,7,8,9,Min,Max,Step
left_shoulder,144,2,1,2,1,0,2,3,0,1,0.0,164.56851922684285,16.456851922684287
right_shoulder,146,2,0,1,1,3,0,0,0,3,0.0,127.97938797771887,12.797938797771888
left_elbow,139,8,0,1,2,0,4,1,0,1,0.0,210.0037195523069,21.00037195523069
right_elbow,148,1,0,0,2,4,0,0,0,1,0.0,166.18866340131467,16.61886634013147
left_hip,139,7,2,0,1,0,5,1,0,1,0.0,204.8054796720508,20.48054796720508
right_hip,141,5,2,0,1,2,3,1,0,1,0.0,193.1825072510142,19.318250725101418
left_knee,141,2,2,2,1,1,3,2,1,1,0.0,238.36968198708283,23.836968198708284
right_knee,140,5,3,1,3,2,1,0,0,1,0.0,229.5828842765275,22.95828842765275
