Joints,0,1,2,3,4,5,6,7,8,9,Min,Max,Step
left_shoulder,147,1,1,0,0,6,0,0,0,1,0.0,151.92792850610826,15.192792850610825
right_shoulder,147,1,3,0,0,0,2,2,0,1,0.0,134.33283713356138,13.433283713356138
left_elbow,142,6,1,1,1,2,1,1,0,1,0.0,214.1054503202574,21.41054503202574
right_elbow,146,3,2,0,0,3,1,0,0,1,0.0,186.76786452675654,18.676786452675653
left_hip,144,2,2,2,0,3,1,1,0,1,0.0,206.01182207334358,20.601182207334357
right_hip,144,3,1,3,1,1,1,1,0,1,0.0,196.43307248754382,19.643307248754382
left_knee,144,3,2,1,1,2,0,2,0,1,0.0,222.7263609207013,22.27263609207013
right_knee,143,2,5,1,2,2,0,0,0,1,0.0,222.92763002183997,22.292763002183996
