Joints,0,1,2,3,4,5,6,7,8,9,Min,Max,Step
left_shoulder,149,0,2,0,0,1,1,1,1,1,0.0,150.1381971996312,15.01381971996312
right_shoulder,150,1,0,0,1,1,1,0,1,1,0.0,132.26633556905358,13.226633556905359
left_elbow,144,4,2,1,1,1,1,0,0,2,0.0,208.68236976637226,20.868236976637228
right_elbow,150,1,0,0,2,1,1,0,0,1,0.0,165.4485919963544,16.54485919963544
left_hip,145,3,3,1,2,0,0,0,1,1,0.0,209.482420729664,20.9482420729664
right_hip,145,4,3,1,1,0,0,1,0,1,0.0,201.69711779073467,20.169711779073467
left_knee,144,7,0,2,0,0,1,1,0,1,0.0,243.5850207129212,24.35850207129212
right_knee,143,8,1,0,3,0,0,0,0,1,0.0,251.62630508145912,25.162630508145913
