Joints,0,1,2,3,4,5,6,7,8,9,Min,Max,Step
left_shoulder,144,1,1,1,1,0,5,2,0,1,0.0,169.46732682955914,16.946732682955915
right_shoulder,144,1,2,1,3,0,1,1,2,1,0.0,141.36621846587454,14.136621846587454
left_elbow,143,1,1,1,1,1,5,1,1,1,0.0,212.93865182243312,21.293865182243312
right_elbow,143,3,1,1,1,5,1,0,0,1,0.0,185.86144274232723,18.586144274232723
left_hip,143,1,1,1,1,2,5,1,0,1,0.0,202.74114112156585,20.274114112156585
right_hip,144,1,2,1,0,2,2,3,0,1,0.0,194.27710612526192,19.42771061252619
left_knee,143,1,2,1,1,0,3,1,3,1,0.0,221.55762924313683,22.155762924313684
right_knee,139,5,2,2,0,3,0,3,1,1,0.0,221.7475489976097,22.17475489976097
