Joints,0,1,2,3,4,5,6,7,8,9,Min,Max,Step
left_shoulder,147,3,0,0,0,1,3,1,0,1,0.0,166.2110824490126,16.621108244901258
right_shoulder,146,3,3,0,0,1,1,0,0,2,0.0,122.88343420623113,12.288343420623113
left_elbow,142,7,1,2,0,0,2,0,0,2,0.0,210.12879076397175,21.012879076397176
right_elbow,148,2,2,0,2,1,0,0,0,1,0.0,167.4801470797038,16.74801470797038
left_hip,141,2,5,1,2,1,1,1,1,1,0.0,204.8143703625429,20.481437036254288
right_hip,142,2,6,1,1,1,1,1,0,1,0.0,190.2635125411321,19.02635125411321
left_knee,140,4,5,3,0,1,0,1,0,2,0.0,222.30912477298546,22.230912477298546
right_knee,139,8,5,1,0,1,1,0,0,1,0.0,222.62464232991408,22.26246423299141
