Joints,0,1,2,3,4,5,6,7,8,9,Min,Max,Step
left_shoulder,140,2,3,0,1,4,3,1,1,1,0.0,165.55677577078941,16.555677577078942
right_shoulder,139,3,1,1,1,0,3,4,3,1,0.0,127.21341176136814,12.721341176136814
left_elbow,139,3,1,1,2,3,2,3,1,1,0.0,211.92295132539277,21.19229513253928
right_elbow,138,6,0,2,0,2,5,2,0,1,0.0,167.6070380673095,16.76070380673095
left_hip,136,4,6,0,1,2,4,2,0,1,0.0,204.06725973086327,20.406725973086328
right_hip,135,3,8,0,0,2,3,2,2,1,0.0,190.2976994812375,19.02976994812375
left_knee,136,3,4,1,1,2,5,3,0,1,0.0,223.70341094693538,22.370341094693536
right_knee,134,7,2,1,6,1,0,0,1,4,0.0,231.16919428207032,23.116919428207034
