Joints,0,1,2,3,4,5,6,7,8,9,Min,Max,Step
left_shoulder,113,28,11,0,1,0,1,1,0,1,0.0,51.935795033467514,5.193579503346752
right_shoulder,132,22,0,0,0,0,0,0,0,2,0.0,30.36469836615701,3.036469836615701
left_elbow,62,38,17,15,9,4,6,2,1,2,0.0,48.875082424951565,4.887508242495157
right_elbow,95,35,10,6,3,2,2,1,1,1,0.0,50.70048686951535,5.0700486869515355
left_hip,88,36,11,4,4,6,4,1,0,2,0.0,65.8105353300348,6.581053533003479
right_hip,108,18,9,4,10,2,4,0,0,1,0.0,94.21257356556818,9.421257356556819
left_knee,93,12,6,8,7,0,6,16,4,4,0.0,95.22179948729695,9.522179948729695
right_knee,79,12,7,21,11,11,4,4,4,3,0.0,102.39083775491791,10.23908377549179
