Joints,0,1,2,3,4,5,6,7,8,9,Min,Max,Step
left_shoulder,146,1,2,1,0,0,1,2,2,1,0.0,154.86391957901898,15.486391957901898
right_shoulder,145,4,1,0,1,0,2,1,1,1,0.0,131.80880921811348,13.180880921811347
left_elbow,138,7,5,1,1,0,0,0,3,1,0.0,215.26858498089916,21.526858498089915
right_elbow,147,1,2,1,1,3,0,0,0,1,0.0,167.50142782276663,16.75014278227666
left_hip,141,5,3,1,1,0,0,4,0,1,0.0,208.5215242418266,20.85215242418266
right_hip,142,3,5,0,1,0,3,1,0,1,0.0,204.03629949737163,20.403629949737162
left_knee,136,6,6,1,0,2,4,0,0,1,0.0,264.0511551364009,26.40511551364009
right_knee,136,4,7,3,2,1,2,0,0,1,0.0,222.3960237182719,22.23960237182719
