Joints,0,1,2,3,4,5,6,7,8,9,Min,Max,Step
left_shoulder,1,0,2,7,54,6,2,0,0,2,-45.005632465348796,52.3484250930721,9.735405755842088
right_shoulder,1,0,0,0,12,51,5,3,1,1,-52.47035250655156,42.64885174514959,9.511920425170118
left_elbow,2,0,2,9,38,14,5,2,0,2,-83.36303751476812,90.35092680640965,17.371396432117777
right_elbow,1,0,4,3,6,47,7,1,4,1,-145.9437887035489,128.61400158681022,27.45577902903591
left_hip,1,0,0,1,38,32,1,0,0,1,-87.01413581147467,88.25513734665125,17.526927315812586
right_hip,1,0,0,0,24,47,1,0,0,1,-108.48173968241,104.60357752305784,21.30853172054678
left_knee,2,0,0,2,9,44,13,2,1,1,-67.18692766264469,55.34469479122718,12.253162245387188
right_knee,1,0,2,1,29,37,2,1,0,1,-162.09471831400703,162.04256694209542,32.41372852561025
