Joints,0,1,2,3,4,5,6,7,8,9,Min,Max,Step
left_shoulder,2,6,24,36,3,1,1,0,0,1,-23.548426730635644,53.59290892537453,7.714133565601017
right_shoulder,1,0,0,0,10,54,4,3,1,1,-52.488118180961116,42.83969465563961,9.532781283660071
left_elbow,3,1,3,11,40,8,4,1,0,3,-75.66536714449944,88.49531218314527,16.41606793276447
right_elbow,1,0,0,2,3,6,49,7,3,3,-146.67329941444564,82.86879583512409,22.95420952495698
left_hip,1,0,3,7,13,40,6,1,0,3,-25.526708424063912,23.4517169428043,4.89784253668682
right_hip,1,2,3,20,40,2,3,2,0,1,-24.424365172963306,33.78052934701006,5.820489451997336
left_knee,1,2,0,0,19,48,1,1,1,1,-86.93456463547773,84.74902088334085,17.168358551881852
right_knee,1,1,1,1,7,57,3,0,2,1,-94.25810468654268,83.61933774397654,17.787744243051918
