Joints,0,1,2,3,4,5,6,7,8,9,Min,Max,Step
left_shoulder,1,6,14,47,3,2,0,0,0,1,-23.51839102540254,49.05930770040343,7.2577698725805995
right_shoulder,1,0,0,0,10,55,3,3,1,1,-54.41998548248991,44.458561631592865,9.887854711408274
left_elbow,2,0,2,9,34,19,4,2,0,2,-85.95226369256174,92.5598945360767,17.851215822863836
right_elbow,1,0,0,2,3,6,50,6,2,4,-148.51431689167504,83.80311701361711,23.231743390529218
left_hip,1,0,2,8,7,42,9,2,1,2,-23.092444017770628,20.57351426671033,4.366595828448094
right_hip,2,3,15,45,4,1,1,2,0,1,-17.39553381169715,33.72281657204111,5.111835038373826
left_knee,2,0,0,7,56,6,0,1,1,1,-67.2517540773422,84.75598481217524,15.200773888951744
right_knee,1,1,1,1,9,56,2,0,2,1,-94.24040972315258,84.6250642776416,17.886547400079408
