Joints,0,1,2,3,4,5,6,7,8,9,Min,Max,Step
left_shoulder,2,2,9,50,6,2,2,0,0,1,-29.125349165284504,52.36428474841361,8.148963391369811
right_shoulder,1,1,0,0,14,51,4,1,1,1,-68.22903566090443,62.49668417204815,13.072571983295255
left_elbow,2,1,2,6,36,17,6,2,0,2,-85.95452202792869,90.71075958232544,17.66652816102541
right_elbow,4,2,3,3,45,6,5,1,2,3,-75.2971972654117,83.82138708397875,15.911858434939049
left_hip,1,0,0,0,4,65,3,0,0,1,-101.59498017082777,83.42346131310376,18.50184414839316
right_hip,1,0,1,5,43,18,2,2,0,2,-36.387672946209314,37.61476242255756,7.400243536876687
left_knee,1,1,1,0,2,18,46,3,1,1,-86.93430243600767,56.28012208332846,14.321442451933606
right_knee,2,0,1,1,10,55,2,0,2,1,-94.25792467984228,85.00759991480567,17.926552459464787
