Joints,0,1,2,3,4,5,6,7,8,9,Min,Max,Step
left_shoulder,4,5,17,40,4,2,1,0,0,1,-23.659680001150274,52.368308252870506,7.602798825402079
right_shoulder,2,0,0,0,13,51,4,2,0,2,-55.59916318533226,50.12308965718113,10.572225284251338
left_elbow,1,3,1,3,18,36,7,2,1,2,-97.15219778476002,90.81617988110371,18.796837766586364
right_elbow,3,0,3,4,12,39,7,1,2,3,-89.38432427579168,83.1662377471289,17.255056202292067
left_hip,1,0,1,0,6,37,22,4,2,1,-43.50418244920642,30.490485432798792,7.39946678820052
right_hip,1,4,10,44,10,0,2,1,0,2,-18.87706540725964,32.48211429129556,5.1359179698555195
left_knee,3,0,1,8,51,6,1,1,2,1,-67.17472908371184,84.7570848744633,15.193181395817518
right_knee,1,1,1,1,8,57,2,0,2,1,-94.0830061000766,83.6588351351854,17.774184123526197
