Joints,0,1,2,3,4,5,6,7,8,9,Min,Max,Step
left_shoulder,1,4,21,42,3,1,1,0,0,1,-24.09155912045853,52.352980619051145,7.64445397395097
right_shoulder,1,0,0,0,10,55,3,3,1,1,-52.39288468299786,42.833262548035826,9.522614723103366
left_elbow,2,0,2,8,38,16,4,2,0,2,-83.38575303803026,89.94463638808857,17.33303894261188
right_elbow,1,0,0,2,2,6,51,7,2,3,-148.5538635525625,84.02662128089743,23.258048483345988
left_hip,1,0,3,6,7,38,13,3,1,2,-23.199020639632483,19.205222220340826,4.240424285997332
right_hip,2,3,13,42,9,1,1,2,0,1,-18.457246271345056,33.82483271729183,5.228207898863689
left_knee,1,2,0,1,18,47,2,1,1,1,-86.97086703935749,84.75494833566756,17.172581537502495
right_knee,1,1,2,1,11,52,2,0,3,1,-94.20819945869529,84.64578425459311,17.885398371328833
