Joints,0,1,2,3,4,5,6,7,8,9,Min,Max,Step
left_shoulder,2,7,15,44,2,1,2,0,0,1,-24.191668871629066,52.46524709557981,7.665691596720887
right_shoulder,1,1,0,0,11,53,3,2,2,1,-52.10790478264987,44.506433571853506,9.661433835450339
left_elbow,2,2,2,2,22,33,6,2,0,3,-94.85257206312555,91.55506185220925,18.640763391533483
right_elbow,4,1,3,4,43,8,5,2,1,3,-74.75936778941916,83.20658748783517,15.79659552772543
left_hip,1,3,5,9,40,13,1,0,1,1,-20.567620186638482,25.876261757783325,4.644388194442181
right_hip,1,1,1,25,35,6,2,2,0,1,-29.52398382316298,39.00326680384402,6.852725062700699
left_knee,3,0,0,7,54,6,0,1,2,1,-66.62783485885099,83.73924484509526,15.036707970394623
right_knee,2,1,1,3,52,11,0,2,0,2,-94.17442939367209,102.73196024760536,19.690638964127743
