Joints,0,1,2,3,4,5,6,7,8,9,Min,Max,Step
left_shoulder,11,16,7,13,7,8,4,3,2,3,2.588916396235448,78.28222307690274,7.56933066806673
right_shoulder,8,12,22,15,5,7,0,0,0,5,3.4499533310309154,79.71971554897392,7.626976221794301
left_elbow,3,5,10,3,4,4,13,10,7,15,66.17961363268543,179.63145616005954,11.345184252737411
right_elbow,3,0,0,4,15,10,12,2,13,15,25.161273106668855,175.4074333577723,15.024616025110344
left_hip,1,6,5,7,8,10,16,7,3,11,53.957019688906996,108.87490411080849,5.491788442190149
right_hip,5,5,5,15,18,14,7,2,0,3,66.74480669067017,126.95785120038117,6.021304450971101
left_knee,5,0,0,0,0,5,3,0,27,34,0.0,180.0,18.0
right_knee,3,0,0,4,2,2,11,10,18,24,34.774037194633664,177.5787816490316,14.280474445439793
