Joints,0,1,2,3,4,5,6,7,8,9,Min,Max,Step
left_shoulder,12,16,6,14,9,5,5,2,2,3,2.5893913650135256,79.95544761442537,7.736605624941184
right_shoulder,8,12,23,15,6,5,0,0,0,5,3.4480208264758136,81.51916042041096,7.807113959393513
left_elbow,3,6,9,3,4,3,13,9,10,14,66.18268592300971,179.6314074916269,11.344872156861712
right_elbow,3,0,2,4,17,7,12,3,15,11,25.145802877701225,179.80515011698608,15.465934723928488
left_hip,1,6,4,7,9,8,17,8,3,11,54.02444467994471,108.52817514481656,5.4503730464871865
right_hip,6,5,8,12,19,13,6,2,0,3,69.10399656048193,126.23132804018692,5.712733147970496
left_knee,5,0,0,0,0,4,3,0,26,36,0.0,180.0,18.0
right_knee,3,0,0,5,2,2,11,8,20,23,34.76359715526346,177.35950027855645,14.259590312329301
