Joints,0,1,2,3,4,5,6,7,8,9,Min,Max,Step
left_shoulder,12,17,6,13,6,8,3,4,2,3,2.623934142330913,78.2933821092697,7.566944796693878
right_shoulder,8,12,23,15,5,6,0,0,0,5,3.4486838194632483,79.90091837341363,7.645223455395037
left_elbow,3,6,11,3,4,3,15,6,9,14,68.51130516490072,179.63147588674522,11.112017072184457
right_elbow,3,0,0,6,18,10,11,3,13,10,25.16387099509501,179.18006845568524,15.401619746059026
left_hip,2,1,7,5,8,5,17,13,5,11,48.31240611749722,108.36599225695338,6.005358613945617
right_hip,6,7,12,23,15,6,2,0,2,1,69.10377006932168,137.4303462239499,6.832657615462821
left_knee,4,0,0,0,0,6,3,0,28,33,0.0,180.0,18.0
right_knee,3,0,0,5,2,2,11,9,19,23,34.76118787193171,177.60482123304038,14.284363336110872
