Joints,0,1,2,3,4,5,6,7,8,9,Min,Max,Step
left_shoulder,11,16,6,15,5,9,3,4,2,3,2.3202275255478138,77.9694408455134,7.56492133199656
right_shoulder,9,11,23,15,6,6,0,0,0,4,3.4504580890881034,81.36731484166474,7.791685675257662
left_elbow,4,11,5,3,3,4,15,6,10,13,71.25412298505296,179.99998795604057,10.874586497098761
right_elbow,3,0,0,6,16,12,11,4,12,10,25.17455826275963,179.80456231197476,15.463000404921512
left_hip,1,0,0,3,6,11,7,23,11,12,29.03689322641528,108.36232077798068,7.93254275515654
right_hip,6,6,15,18,18,6,2,0,2,1,69.10987754990141,137.4203389326677,6.831046138276633
left_knee,4,0,0,0,0,7,3,0,27,33,0.0,180.0,18.0
right_knee,3,0,0,6,2,2,11,9,17,24,34.76106954199999,177.58775104143947,14.282668149943945
