Joints,0,1,2,3,4,5,6,7,8,9,Min,Max,Step
left_shoulder,11,16,6,13,8,8,3,4,1,4,2.3428269324373128,77.39080671220884,7.5047979779771525
right_shoulder,8,12,24,14,6,5,0,0,0,5,3.5736538935605133,81.44036291270696,7.786670901914645
left_elbow,3,6,8,5,3,3,12,10,9,15,66.17700339507509,179.63148381914706,11.345448042407199
right_elbow,3,0,1,6,19,8,12,3,13,9,25.220496207539078,179.80438035788555,15.458388415034648
left_hip,1,4,6,7,9,9,17,8,3,10,54.042841637497006,108.45896845319281,5.4416126815695804
right_hip,6,6,6,12,18,14,7,2,0,3,69.09662742262772,126.27727398492443,5.7180646562296715
left_knee,5,0,0,0,0,4,3,0,25,37,0.0,180.0,18.0
right_knee,3,0,0,6,2,2,11,7,20,23,34.76285506445144,177.58043007984452,14.281757501539303
