Joints,0,1,2,3,4,5,6,7,8,9,Min,Max,Step
left_shoulder,12,16,7,13,7,8,3,3,2,3,2.625602935007459,78.90568280531588,7.628007987030841
right_shoulder,7,11,23,15,7,6,0,0,0,5,3.451140000077033,79.74856273245489,7.6297422732377855
left_elbow,3,6,10,2,5,3,16,6,7,16,68.52025084438746,179.9999827124013,11.14797318680138
right_elbow,4,0,0,5,18,9,11,2,15,10,24.21854413172734,179.80493552128578,15.558639138955847
left_hip,10,13,27,16,7,0,0,0,0,1,54.026986117852786,180.0,12.597301388214717
right_hip,1,0,0,0,0,7,23,33,7,3,0.0,129.28469014066255,12.928469014066255
left_knee,5,0,0,0,0,4,3,0,27,35,0.0,180.0,18.0
right_knee,1,1,2,0,5,2,2,14,19,28,0.0,176.8328305741129,17.68328305741129
