Joints,0,1,2,3,4,5,6,7,8,9,Min,Max,Step
left_shoulder,12,15,6,14,5,10,3,4,2,3,2.5913389668485487,78.30809506054254,7.571675609369398
right_shoulder,7,14,21,16,6,6,0,0,0,4,3.4510385585817587,79.79676204420517,7.63457234856234
left_elbow,3,5,10,3,3,3,12,11,9,15,68.33202216577645,178.96795505932377,11.063593289354728
right_elbow,3,0,2,3,16,11,11,2,15,11,25.164693311210552,179.1786638839817,15.401397057277112
left_hip,7,13,17,23,13,0,0,0,0,1,53.99042274216779,166.51304899279486,11.252262625062706
right_hip,1,0,4,7,9,20,22,6,2,3,47.707060673644705,127.38595356897792,7.967889289533325
left_knee,5,0,0,0,0,4,3,0,26,36,0.0,180.0,18.0
right_knee,3,0,0,5,2,2,11,9,17,25,34.770110023507016,177.6070241816781,14.28369141581711
