Joints,0,1,2,3,4,5,6,7,8,9,Min,Max,Step
left_shoulder,70,1,0,0,0,0,0,0,0,2,0.0465157496132237,127.14932216639096,12.710280641677773
right_shoulder,70,1,0,0,0,0,0,0,0,2,0.03319668707422288,159.9358822456356,15.990268555856137
left_elbow,65,4,0,2,0,0,0,0,0,2,0.045555223992861514,118.13865634699178,11.809310112299892
right_elbow,67,3,1,0,0,0,0,0,0,2,0.030591056104331268,159.4582493044548,15.942765824835046
left_hip,70,1,0,0,0,0,0,0,0,2,0.059097800239076424,140.1941469925163,14.013504919227723
right_hip,71,0,0,0,0,0,0,0,0,2,0.002840143948708993,156.36171280389465,15.635887265994594
left_knee,69,2,0,0,0,0,0,0,0,2,0.08108469396163771,178.59885975148416,17.851777505752253
right_knee,68,2,1,0,0,0,0,0,0,2,0.043276467941358004,177.54084471588885,17.74975682479475
