Joints,0,1,2,3,4,5,6,7,8,9,Min,Max,Step
left_shoulder,52,10,6,2,1,1,0,0,0,1,0.01884464310244416,23.558616939393808,2.3539772296291366
right_shoulder,57,7,2,4,0,2,0,0,0,1,0.01829840098314206,26.89099777993453,2.687269937895139
left_elbow,56,9,3,3,0,0,0,0,1,1,0.024025616314405314,44.79120686096589,4.476718124465149
right_elbow,52,12,4,1,2,0,1,0,0,1,0.01600623698833567,45.67570773262486,4.565970149563652
left_hip,51,11,6,3,1,0,0,0,0,1,0.02693539343721,23.326175494084158,2.329924010064695
right_hip,39,13,8,5,4,1,1,1,0,1,0.027435285761300717,14.459984154607561,1.443254886884626
left_knee,51,8,4,3,5,0,0,0,1,1,0.022502016773503046,30.907188993972213,3.088468697719871
right_knee,59,10,1,0,1,0,1,0,0,1,0.028521489167469362,38.67743829733968,3.864891680817221
