Joints,0,1,2,3,4,5,6,7,8,9,Min,Max,Step
left_shoulder,70,1,0,0,0,0,0,0,0,2,0.04529583355729331,156.00647851212577,15.596118267856847
right_shoulder,70,1,0,0,0,0,0,0,0,2,0.05343249333170428,153.41742090125086,15.336398840791915
left_elbow,67,1,3,0,0,0,0,0,0,2,0.032698570303365385,160.0215823050722,15.998888373476886
right_elbow,66,4,1,0,0,0,0,0,0,2,0.048266277784883335,152.70924524253343,15.266097896474855
left_hip,70,1,0,0,0,0,0,0,0,2,0.019801869737437014,172.48442323890495,17.24646213691675
right_hip,71,0,0,0,0,0,0,0,0,2,0.049831196331156506,171.83182585553828,17.178199465920713
left_knee,69,2,0,0,0,0,0,0,0,2,0.065712538021081,198.9342726847057,19.88685601466846
right_knee,69,2,0,0,0,0,0,0,0,2,0.012963650229267546,201.68815436935063,20.167519071912135
