Joints,0,1,2,3,4,5,6,7,8,9,Min,Max,Step
left_shoulder,54,7,7,2,1,1,0,0,0,1,0.032519783843837934,22.59942451937942,2.256690473553558
right_shoulder,55,9,1,5,0,1,1,0,0,1,0.03712990468993939,26.21300483890857,2.617587493421863
left_elbow,53,12,3,3,0,0,0,0,1,1,0.02430323240080572,44.87991472906523,4.4855611496664425
right_elbow,52,12,4,1,2,0,1,0,0,1,0.03932737313106184,45.66724224368861,4.5627914870557555
left_hip,49,13,7,2,1,0,0,0,0,1,0.04066026388174795,22.239758584672103,2.2199098320790354
right_hip,39,13,8,5,4,1,2,0,0,1,0.04069476418831573,14.899974184153715,1.4859279419965399
left_knee,53,8,3,3,4,0,0,0,1,1,0.04429525544386498,31.663892073449702,3.161959681800584
right_knee,58,10,2,0,1,0,1,0,0,1,0.043921594047021,38.096015741180494,3.8052094147133473
