Joints,0,1,2,3,4,5,6,7,8,9,Min,Max,Step
left_shoulder,55,6,7,2,1,1,0,0,0,1,0.029052158358016725,23.32501654953718,2.3295964391179167
right_shoulder,54,10,2,4,0,2,0,0,0,1,0.033658250617150554,26.47053870945158,2.643688045883443
left_elbow,51,11,4,3,0,0,1,0,2,1,0.07084339437954984,43.60773010617189,4.353688671179234
right_elbow,53,10,5,1,2,0,1,0,0,1,0.056542311221501364,45.0114952297201,4.49549529184986
left_hip,51,11,7,2,1,0,0,0,0,1,0.09915802413289206,23.3072420947473,2.320808407061441
right_hip,38,14,6,7,3,2,2,0,0,1,0.06919178450646901,14.880038063196773,1.4810846278690302
left_knee,51,10,2,3,5,0,0,0,1,1,0.035252640957726365,31.726287457427247,3.1691034816469523
right_knee,56,13,1,0,1,0,1,0,0,1,0.06291041625524901,38.407020732038006,3.834411031578276
