Joints,0,1,2,3,4,5,6,7,8,9,Min,Max,Step
left_shoulder,70,1,0,0,0,0,0,0,0,2,0.025364151321226942,128.39437148421968,12.836900733289847
right_shoulder,70,1,0,0,0,0,0,0,0,2,0.013446779183431576,182.26845266146344,18.225500588228
left_elbow,64,3,2,2,0,0,0,0,0,2,0.024875495499559214,118.8450578342405,11.882018233874096
right_elbow,69,1,1,0,0,0,0,0,0,2,0.037188496597593976,207.81694231247482,20.777975381587723
left_hip,70,1,0,0,0,0,0,0,0,2,0.024875139823118043,148.74909782038583,14.872422268056273
right_hip,71,0,0,0,0,0,0,0,0,2,0.02705587690263135,182.69647691264595,18.26694210357433
left_knee,69,2,0,0,0,0,0,0,0,2,0.028243359063938326,188.06440302905392,18.803615966998997
right_knee,69,2,0,0,0,0,0,0,0,2,0.13954122802944596,202.3582265859161,20.221868535788666
