Joints,0,1,2,3,4,5,6,7,8,9,Min,Max,Step
left_shoulder,70,1,0,0,0,0,0,0,0,2,0.030135413053192374,142.6992740312172,14.2669138618164
right_shoulder,70,1,0,0,0,0,0,0,0,2,0.05784366686195842,187.93868958073708,18.78808459138751
left_elbow,68,1,1,1,0,0,0,0,0,2,0.06522956533461458,138.44430590716442,13.83790763418298
right_elbow,68,2,1,0,0,0,0,0,0,2,0.04921850552573871,211.38281481176716,21.133359630624142
left_hip,70,1,0,0,0,0,0,0,0,2,0.03279890107870408,162.2298997342363,16.21971008331576
right_hip,71,0,0,0,0,0,0,0,0,2,0.02739072919239306,180.9027013938104,18.0875310664618
left_knee,69,2,0,0,0,0,0,0,0,2,0.0489181499278323,195.10014392008273,19.50512257701549
right_knee,69,2,0,0,0,0,0,0,0,2,0.059802114420751874,214.80427247674558,21.474447036232483
