Joints,0,1,2,3,4,5,6,7,8,9,Min,Max,Step
left_shoulder,52,10,5,3,1,1,0,0,0,1,0.056407052243093926,23.01279236624755,2.2956385314004453
right_shoulder,55,10,2,3,0,2,0,0,0,1,0.03619602190405658,25.944986050297498,2.590879002839344
left_elbow,53,11,5,2,0,0,0,0,1,1,0.058044196929609625,43.19754069437271,4.313949649744311
right_elbow,54,9,5,1,2,0,1,0,0,1,0.04411508298021972,45.55058036906675,4.550646528608653
left_hip,53,9,6,3,1,0,0,0,0,1,0.030073664229166564,22.92362260114916,2.289354893691999
right_hip,38,14,8,5,4,2,1,0,0,1,0.0309794756756994,15.251341708136403,1.5220362232460702
left_knee,52,9,4,2,4,0,0,0,1,1,0.00913207612115973,31.758959471782713,3.1749827395661554
right_knee,58,11,1,0,1,0,1,0,0,1,0.02203249201587841,38.2766053252824,3.8254572833266516
