Joints,0,1,2,3,4,5,6,7,8,9,Min,Max,Step
left_shoulder,1,0,1,6,32,45,12,4,1,1,-25.218859705127834,22.55975622967412,4.777861593480196
right_shoulder,1,2,7,16,55,15,5,1,0,1,-27.83170439548874,34.84286600944196,6.2674570404930705
left_elbow,2,1,0,0,22,69,6,1,0,2,-93.73224327129394,83.94405810675505,17.7676301378049
right_elbow,2,1,0,2,12,63,18,2,1,2,-122.2094123495698,95.34606443652409,21.75554767860939
left_hip,3,4,1,26,57,5,3,1,2,1,-66.02738558038314,90.26578571787987,15.629317129826305
right_hip,3,1,2,5,27,54,6,1,0,4,-59.334930292181,56.78731752837381,11.612224782055478
left_knee,1,2,1,7,67,19,4,1,0,1,-125.10268778956392,137.94252939092829,26.30452171804923
right_knee,1,0,2,3,13,73,9,0,1,1,-122.02143730350642,106.2955291596646,22.8316966463171
