Joints,0,1,2,3,4,5,6,7,8,9,Min,Max,Step
left_shoulder,1,0,0,14,58,19,8,2,0,1,-24.737167662641,27.40495213927736,5.214211980191834
right_shoulder,1,2,4,17,25,38,9,3,2,2,-23.412271322539077,24.477886136166696,4.789015745870579
left_elbow,1,0,1,0,0,0,4,54,39,4,-129.4504217219659,34.2657243719169,16.371614609388274
right_elbow,2,0,0,1,9,65,22,1,0,3,-122.34191699106731,94.2599474259026,21.660186441696993
left_hip,3,1,2,20,66,6,2,0,1,2,-79.44530342844592,105.73490849827394,18.518021192671988
right_hip,3,2,14,59,20,1,3,0,0,1,-53.74440124106601,96.34265751504464,15.008705875611064
left_knee,1,0,0,2,2,5,75,14,2,2,-169.24213734074885,85.34339611504048,25.458553345578935
right_knee,1,0,1,2,9,80,8,1,0,1,-121.19553077128089,105.4608933730747,22.665642414435553
