Joints,0,1,2,3,4,5,6,7,8,9,Min,Max,Step
left_shoulder,1,0,2,14,32,36,10,5,1,2,-19.64300649848035,19.148571751401,3.8791578249881358
right_shoulder,1,1,5,7,25,46,12,4,1,1,-27.733957016893548,25.803002970436843,5.353695998733038
left_elbow,1,1,0,2,65,30,3,0,0,1,-97.83686438455221,105.90372100299038,20.374058538754255
right_elbow,1,1,1,1,35,59,2,0,2,1,-101.76628410064508,95.60656414355722,19.73728482442023
left_hip,2,0,3,2,51,38,3,1,2,1,-119.95279416093013,122.05698925689155,24.20097834178216
right_hip,1,2,0,3,22,62,9,1,1,2,-80.69877487860649,69.89011371237048,15.058888859097692
left_knee,2,0,2,8,23,55,6,3,2,2,-83.77362729966771,77.28937493575111,16.10630022354188
right_knee,2,1,2,5,13,53,19,5,2,1,-65.28824134968093,54.34609630483389,11.963433765451484
