Joints,0,1,2,3,4,5,6,7,8,9,Min,Max,Step
left_shoulder,1,0,3,13,51,25,7,2,0,1,-21.706289848406644,24.270123256004236,4.597641310441087
right_shoulder,2,5,7,9,41,26,7,3,1,2,-23.0607236232036,25.995898656629674,4.905662227983328
left_elbow,1,0,0,0,3,11,52,29,4,3,-75.35753333281005,37.05185954741121,11.240939288022133
right_elbow,1,1,1,0,14,69,12,2,1,2,-123.40248816308413,99.05398641466404,22.24564745777481
left_hip,2,2,2,8,74,8,3,0,3,1,-102.9418767639958,121.55320274112269,22.449507950511844
right_hip,4,0,1,17,48,25,4,0,2,2,-50.44921955295768,58.15554834320465,10.860476789616236
left_knee,2,1,2,7,24,53,7,3,2,2,-83.79940355880161,77.27071539372129,16.107011895252285
right_knee,1,0,1,3,11,71,14,0,1,1,-102.99176133835222,85.73535204651637,18.872711338486866
