Joints,0,1,2,3,4,5,6,7,8,9,Min,Max,Step
left_shoulder,1,3,10,40,34,9,4,1,0,1,-17.146210499363324,25.528102356827727,4.2674312856191055
right_shoulder,2,0,5,18,35,32,5,4,1,1,-23.7285408066914,26.585470027226332,5.031401083391774
left_elbow,2,0,0,2,28,59,10,1,0,1,-80.72348487505491,73.39720991858566,15.41206947936405
right_elbow,1,1,0,1,9,64,23,1,1,2,-123.12935524984906,94.14696056315492,21.7276315813004
left_hip,1,2,2,5,26,57,6,0,3,1,-107.02663395250765,101.81404998278026,20.884068393528793
right_hip,1,2,2,5,32,52,4,3,1,1,-79.69094782856132,77.15608933490644,15.684703716346775
left_knee,1,0,2,2,28,62,6,1,0,1,-148.2073926660366,143.07024806229316,29.127764072832974
right_knee,1,0,2,3,68,27,1,0,0,1,-134.9523532495434,144.32373369237962,27.9276086941923
