Joints,0,1,2,3,4,5,6,7,8,9,Min,Max,Step
left_shoulder,4,5,6,32,40,6,3,2,3,2,0.9652146341873432,38.13281662668044,3.7167601992493102
right_shoulder,29,24,22,2,5,9,3,5,2,2,3.273417595388082e-05,52.402133169040525,5.240210043486457
left_elbow,2,5,5,0,2,1,5,26,36,21,69.42170541568404,180.0,11.057829458431598
right_elbow,5,0,0,3,0,1,4,26,32,32,48.202604287759215,179.63862370392388,13.143601941616467
left_hip,1,0,2,16,36,37,4,1,4,2,0.0,155.2505057773651,15.525050577736511
right_hip,9,7,5,3,3,46,29,0,0,1,13.68854227487746,152.11689244889274,13.84283501740153
left_knee,1,0,1,0,2,7,4,10,8,70,0.0,179.99999608751762,17.99999960875176
right_knee,1,0,0,0,8,5,13,14,26,36,6.308469179654268,178.86159194744636,17.255312276779208
