Joints,0,1,2,3,4,5,6,7,8,9,Min,Max,Step
left_shoulder,3,5,8,33,39,5,3,3,2,2,1.0446803690557518,38.38641100566407,3.7341730636608323
right_shoulder,29,20,17,9,4,7,6,5,2,4,1.2074182697257331e-06,48.09985276282029,4.809985155540202
left_elbow,2,5,4,1,2,2,6,16,34,31,72.31482162542923,176.70560372794966,10.439078210252049
right_elbow,5,0,2,1,0,1,5,26,26,37,45.150282793838464,179.33900707682824,13.418872428298975
left_hip,1,3,17,24,46,6,0,2,2,2,15.147544306413026,167.43836091667924,15.22908166102662
right_hip,10,3,8,2,5,47,27,0,0,1,13.452883450248745,149.58127238594,13.612838893569123
left_knee,6,3,4,2,3,7,4,7,28,39,89.83142989378372,180.0,9.01685701062162
right_knee,1,4,7,5,2,15,6,11,25,27,66.36158155337212,177.52835466308892,11.116677310971681
