Joints,0,1,2,3,4,5,6,7,8,9,Min,Max,Step
left_shoulder,4,5,9,41,31,6,1,3,2,1,1.0276435902020644,40.448269050378755,3.9420625460176693
right_shoulder,32,21,18,6,5,6,5,4,3,3,3.70974228336114e-05,49.44704543548914,4.94470083380663
left_elbow,3,5,5,1,1,2,9,21,37,19,73.17215584272608,180.0,10.682784415727397
right_elbow,5,0,1,0,2,1,5,20,33,36,45.093229404973705,179.33111754661198,13.423788814163828
left_hip,1,0,5,17,35,36,2,2,3,2,4.053231726362928,155.15928821060155,15.110605648423864
right_hip,11,5,6,6,29,44,1,0,0,1,13.474513428059742,169.6909478285613,15.621643440050155
left_knee,1,0,0,0,7,3,5,10,10,67,24.478075154512748,179.99996754536954,15.552189239085681
right_knee,1,0,0,4,8,6,16,5,29,34,27.63706465338059,177.57770395639955,14.994063930301891
