Joints,0,1,2,3,4,5,6,7,8,9,Min,Max,Step
left_shoulder,4,6,8,34,36,7,2,2,2,2,1.4915544928394695,38.40752305178633,3.6915968558946854
right_shoulder,31,23,17,4,4,10,4,4,3,3,3.2723039986232876e-05,49.24614216102538,4.924610943798539
left_elbow,2,4,6,2,2,1,4,22,37,23,65.37261917401175,180.0,11.462738082598818
right_elbow,5,1,0,1,1,2,4,24,30,35,45.10111211562615,179.3292992867525,13.422818717112634
left_hip,1,0,6,18,36,31,3,2,3,3,10.029473395212802,150.48605245835384,14.045657906314107
right_hip,9,5,4,6,1,20,46,11,0,1,13.471473188468538,139.69138335681086,12.621991016834235
left_knee,1,0,0,0,7,3,6,10,13,63,29.40310579578011,179.99999790869018,15.059689211291005
right_knee,1,0,0,0,7,6,10,17,30,32,4.902024532627777,178.5874100223184,17.368538548969063
