Joints,0,1,2,3,4,5,6,7,8,9,Min,Max,Step
left_shoulder,4,6,5,47,27,5,2,5,0,2,1.5056695854272106,40.09200598324818,3.858633639782096
right_shoulder,32,20,21,3,6,8,4,4,3,2,0.15039129720913325,51.97407973106811,5.182368843385898
left_elbow,1,0,0,0,5,7,2,5,32,51,0.0,176.68069172959366,17.668069172959367
right_elbow,5,0,0,3,0,1,3,26,26,39,44.97838473435564,179.4122045106608,13.443381977630516
left_hip,4,9,18,51,14,0,2,3,1,1,35.70461992401651,155.20241706066568,11.949779713664917
right_hip,12,6,5,1,56,21,0,1,0,1,13.518026678051353,180.0,16.648197332194865
left_knee,1,0,1,0,2,5,4,9,13,68,1.2074182697257331e-06,180.0,17.999999879258173
right_knee,1,0,0,0,8,6,14,11,28,35,5.794314967378409,180.0,17.42056850326216
