Joints,0,1,2,3,4,5,6,7,8,9,Min,Max,Step
left_shoulder,100,0,0,0,0,0,0,0,0,2,0.08500607842430583,76.36257584446186,7.627756976603756
right_shoulder,100,0,0,0,0,0,0,0,0,2,0.0834084798452979,106.64321661947433,10.655980813962902
left_elbow,99,1,0,0,0,0,0,0,0,2,0.06457994007353693,75.65753856930628,7.559295862923274
right_elbow,100,0,0,0,0,0,0,0,0,2,0.1898017274104063,108.25097580367212,10.806117407626171
left_hip,100,0,0,0,0,0,0,0,0,2,0.123435724900556,89.40522205398611,8.928178632908555
right_hip,100,0,0,0,0,0,0,0,0,2,0.03502428017955906,110.0980570809558,11.006303280077624
left_knee,89,5,6,0,0,0,0,0,0,2,0.0660957517444773,120.35373247760408,12.02876367258596
right_knee,95,5,0,0,0,0,0,0,0,2,0.2414609302779697,122.57592337254623,12.233446244226826
