Joints,0,1,2,3,4,5,6,7,8,9,Min,Max,Step
left_shoulder,101,0,0,0,0,0,0,0,0,1,0.10751572459504484,109.62619478837331,10.951867906377826
right_shoulder,101,0,0,0,0,0,0,0,0,1,0.12228409643617218,128.7870115414322,12.866472744499603
left_elbow,101,0,0,0,0,0,0,0,0,1,0.26946936992802256,109.3279023328149,10.905843296288689
right_elbow,101,0,0,0,0,0,0,0,0,1,0.2139265750108685,137.6017793020307,13.738785272701984
left_hip,101,0,0,0,0,0,0,0,0,1,0.1875581739563074,127.35443102993305,12.716687285597676
right_hip,101,0,0,0,0,0,0,0,0,1,0.19582342866477115,132.35755594359267,13.21617325149279
left_knee,91,5,5,0,0,0,0,0,0,1,0.19794194794368566,126.25475596308463,12.605681401514094
right_knee,96,3,0,0,2,0,0,0,0,1,0.2182528428112008,141.6011671634403,14.138291432062909
