Joints,0,1,2,3,4,5,6,7,8,9,Min,Max,Step
left_shoulder,19,35,24,12,4,4,0,3,0,1,0.054767038308224436,5.010347834900852,0.49555807965926285
right_shoulder,24,30,20,14,5,2,2,2,0,3,0.06367023202979194,5.966596535665077,0.5902926303635285
left_elbow,29,28,23,9,6,1,1,1,3,1,0.10198120090521194,8.348970263111111,0.8246989062205898
right_elbow,35,31,17,6,4,2,3,2,1,1,0.1149579486756522,10.454608457397388,1.0339650508721736
left_hip,29,38,12,12,2,4,2,2,0,1,0.05731233062492915,7.426000219394077,0.7368687888769149
right_hip,30,34,19,8,4,3,1,1,1,1,0.050627404324369484,8.753164646178684,0.8702537241854313
left_knee,70,11,5,4,2,3,1,1,0,5,0.06862680881416783,30.99674332128644,3.092811651247227
right_knee,91,4,5,0,0,0,0,0,0,2,0.17649266670682587,61.99204061425811,6.181554794755128
