Joints,0,1,2,3,4,5,6,7,8,9,Min,Max,Step
left_shoulder,100,0,0,0,0,0,0,0,0,2,0.060598192079317235,72.40307980106752,7.2342481608988205
right_shoulder,100,0,0,0,0,0,0,0,0,2,0.08865982696684918,119.65759204094908,11.956893221398223
left_elbow,100,0,0,0,0,0,0,0,0,2,0.035157935446497986,81.80984683955117,8.177468890410468
right_elbow,100,0,0,0,0,0,0,0,0,2,0.07612798263717277,120.87342706456785,12.079729908193068
left_hip,100,0,0,0,0,0,0,0,0,2,0.08800502987097376,98.98265010596029,9.889464507608931
right_hip,100,0,0,0,0,0,0,0,0,2,0.17007780319922886,114.12724080521008,11.395716300201084
left_knee,82,11,1,5,1,0,0,0,0,2,0.09059605161791667,80.90893316309932,8.081833711148139
right_knee,91,6,3,0,0,0,0,0,0,2,0.1406847417941604,79.84643482485866,7.970575008306449
