Joints,0,1,2,3,4,5,6,7,8,9,Min,Max,Step
left_shoulder,100,0,0,0,0,0,0,0,0,2,0.05634717984469183,87.81066905546416,8.775432187561947
right_shoulder,100,0,0,0,0,0,0,0,0,2,0.059864667814946024,117.79492011792928,11.773505545011433
left_elbow,99,1,0,0,0,0,0,0,0,2,0.24423320016452715,76.13225754640345,7.588802434623892
right_elbow,99,1,0,0,0,0,0,0,0,2,0.2391234258894613,94.75899715192884,9.451987372603938
left_hip,100,0,0,0,0,0,0,0,0,2,0.07950118639866431,88.1539396445972,8.807443845819854
right_hip,100,0,0,0,0,0,0,0,0,2,0.04895794122250177,122.35362293667947,12.230466499545697
left_knee,92,3,5,0,0,0,0,0,0,2,0.2971487427253016,128.30539720513985,12.800824846241454
right_knee,93,5,0,0,1,1,0,0,0,2,0.2350520512431484,120.67300723598144,12.04379551847383
