Joints,0,1,2,3,4,5,6,7,8,9,Min,Max,Step
left_shoulder,100,0,0,0,0,0,0,0,0,2,0.09340649746316143,75.60804047598256,7.55146339785194
right_shoulder,100,0,0,0,0,0,0,0,0,2,0.10712896206210132,119.34752069055094,11.924039172848882
left_elbow,96,4,0,0,0,0,0,0,0,2,0.179739509835201,70.10830433570932,6.9928564825874115
right_elbow,100,0,0,0,0,0,0,0,0,2,0.15175345745520846,120.25087622407177,12.009912276661655
left_hip,100,0,0,0,0,0,0,0,0,2,0.0975059891066372,88.51676018446742,8.841925419536079
right_hip,100,0,0,0,0,0,0,0,0,2,0.1598913492311519,107.20027632892638,10.704038497969524
left_knee,83,9,2,6,0,0,0,0,0,2,0.06042735739816332,80.96936335693832,8.090893599954015
right_knee,95,5,0,0,0,0,0,0,0,2,0.0960312589731656,123.72141902221443,12.362538776324126
