Joints,0,1,2,3,4,5,6,7,8,9,Min,Max,Step
left_shoulder,20,18,30,19,6,3,1,1,2,2,0.06692993487166217,4.499336489003273,0.4432406554131611
right_shoulder,48,32,11,4,3,2,0,1,0,1,0.0744374231656196,9.97886676293319,0.990442933976757
left_elbow,36,30,16,9,5,1,2,0,2,1,0.08932926883043585,9.308092077140358,0.9218762808309922
right_elbow,36,26,15,9,7,0,3,2,1,3,0.07472949375967987,9.704995561462006,0.9630266067702327
left_hip,43,31,15,4,3,3,2,0,0,1,0.04418152005554506,8.718399965284574,0.8674218445229028
right_hip,42,33,11,7,4,1,1,1,1,1,0.12017539501980586,9.346269953279554,0.922609455825975
left_knee,72,12,3,4,2,3,0,1,0,5,0.057318582960415365,31.024479155019044,3.096716057205863
right_knee,60,22,12,2,3,0,0,0,0,3,0.06942126068001835,17.728065025790347,1.7658643765110327
