Joints,0,1,2,3,4,5,6,7,8,9,Min,Max,Step
left_shoulder,1,0,2,2,13,36,55,26,6,1,-16.854985534128872,10.231632112445807,2.7086617646574673
right_shoulder,1,0,4,11,96,25,0,1,0,4,-123.38599655015813,134.07721737545256,25.74632139256107
left_elbow,2,1,5,9,25,45,33,14,7,1,-17.908638008540866,14.388073887624016,3.2296711896164876
right_elbow,2,2,2,4,76,47,3,1,3,2,-163.68190365906025,166.75390499306815,33.043580865212846
left_hip,1,1,3,12,31,39,22,18,9,6,-8.552423924813906,6.245086913045256,1.4797510837859162
right_hip,2,6,13,24,35,30,20,8,3,1,-7.1157625292285624,7.912138628900507,1.502790115812907
left_knee,2,0,2,1,4,129,0,2,0,2,-158.69247017527442,152.22975589407793,31.092222606935238
right_knee,3,0,9,1,7,109,1,9,0,3,-163.70441684855146,158.0224358221764,32.17268526707278
