Joints,0,1,2,3,4,5,6,7,8,9,Min,Max,Step
left_shoulder,1,0,2,1,6,10,42,55,20,5,-17.43510789860407,7.490758202264884,2.492586610086896
right_shoulder,2,0,0,11,68,55,0,1,2,3,-127.62541016290605,129.5923332413563,25.721774340426236
left_elbow,2,5,7,8,22,33,28,23,12,2,-13.444670198154526,10.500633535334686,2.394530373348921
right_elbow,1,0,0,3,16,91,22,7,0,2,-143.0885589498974,111.09340610296269,25.418196505286005
left_hip,1,1,3,8,27,43,26,18,10,5,-8.551603895174864,6.054193435792726,1.4605797330967594
right_hip,3,11,19,30,34,26,15,3,0,1,-5.539478512109312,7.913454050739419,1.3452932562848732
left_knee,3,0,1,2,3,128,1,1,2,1,-164.10043750908267,152.77710454184262,31.687754205092517
right_knee,5,0,7,1,76,38,1,10,0,4,-163.7071743856273,164.6036294316519,32.83108038172793
