Joints,0,1,2,3,4,5,6,7,8,9,Min,Max,Step
left_shoulder,1,0,2,4,14,48,57,15,0,1,-19.22700917953037,13.468192731618528,3.2695201911148892
right_shoulder,4,13,40,76,4,1,0,0,1,3,-59.833204039190505,134.0048249537262,19.383802899291666
left_elbow,1,1,2,4,13,29,44,29,15,4,-20.35086639596298,11.89463359133052,3.2245499987293513
right_elbow,1,1,2,1,9,94,23,7,1,3,-178.20315303148888,131.9153150190688,31.011846805055768
left_hip,1,0,2,12,36,41,30,16,3,1,-12.684351926726663,10.29988553745622,2.2984237464182886
right_hip,1,1,9,29,53,36,9,3,0,1,-10.620941445940716,12.83985675276834,2.346079819870905
left_knee,1,0,0,2,1,1,133,0,3,1,-156.59167680278838,91.02354686057505,24.76152236633635
right_knee,2,0,10,1,28,87,0,12,0,2,-160.37949066268203,158.48544148203703,31.886493214471898
