Joints,0,1,2,3,4,5,6,7,8,9,Min,Max,Step
left_shoulder,6,15,13,15,9,11,43,13,11,6,54.057532482807076,84.65198611271255,3.0594453629905445
right_shoulder,8,10,12,11,49,20,8,9,4,11,39.199471967358114,173.22905035756446,13.402957839020637
left_elbow,5,14,13,7,11,8,11,27,37,9,113.97284944673216,169.06712906605824,5.509427961932616
right_elbow,13,12,40,10,5,3,4,25,16,14,13.512487739469963,179.58669626986554,16.607420853039557
left_hip,7,3,10,24,32,27,19,12,6,2,83.98253305300025,95.23293105371066,1.1250398000710362
right_hip,2,4,8,18,18,26,22,24,10,10,92.86593099224274,103.0986303900548,1.0232699397812013
left_knee,42,5,0,0,3,30,1,0,0,61,0.0,180.0,18.0
right_knee,14,2,1,0,0,51,0,0,0,74,0.0,179.8993357512651,17.98993357512651
