Joints,0,1,2,3,4,5,6,7,8,9,Min,Max,Step
left_shoulder,7,15,12,16,7,13,39,16,11,6,54.0516448312136,84.6008410094105,3.0549196178196922
right_shoulder,7,8,16,9,54,18,7,11,7,5,36.88952319332228,178.15457852025813,14.126505532693585
left_elbow,13,14,6,13,8,9,16,34,25,4,118.21906542494057,171.48252954440466,5.326346411946403
right_elbow,4,11,30,24,4,5,7,19,19,19,1.7968469685111237,180.0,17.820315303148888
left_hip,10,9,29,54,19,16,4,0,0,1,83.92817959238201,100.29988553745622,1.637170594507424
right_hip,1,0,0,1,14,24,40,40,14,8,87.51921858058695,104.10661614584886,1.658739756526188
left_knee,41,7,0,0,4,31,1,0,0,58,0.0,180.0,18.0
right_knee,14,4,1,0,1,47,0,0,0,75,0.0,179.6019426631661,17.960194266316613
