Joints,0,1,2,3,4,5,6,7,8,9,Min,Max,Step
left_shoulder,7,13,14,15,9,9,45,15,8,7,53.77815068814482,85.13112335796477,3.1352972669819934
right_shoulder,7,8,17,9,60,12,8,9,7,5,38.31779293195004,177.5801749919781,13.926238206002807
left_elbow,12,17,5,14,6,14,14,23,30,7,118.29181861218348,171.55043152865488,5.3258612916471435
right_elbow,8,14,37,13,7,4,3,22,16,18,10.886895049210873,180.0,16.911310495078915
left_hip,5,5,8,26,24,31,16,15,9,3,84.192448323671,95.20362886882164,1.1011180545150694
right_hip,11,10,13,18,33,21,17,10,5,4,94.34848896417431,103.56271194838196,0.9214222984207652
left_knee,42,5,0,0,3,33,0,0,0,59,0.0,180.0,18.0
right_knee,18,1,1,0,0,50,0,0,0,72,0.0,179.99999704244132,17.999999704244132
