Joints,0,1,2,3,4,5,6,7,8,9,Min,Max,Step
left_shoulder,24,34,31,19,13,7,4,5,2,2,0.06107830811007365,6.740705547722089,0.6679627239612016
right_shoulder,37,37,24,13,15,6,1,3,3,2,0.1895010760915346,6.813449877746431,0.6623948801654898
left_elbow,81,39,13,3,2,1,0,1,0,1,0.0770080063907326,21.627023751437832,2.15500157450471
right_elbow,120,10,2,2,3,1,1,0,1,1,0.03377390863476907,82.7324498087735,8.269867590013872
left_hip,35,54,17,22,2,3,4,2,1,1,0.05289978118539798,8.301729511849503,0.8248829730664106
right_hip,37,36,27,15,8,6,7,3,1,1,0.05502941542835209,6.8955161781684735,0.6840486762740121
left_knee,35,47,32,12,4,3,5,2,0,1,0.08792162719296409,9.54784037158574,0.9459918744392777
right_knee,30,25,28,12,11,11,6,6,5,7,0.05413028536858181,6.580622314895091,0.6526492029526509
