Joints,0,1,2,3,4,5,6,7,8,9,Min,Max,Step
left_shoulder,21,46,28,19,10,9,1,1,3,3,0.1900150706612323,6.963169635995728,0.6773154565334496
right_shoulder,30,41,23,19,9,6,7,2,0,4,0.2672629910966225,6.5407878394276775,0.6273524848331056
left_elbow,81,42,11,1,3,1,1,0,0,1,0.08239834396454289,22.16813423424766,2.208573589028312
right_elbow,64,52,9,6,0,0,5,1,1,3,0.23120854385127515,39.20779172345461,3.897658317960334
left_hip,32,43,26,21,6,6,0,3,3,1,0.11923670802847648,7.377495624240881,0.7258258916212404
right_hip,37,34,26,15,11,9,2,5,0,2,0.1543336293350365,6.901245541351999,0.6746911912016962
left_knee,46,38,28,15,7,2,3,1,0,1,0.10150444797116608,9.598737221040928,0.949723277306976
right_knee,38,34,19,24,15,4,4,1,1,1,0.11040517677686544,8.426251251238233,0.8315846074461367
