Joints,0,1,2,3,4,5,6,7,8,9,Min,Max,Step
left_shoulder,27,42,28,14,12,8,1,3,2,4,0.21421774144030026,6.765354086681943,0.6551136345241643
right_shoulder,23,35,27,24,8,10,3,6,2,3,0.060618264753419575,6.354623415315273,0.6294005150561853
left_elbow,85,35,12,3,3,1,0,1,0,1,0.21036979433352013,21.62062590059713,2.141025610626361
right_elbow,67,46,12,5,1,1,1,0,2,6,0.20484679265039465,35.988014491533924,3.578316769888353
left_hip,47,41,27,11,7,2,4,0,1,1,0.1248863577212718,8.828783505556004,0.8703897147834733
right_hip,34,42,25,14,4,10,6,3,2,1,0.11232410449640907,6.706386885985258,0.6594062781488849
left_knee,43,41,29,12,7,4,2,1,1,1,0.12678973063521426,9.447371021911742,0.9320581291276527
right_knee,38,33,28,19,12,4,4,2,0,1,0.0532145937009841,9.248965279046322,0.9195750685345339
