Joints,0,1,2,3,4,5,6,7,8,9,Min,Max,Step
left_shoulder,25,56,77,51,28,28,22,5,6,1,0.05399956800012206,4.2973441264782455,0.4243344558478124
right_shoulder,26,62,70,56,25,32,20,4,1,3,0.08214832824968682,3.7179844149922765,0.363583608674259
left_elbow,153,78,30,17,8,3,2,5,2,1,0.1307991061630977,29.51339313347655,2.938259402731345
right_elbow,77,89,54,19,14,14,16,6,7,3,0.014558771998750015,15.251241670190556,1.5236682898191805
left_hip,109,54,26,18,15,29,31,13,1,3,0.24059175352222503,47.60155971787511,4.736096796435289
right_hip,84,68,33,21,17,22,29,16,5,4,0.21348289142695664,42.6149924187738,4.240150952734686
left_knee,100,36,42,15,12,31,32,14,10,7,0.2577267507799699,110.93452317549149,11.067679642471152
right_knee,103,43,38,21,7,27,36,10,8,6,0.35373889935270536,111.826453941293,11.147271504194029
