Joints,0,1,2,3,4,5,6,7,8,9,Min,Max,Step
left_shoulder,1,1,2,3,50,8,1,0,0,1,-144.09163533570424,168.46968864621613,31.256132398192037
right_shoulder,3,6,3,14,25,8,6,1,0,1,-45.18973520145994,62.70444570466106,10.789418090612102
left_elbow,2,1,2,3,13,28,9,3,5,1,-149.3840367769503,126.08717284750445,27.547120962445476
right_elbow,2,2,1,6,20,24,6,4,1,1,-114.88061432614134,112.56858363697168,22.744919796311308
left_hip,2,0,1,5,26,24,6,0,0,3,-143.3897467744846,142.53806906867808,28.59278158431627
right_hip,4,2,2,11,37,4,0,2,3,2,-113.96500394189768,143.94385712894916,25.790886107084688
left_knee,2,1,4,7,36,9,4,1,2,1,-99.108001487516,119.970253260364,21.907825474787998
right_knee,1,0,1,4,15,33,9,0,1,3,-130.93916441863504,117.7740293924943,24.871319381112926
