Joints,0,1,2,3,4,5,6,7,8,9,Min,Max,Step
left_shoulder,2,0,2,2,50,8,2,0,0,1,-144.09171348255398,168.46945287331258,31.256116635586665
right_shoulder,4,6,3,10,28,8,5,1,1,1,-46.16316265553876,62.70452200817316,10.886768466371187
left_elbow,1,2,2,1,16,31,6,3,4,1,-149.38429434093428,133.08102547660752,28.246531981754174
right_elbow,4,1,1,10,25,15,5,2,1,3,-92.18348430794576,101.75176349312835,19.393524780107413
left_hip,2,0,1,3,27,27,3,1,0,3,-143.38997351989724,142.53804352809192,28.592801704798916
right_hip,5,1,0,8,35,11,0,2,4,1,-113.78047889734154,129.00295675125432,24.278343564859583
left_knee,3,2,8,18,25,5,2,1,1,2,-65.32356066849736,100.92882304967007,16.625238371816742
right_knee,2,1,2,4,33,19,2,1,1,2,-126.93567798930536,131.91201457460883,25.884769256391422
