Joints,0,1,2,3,4,5,6,7,8,9,Min,Max,Step
left_shoulder,1,0,3,3,50,8,1,0,0,1,-144.09168890124124,168.4695262736159,31.25612151748571
right_shoulder,2,7,4,13,26,7,6,1,0,1,-45.187648636755895,62.70453002904507,10.789217866580096
left_elbow,1,3,1,3,14,31,6,5,2,1,-149.3839588173627,134.62154003625568,28.40054988536184
right_elbow,3,1,2,9,25,15,5,2,2,3,-94.44002333890842,101.75357723653678,19.619360057544526
left_hip,2,1,2,4,25,23,6,0,0,4,-143.38880103943345,142.537935768614,28.59267368080475
right_hip,5,1,1,9,33,10,0,3,4,1,-113.78291338134979,129.00420709872293,24.27871204800728
left_knee,1,3,11,40,8,2,1,0,0,1,-96.84739602908026,179.99987591464009,27.68472719437203
right_knee,1,2,4,11,39,6,1,0,1,2,-123.02206522704964,164.07419942595317,28.709626465300275
