Joints,0,1,2,3,4,5,6,7,8,9,Min,Max,Step
left_shoulder,60,0,0,0,0,0,0,0,2,4,0.13803770650809385,171.63809928343002,17.150006157692193
right_shoulder,60,0,0,0,0,0,0,0,1,5,0.17427774359190032,188.07190242910855,18.789762468551665
left_elbow,58,2,0,0,0,0,0,2,3,1,0.04537910058344509,182.54871200797973,18.25033329073963
right_elbow,60,0,0,0,0,0,0,0,3,3,0.22311626368491544,199.73790660946807,19.951479034578316
left_hip,59,1,0,0,0,0,0,0,0,6,0.5070258218521719,165.2658052435959,16.47587794217437
right_hip,60,0,0,0,0,0,0,0,2,4,0.18410034999209354,188.78588131286068,18.86017809628686
left_knee,60,0,0,0,0,0,0,0,0,6,0.20838293593955814,165.84653393863704,16.563815100269746
right_knee,58,2,0,0,0,0,0,0,1,5,0.08076905030745557,179.11702780158637,17.903625875127894
