Joints,0,1,2,3,4,5,6,7,8,9,Min,Max,Step
left_shoulder,62,0,1,0,0,0,0,0,2,1,0.13925569019900694,172.3750110863536,17.22357553961546
right_shoulder,62,0,1,0,0,0,0,0,1,2,0.1710370353265746,190.90549481656745,19.07344577812409
left_elbow,60,2,0,1,0,0,0,0,2,1,0.04473660452107182,181.48744322270352,18.144270661818247
right_elbow,62,0,1,0,0,0,0,0,2,1,0.21987714918762646,198.9833971877504,19.876352003856276
left_hip,62,0,1,0,0,0,0,0,0,3,0.5070298395101424,173.20273971422552,17.269570987471536
right_hip,61,1,1,0,0,0,0,0,1,2,0.18494198731260544,184.18496192972577,18.400001994241315
left_knee,61,1,0,1,0,0,0,0,0,3,0.20900755602180252,167.35170147450134,16.714269391847957
right_knee,60,2,0,1,0,0,0,0,1,2,0.07640860677031193,183.21392342119117,18.313751481442086
