Joints,0,1,2,3,4,5,6,7,8,9,Min,Max,Step
left_shoulder,62,0,0,0,0,0,0,1,1,2,0.1383887394555718,172.03275051326636,17.18943617738108
right_shoulder,62,0,0,0,0,0,1,0,1,2,0.16784220741556025,190.81865200964816,19.06508098022326
left_elbow,59,3,0,0,0,1,0,0,2,1,0.045147614339087774,182.06532264403225,18.202017502969316
right_elbow,62,0,0,0,1,0,0,0,1,2,0.2171718303223624,199.98527308424525,19.976810125392287
left_hip,62,0,0,0,0,0,0,1,0,3,0.5070177867851341,170.0801299341461,16.957311214736098
right_hip,61,1,0,0,0,1,0,0,1,2,0.18421559901470835,186.09117284205158,18.590695724303686
left_knee,62,0,0,0,0,0,1,0,0,3,0.20814120633821107,168.11458986708158,16.790644866074338
right_knee,59,3,0,0,0,0,1,0,1,2,0.07712128054108773,177.08420110001708,17.7007079819476
