Joints,0,1,2,3,4,5,6,7,8,9,Min,Max,Step
left_shoulder,4,4,7,4,91,42,1,6,4,4,-101.617864583811,105.25053810016351,20.68684026839746
right_shoulder,5,1,5,7,69,61,11,2,3,3,-153.17868104156975,153.77342151137537,30.695210255294512
left_elbow,2,2,9,7,14,96,17,6,8,6,-156.46327028827997,126.87214232768726,28.333541261596736
right_elbow,5,2,11,10,62,48,13,9,4,3,-162.2851947727499,165.73813157681897,32.80233263495688
left_hip,2,2,11,8,39,74,15,8,6,2,-81.32715092878385,75.65225380605129,15.697940473483513
right_hip,1,0,4,7,25,89,28,9,2,2,-96.03140323055996,77.47446817143741,17.350587140199735
left_knee,2,0,4,7,21,110,16,2,3,2,-120.65833118011379,103.07186165104861,22.37301928311625
right_knee,2,0,3,4,24,107,19,4,1,3,-105.0092064844702,87.42502737116304,19.243423385563332
