Joints,0,1,2,3,4,5,6,7,8,9,Min,Max,Step
left_shoulder,4,7,3,9,106,23,6,0,3,6,-101.28016810551371,111.78290800325087,21.30630761087646
right_shoulder,4,2,4,3,28,100,12,8,4,2,-161.5003281946127,142.49491322942458,30.39952414240372
left_elbow,2,5,8,11,28,85,6,13,4,5,-154.49907182613404,142.66454326327704,29.716361508941105
right_elbow,6,6,5,7,44,65,15,12,4,3,-161.88732027047843,157.27519255344842,31.916251282392693
left_hip,5,4,5,9,66,57,7,6,3,5,-77.02476106936257,78.49139963167904,15.55161607010416
right_hip,1,1,4,8,32,92,19,7,2,1,-88.06918193080284,77.3392723872076,16.540845431801046
left_knee,2,2,4,13,63,67,11,3,0,2,-132.88995783809804,134.19856635225005,26.708852419034812
right_knee,2,0,3,9,34,97,16,4,0,2,-93.85503702813378,87.55666659786198,18.14117036259958
