Joints,0,1,2,3,4,5,6,7,8,9,Min,Max,Step
left_shoulder,5,4,4,6,69,61,6,3,4,5,-103.79021764017195,104.46216709513456,20.82523847353066
right_shoulder,4,4,1,11,15,95,19,9,1,8,-157.68543668154126,132.56200283777702,29.02474395193184
left_elbow,2,5,5,13,60,57,13,5,5,2,-167.1913290625185,167.49974501603356,33.469107407855205
right_elbow,6,12,9,6,62,37,16,12,2,5,-170.89627191697002,179.02265422489367,34.99189261418638
left_hip,3,3,6,15,111,15,7,5,1,1,-82.39051460898007,99.0814983118306,18.147201292081064
right_hip,2,2,3,13,23,91,18,8,3,4,-78.73604149726883,66.32166205234515,14.505770354961399
left_knee,2,0,9,5,16,108,16,5,4,2,-119.64097952312149,102.13655007724226,22.177752960036372
right_knee,1,3,3,11,72,58,14,1,2,2,-94.28536007774711,94.84662267342483,18.913198275117196
