Joints,0,1,2,3,4,5,6,7,8,9,Min,Max,Step
left_shoulder,2,3,6,122,24,6,2,1,0,1,-109.02250536218513,175.40369998392205,28.442620534610725
right_shoulder,2,4,5,9,31,90,12,3,7,4,-158.77877751370409,142.95604834887038,30.17348258625745
left_elbow,4,3,6,14,111,13,8,4,3,1,-129.49992422672688,154.01483821463438,28.351476244136123
right_elbow,5,5,5,12,38,71,12,7,8,4,-158.44905143490737,153.04241060143542,31.149146203634274
left_hip,3,1,7,7,43,84,8,7,3,4,-79.00076244110905,73.65607033105192,15.265683277216098
right_hip,2,3,4,11,46,71,18,6,3,3,-65.42814973570775,60.57323584029332,12.600138557600104
left_knee,1,2,5,8,14,99,25,6,5,2,-107.91884176745293,85.34781852051556,19.32666602879685
right_knee,2,0,2,3,22,107,21,6,2,2,-103.84819440891,84.86723643949097,18.8715430848401
