Joints,0,1,2,3,4,5,6,7,8,9,Min,Max,Step
left_shoulder,2,3,6,4,13,117,9,5,4,4,-116.94462472003592,100.51027667177028,21.745490139180617
right_shoulder,6,1,6,8,17,96,17,4,6,6,-161.3694980024896,139.69095291820827,30.10604509206979
left_elbow,3,6,4,9,68,55,7,8,4,3,-155.84869699784684,157.70797119458783,31.355666819243467
right_elbow,7,4,12,15,59,36,10,16,3,5,-160.26302442931203,167.21036111793384,32.74733855472459
left_hip,1,3,8,7,36,89,9,9,3,2,-80.51855577581331,75.6182268860108,15.613678266182404
right_hip,1,0,5,13,28,95,18,3,3,1,-101.00454799905113,91.1476623467795,19.215221034583053
left_knee,1,1,1,5,12,46,80,11,6,4,-128.5176610733287,82.71239350583566,21.123005457916435
right_knee,1,1,2,5,42,94,16,3,2,1,-105.53957386173876,96.82117567255906,20.236074953429792
