Joints,0,1,2,3,4,5,6,7,8,9,Min,Max,Step
left_shoulder,26,27,29,9,29,20,19,5,1,2,0.0,166.41109976777418,16.641109976777418
right_shoulder,20,25,24,10,7,12,18,11,32,8,0.5476570319364018,172.2376468474044,17.1689989815468
left_elbow,6,4,7,10,8,7,29,29,37,30,0.0,179.85604534839118,17.98560453483912
right_elbow,6,9,9,12,19,13,10,12,31,46,0.0,179.99999704244132,17.999999704244132
left_hip,4,6,12,33,36,38,14,13,7,4,32.776237126549425,140.10027489972714,10.73240377731777
right_hip,4,1,8,22,41,51,23,12,2,3,30.432894040791314,155.96545749620532,12.553256345541403
left_knee,2,0,1,2,12,7,10,44,48,41,32.41166840660179,179.25736066138666,14.684569225478484
right_knee,1,0,0,0,2,7,5,31,55,66,27.90783402907245,179.99998680097977,15.209215277190733
