Joints,0,1,2,3,4,5,6,7,8,9,Min,Max,Step
left_shoulder,26,32,29,11,30,18,18,0,0,3,0.8599407529079665,176.2955985325426,17.543565777963465
right_shoulder,25,26,20,13,5,16,17,14,24,7,0.4035730380179287,175.53097425877198,17.512740122075407
left_elbow,1,4,8,9,6,11,22,33,33,40,0.0,178.8863619357246,17.88863619357246
right_elbow,7,10,9,4,25,11,15,19,27,40,3.9894277651302033,179.5190840136184,17.552965624848817
left_hip,1,0,4,3,27,50,43,25,10,4,0.0,140.85694054706698,14.085694054706698
right_hip,1,1,3,4,22,59,50,20,4,3,0.0,159.13600651414686,15.913600651414686
left_knee,2,0,2,2,14,7,14,40,47,39,31.639291633970586,178.86370753730912,14.722441590333851
right_knee,1,0,1,0,1,6,9,29,58,62,26.97192300752693,179.79959722344844,15.282767421592151
