Joints,0,1,2,3,4,5,6,7,8,9,Min,Max,Step
left_shoulder,25,39,23,10,30,19,17,0,1,3,0.5389597172796965,177.24106646256888,17.670210674528917
right_shoulder,25,22,15,12,10,13,18,18,28,6,4.163572426013103,175.26433996514294,17.110076753912985
left_elbow,4,8,13,2,12,8,18,26,37,39,0.0,179.99998979035215,17.999998979035215
right_elbow,6,10,11,9,17,15,13,11,32,43,4.18355319214073,179.99997652510586,17.581642333296514
left_hip,1,0,4,6,22,62,35,24,11,2,2.605683339352859,141.49401327480612,13.888832993545327
right_hip,3,4,10,31,71,30,12,3,2,1,28.46984317140945,176.15276792347694,14.76829247520675
left_knee,3,1,1,1,14,7,16,36,50,38,30.538670810095,179.77254804665267,14.923387723655765
right_knee,1,1,0,0,2,7,7,26,57,66,28.572425594283747,179.59244490616803,15.102001931188429
