Joints,0,1,2,3,4,5,6,7,8,9,Min,Max,Step
left_shoulder,24,26,30,11,28,20,15,10,2,1,0.5341407951714064,162.83980547007073,16.230566467489933
right_shoulder,20,26,17,14,9,17,17,14,24,9,0.5541479170799994,175.62701747845182,17.507286956137182
left_elbow,4,6,6,5,7,12,20,33,36,38,0.0,180.0,18.0
right_elbow,6,5,9,10,19,11,15,16,29,47,0.0,179.74515550969616,17.974515550969617
left_hip,4,5,11,27,46,29,25,12,7,1,26.65352763703639,140.7573176530242,11.410379001598784
right_hip,3,2,10,33,59,35,15,6,3,1,29.805112628934946,171.6398262114572,14.183471358252223
left_knee,1,3,0,5,5,10,13,34,56,40,14.238187446445009,179.92409729749969,16.568590985105466
right_knee,2,1,1,2,3,2,19,45,35,57,57.54973308520591,179.94061970101436,12.239088661580844
