Joints,0,1,2,3,4,5,6,7,8,9,Min,Max,Step
left_shoulder,22,31,31,13,30,16,16,7,0,1,0.2888927934798347,165.45161964472697,16.51627268512471
right_shoulder,21,19,19,14,9,14,18,14,30,9,0.2517986791205748,169.01270565231448,16.87609069731939
left_elbow,1,7,8,5,13,11,25,26,40,31,1.7619104932164191,177.3753628594544,17.5613452366238
right_elbow,7,7,11,4,22,12,11,17,30,46,1.6997857404980243,179.99999473698583,17.83002089964878
left_hip,1,3,5,16,39,48,29,16,9,1,13.914173742685332,141.44968469716804,12.75355109544827
right_hip,3,1,7,27,57,42,19,7,3,1,26.605192080235483,169.32301106714337,14.27178189869079
left_knee,2,1,2,3,12,5,11,42,50,39,32.37367817606401,178.73727807139556,14.636359989533155
right_knee,1,1,1,0,2,6,8,30,51,67,28.06872844237798,180.0,15.193127155762205
