Joints,0,1,2,3,4,5,6,7,8,9,Min,Max,Step
left_shoulder,127,11,4,2,8,6,2,1,1,4,0.0639523948365232,223.83685288418815,22.377290048935162
right_shoulder,118,9,8,9,8,2,4,0,3,5,0.18157562972807306,155.71377136256427,15.553219573283618
left_elbow,118,12,13,3,11,4,1,0,0,4,0.3320465825025877,196.12665871615897,19.57946121336564
right_elbow,102,19,11,14,7,6,3,1,0,3,0.4806397471189482,169.59038582914204,16.91097460820231
left_hip,132,5,2,3,7,6,4,1,2,4,0.07942027475796362,219.7066112353376,21.962719096057963
right_hip,124,11,1,7,9,3,3,0,3,5,0.07973814090319671,177.9264904843011,17.78467523433979
left_knee,127,7,5,4,11,3,1,2,3,3,0.06391393158679164,190.9279117426284,19.08639978110416
right_knee,128,7,8,11,4,4,2,0,0,2,0.2933805214419865,212.56899545927516,21.22756149378332
