Joints,0,1,2,3,4,5,6,7,8,9,Min,Max,Step
left_shoulder,130,11,4,3,12,1,0,2,1,2,0.1340515249268207,227.5098796746208,22.737582814969397
right_shoulder,123,13,10,7,4,4,1,2,1,1,0.12478729307417273,192.9408776332946,19.281609034022043
left_elbow,125,11,8,4,3,3,5,4,0,3,0.4072223287615029,156.50820768360467,15.610098535484319
right_elbow,96,24,11,4,8,8,8,3,1,3,0.2679123342613936,129.3751168900103,12.910720455574893
left_hip,135,5,5,4,2,9,1,1,0,4,0.3051420654745792,218.76128008155598,21.845613801608142
right_hip,130,10,4,2,7,4,2,3,0,4,0.15656194839551688,177.29386044501823,17.713729849662272
left_knee,129,5,5,6,6,7,2,2,1,3,0.13181480044004182,174.3404972792904,17.420868247885032
right_knee,118,14,9,4,5,4,0,5,2,5,0.11367306282628865,132.27177816987646,13.215810510705017
