Joints,0,1,2,3,4,5,6,7,8,9,Min,Max,Step
left_shoulder,132,9,3,4,10,3,0,3,1,1,0.16019263668285874,224.54704279483857,22.438685015815572
right_shoulder,124,6,5,12,5,3,4,1,2,4,0.3065548583415532,154.39643408101676,15.408987922267523
left_elbow,122,11,9,5,3,11,3,0,1,1,0.23084919765573186,175.12079634237512,17.488994714471936
right_elbow,93,18,14,6,3,15,3,9,3,2,0.048063296931870295,115.76939668882902,11.572133339189715
left_hip,133,5,4,2,6,11,0,1,1,3,0.052823020903564666,215.65109615118666,21.55982731302831
right_hip,126,9,3,4,11,6,0,3,1,3,0.029260294647252088,172.1874789884766,17.215821869382935
left_knee,128,4,7,4,6,10,1,2,1,3,0.07839896920845432,171.7866001270135,17.170820115780504
right_knee,118,12,7,10,6,3,2,2,2,4,0.181341562132774,135.825626385967,13.564428482383423
