Joints,0,1,2,3,4,5,6,7,8,9,Min,Max,Step
left_shoulder,1,2,4,8,95,2,5,0,0,1,-109.90021266923,140.45858565516704,25.035879832439704
right_shoulder,1,0,0,3,54,54,5,0,0,1,-76.74589031704784,76.93760349416415,15.368349381121199
left_elbow,1,0,1,10,17,27,33,19,5,5,-15.374756626198945,10.233782508565355,2.5608539134764303
right_elbow,4,4,11,15,34,37,9,1,1,2,-14.789706561419822,17.39023302022835,3.2179939581648167
left_hip,1,1,4,7,18,62,13,7,3,2,-152.59935170268022,130.55450983242523,28.315386153510545
right_hip,5,2,5,6,49,35,5,4,2,5,-149.87460039473294,153.94033026342532,30.381493065815818
left_knee,4,1,6,6,39,40,14,3,3,2,-137.48465062653455,136.28544649774204,27.377009712427665
right_knee,2,5,6,11,27,46,10,3,5,3,-149.9241325379802,149.13772835457888,29.90618608925591
