Joints,0,1,2,3,4,5,6,7,8,9,Min,Max,Step
left_shoulder,1,1,5,7,96,2,4,1,0,1,-107.7223560598049,139.21823989557086,24.694059595537567
right_shoulder,1,0,1,3,57,51,3,1,0,1,-76.51138640625727,77.5064129121393,15.401779931839656
left_elbow,1,0,0,0,0,0,0,0,7,110,-156.18239329101127,11.044253319311538,16.72266466103227
right_elbow,2,3,0,15,18,28,31,15,4,2,-17.00095685027193,13.54676404942822,3.0547720899700153
left_hip,2,0,2,9,22,60,10,8,2,3,-152.89693390298692,129.71735211271255,28.261428601569946
right_hip,3,4,4,9,66,20,4,3,2,3,-135.13336925059392,154.16092037497438,28.929428962556827
left_knee,3,3,5,7,41,37,13,4,3,2,-141.18511558154378,142.040688450422,28.322580403196582
right_knee,5,3,5,15,62,16,4,2,3,3,-130.1045252022954,156.00586240580154,28.61103876080969
