Joints,0,1,2,3,4,5,6,7,8,9,Min,Max,Step
left_shoulder,2,4,2,49,53,3,4,0,0,1,-91.58969445188623,135.75446514390586,22.73441595957921
right_shoulder,1,0,1,3,61,45,5,1,0,1,-77.9944566938178,78.48661411175277,15.648107080557054
left_elbow,1,1,1,10,18,43,30,6,6,2,-17.004054247352798,13.064891889864242,3.0068946137217036
right_elbow,2,1,4,8,14,39,27,19,3,1,-18.68512018318063,14.07381183078408,3.275893201396471
left_hip,1,1,2,9,15,66,11,7,3,3,-159.2985875719344,131.30660581789886,29.06051933898334
right_hip,3,4,5,14,72,10,2,4,3,1,-135.12474677957638,166.63159303265718,30.175633981223356
left_knee,4,4,4,7,31,43,16,4,2,3,-140.4325244391365,138.64305731209024,27.907558175122674
right_knee,3,4,8,13,53,20,7,4,4,2,-126.29405838870044,142.95047038876336,26.92445287774639
