Joints,0,1,2,3,4,5,6,7,8,9,Min,Max,Step
left_shoulder,2,4,4,35,64,3,4,0,0,2,-97.19480236660348,139.1668627432729,23.636166510987636
right_shoulder,1,0,0,4,41,65,6,0,0,1,-81.45616669551194,79.12730068643155,16.058346738194345
left_elbow,2,1,9,19,39,33,8,2,4,1,-13.864831818704689,15.353388445247733,2.921822026395242
right_elbow,2,4,5,12,26,41,19,6,1,2,-16.048391616402824,15.486371790366915,3.153476340676974
left_hip,1,0,3,10,14,65,12,7,4,2,-166.4279841541,138.11111934224385,30.453910349634384
right_hip,2,4,5,9,70,16,3,4,2,3,-135.17813416349688,153.917772286349,28.90959064498459
left_knee,2,3,4,8,30,44,19,4,3,1,-142.15562360715003,137.629725179453,27.978534878660298
right_knee,1,4,9,10,47,33,6,1,3,4,-142.24774429006055,152.49722440249343,29.474496869255404
