Joints,0,1,2,3,4,5,6,7,8,9,Min,Max,Step
left_shoulder,3,2,4,87,16,2,3,0,0,1,-81.76738266088263,138.40318073398788,22.01705633948705
right_shoulder,1,0,2,2,55,49,7,1,0,1,-78.72320174738933,77.8957552430209,15.661895699041025
left_elbow,2,2,8,33,37,23,7,5,0,1,-13.161919377464642,16.293382819590903,2.945530219705555
right_elbow,2,3,5,13,23,35,22,10,2,3,-17.39091845887711,15.638327278825331,3.3029245737702446
left_hip,3,1,4,6,29,54,8,6,3,4,-145.45703978877356,133.244912261146,27.87019520499196
right_hip,3,5,2,13,72,12,2,4,4,1,-141.03657713631688,166.87951899336025,30.79160961296772
left_knee,5,3,4,5,22,51,16,4,3,5,-133.97451017266576,124.06998830419687,25.804449847686257
right_knee,3,5,7,12,51,22,8,4,4,2,-133.15382216692382,149.55762069407498,28.271144286099883
