Joints,0,1,2,3,4,5,6,7,8,9,Min,Max,Step
left_shoulder,2,6,4,74,25,2,3,0,0,2,-83.06809157172194,135.05858673259542,21.812667830431735
right_shoulder,1,0,0,5,49,56,6,0,0,1,-76.67071480527194,75.23288896415639,15.190360376942834
left_elbow,2,1,1,13,31,47,14,6,2,1,-20.254729093002567,18.989477970032624,3.9244207063035184
right_elbow,6,4,8,18,38,25,12,4,2,1,-14.930325388061247,18.266481076490773,3.319680646455202
left_hip,1,1,3,9,20,58,14,7,3,2,-159.9480289915888,136.71247604137344,29.66605050329622
right_hip,3,0,7,12,52,29,7,3,3,2,-153.7520721157461,163.99367063947682,31.774574275522298
left_knee,3,5,6,10,60,22,7,3,1,1,-144.48010045107753,170.67481908414328,31.515491953522087
right_knee,4,4,7,16,54,19,4,2,3,5,-137.17681301454377,156.9615919029928,29.41384049175366
