Joints,0,1,2,3,4,5,6,7,8,9,Min,Max,Step
left_shoulder,39,31,4,9,8,15,5,4,1,2,28.656435699497088,178.66763546976716,15.00111997702701
right_shoulder,5,8,20,63,19,1,1,0,0,1,0.18027426008693906,129.08215455604312,12.890188029595617
left_elbow,1,0,0,0,0,0,0,0,33,84,4.4001703324871055,169.99468968823962,16.559451935575247
right_elbow,2,3,5,3,8,14,30,28,14,11,129.18754730704026,167.23658322084782,3.8049035913807643
left_hip,3,2,4,11,11,9,24,27,15,12,0.0,175.25680964357787,17.525680964357786
right_hip,6,4,5,5,7,19,9,22,23,18,0.4038819640583359,180.0,17.959611803594164
left_knee,15,13,21,23,11,10,5,8,6,6,0.0,177.74634785937332,17.77463478593733
right_knee,36,13,22,11,10,9,5,2,6,4,0.0,176.4846415980164,17.64846415980164
