Joints,0,1,2,3,4,5,6,7,8,9,Min,Max,Step
left_shoulder,40,29,7,6,9,11,4,8,1,3,27.18101761730853,175.1293371619733,14.794831954466478
right_shoulder,4,7,24,62,17,2,1,0,0,1,1.331719506647205,126.86987096301556,12.553815145636836
left_elbow,2,1,9,14,12,22,21,17,15,5,142.3316229920739,166.03552082350362,2.3703897831429686
right_elbow,1,4,3,5,7,16,30,28,16,8,129.11002885236022,167.1991371923667,3.808910834000642
left_hip,6,2,6,12,13,6,28,21,11,13,7.758320939441031,178.30890138095424,17.05505804415132
right_hip,5,6,6,3,8,18,9,20,21,22,7.4707527455250045,178.8224713472467,17.13517186017217
left_knee,15,12,20,24,11,8,9,4,7,8,1.5149074278301051,174.09775841495747,17.258285098712737
right_knee,35,9,22,13,13,9,4,2,8,3,0.515181168346454,176.47266753903907,17.59574863706926
