Joints,0,1,2,3,4,5,6,7,8,9,Min,Max,Step
left_shoulder,38,33,5,6,8,14,5,6,0,3,28.17098114130745,174.10541314110924,14.593443199980179
right_shoulder,5,9,25,65,12,0,1,0,0,1,1.544583848636657,131.0438625353715,12.949927868673484
left_elbow,2,2,10,17,24,24,23,13,2,1,141.85857053601447,169.37653189762443,2.751796136161005
right_elbow,2,3,3,5,6,10,32,26,20,11,129.14009223767695,166.39320449367796,3.725311225600109
left_hip,3,2,6,9,11,11,29,24,13,10,0.0,178.58940872177638,17.858940872177637
right_hip,6,5,7,4,8,16,12,19,23,18,0.0,179.86904417392154,17.986904417392154
left_knee,15,12,21,26,10,9,6,6,6,7,0.0,177.74521355579793,17.774521355579793
right_knee,35,8,23,12,13,9,4,3,7,4,0.0,176.47429516871142,17.647429516871142
