Joints,0,1,2,3,4,5,6,7,8,9,Min,Max,Step
left_shoulder,115,0,0,0,0,0,0,0,0,2,0.2438208722470827,172.83103934718034,17.258721847493327
right_shoulder,115,0,0,0,0,0,0,0,0,2,0.37059015757893776,161.20755698151325,16.08369668239343
left_elbow,113,2,0,0,0,0,0,0,0,2,0.24683066947906804,170.89238732393375,17.064555665445468
right_elbow,114,1,0,0,0,0,0,0,0,2,0.07373698628905123,153.60477193846026,15.353103495217121
left_hip,94,9,9,1,0,0,1,0,1,2,0.2325849727172577,149.63485510010383,14.940227012738656
right_hip,108,3,3,1,0,0,0,0,0,2,0.21003217708382754,152.08079384705317,15.187076166996935
left_knee,91,4,14,5,0,1,0,0,0,2,0.3533780797887461,136.68724831534382,13.633387023555509
right_knee,85,10,12,6,2,0,0,1,0,1,0.17793215712378552,158.04094281328483,15.786301065616104
