Joints,0,1,2,3,4,5,6,7,8,9,Min,Max,Step
left_shoulder,116,0,0,0,0,0,0,0,0,1,0.32808778898096186,172.62305756678086,17.22949697777999
right_shoulder,116,0,0,0,0,0,0,0,0,1,0.3012915916959885,174.00928827182895,17.370799668013298
left_elbow,113,3,0,0,0,0,0,0,0,1,0.2597474870767017,131.22830008503826,13.096855259796154
right_elbow,115,1,0,0,0,0,0,0,0,1,0.4178630651236281,146.67543664673997,14.625757358161632
left_hip,102,13,1,0,0,0,0,0,0,1,0.1821757715232456,228.3383356201713,22.815615984864806
right_hip,110,2,4,0,0,0,0,0,0,1,0.2448782268976546,128.33584511192197,12.80909668850243
left_knee,96,15,4,1,0,0,0,0,0,1,0.13388776618775955,222.0846013783796,22.195071361219185
right_knee,91,11,14,0,0,0,0,0,0,1,0.4293122086555777,209.8453601552289,20.94160479465733
