Joints,0,1,2,3,4,5,6,7,8,9,Min,Max,Step
left_shoulder,17,28,24,15,12,11,2,3,2,3,0.1038857819561928,10.189371559927311,1.0085485777971122
right_shoulder,20,35,23,13,8,11,4,2,0,1,0.16709718693661668,12.152508867876664,1.1985411680940046
left_elbow,30,40,19,10,7,6,2,0,2,1,0.1354412011164328,16.997617879726466,1.6862176678610035
right_elbow,47,41,12,12,2,0,2,0,0,1,0.26957303782305553,21.37071780590087,2.1101144768077815
left_hip,94,9,9,2,1,0,0,1,0,1,0.17130338919913038,125.74975477876544,12.557845138956631
right_hip,51,45,10,5,1,1,0,0,2,2,0.11943512227038658,33.84626186668056,3.372682674441017
left_knee,80,12,3,2,6,9,2,2,0,1,0.2581269521212249,69.68252889308357,6.942440194096234
right_knee,71,11,4,6,1,3,8,4,6,3,0.15646461429211272,68.65500104203737,6.849853642774525
