Joints,0,1,2,3,4,5,6,7,8,9,Min,Max,Step
left_shoulder,22,31,30,15,9,6,1,2,0,1,0.0,13.072735045336925,1.3072735045336925
right_shoulder,15,35,27,15,9,8,4,2,1,1,0.0,12.332674855716483,1.2332674855716483
left_elbow,29,41,19,14,8,3,0,1,0,2,0.0,18.103570803480142,1.8103570803480142
right_elbow,48,31,20,9,6,0,2,0,0,1,0.0,21.132500303103573,2.113250030310357
left_hip,71,20,2,6,3,5,4,5,0,1,0.0,53.98151445038667,5.398151445038667
right_hip,53,34,18,4,4,0,0,1,1,2,0.0,33.470646611262424,3.3470646611262422
left_knee,77,13,6,1,6,8,3,2,0,1,0.0,69.85094514279524,6.985094514279524
right_knee,72,14,4,5,1,2,3,9,5,2,0.0,62.852438931101645,6.285243893110165
