Joints,0,1,2,3,4,5,6,7,8,9,Min,Max,Step
left_shoulder,115,0,0,0,0,0,0,0,0,2,0.13801159111754052,188.4140969957187,18.827608540460115
right_shoulder,115,0,0,0,0,0,0,0,0,2,0.2017162700404784,177.56147625841584,17.735975998837535
left_elbow,115,0,0,0,0,0,0,0,0,2,0.09409175609514496,195.6810040013389,19.558691224524374
right_elbow,114,1,0,0,0,0,0,0,0,2,0.04028898255475456,174.92973529087465,17.488944630831988
left_hip,100,11,4,0,0,0,0,0,0,2,0.3117964767767978,175.29776018001317,17.498596370323636
right_hip,110,5,0,0,0,0,0,0,0,2,0.059849256491401125,176.3998794150707,17.63400301585793
left_knee,94,8,12,1,0,0,0,0,0,2,0.15126390009545682,180.5818650861852,18.043060118608974
right_knee,83,10,11,9,1,1,0,1,0,1,0.02755925287233053,158.96041688586956,15.893285763299724
