Joints,0,1,2,3,4,5,6,7,8,9,Min,Max,Step
left_shoulder,24,34,24,12,14,1,4,1,1,2,0.24015580480466198,11.832603957967939,1.1592448153163277
right_shoulder,21,37,22,14,11,4,5,2,0,1,0.08127134162043399,12.655958163730931,1.2574686822110497
left_elbow,29,35,24,11,9,3,3,0,1,2,0.09575663744309827,15.70725266705041,1.561149602960731
right_elbow,49,36,17,9,3,0,2,0,0,1,0.10225560199645777,21.35507376783908,2.125281816584262
left_hip,94,9,8,3,1,0,0,1,0,1,0.3493028197793687,127.6114453230712,12.726214250329182
right_hip,58,36,12,4,2,1,0,1,1,2,0.23640845052863574,33.66670621267776,3.3430297762149124
left_knee,79,12,4,2,6,8,3,2,0,1,0.15233589191833224,70.37501741694749,7.022268152502916
right_knee,68,14,8,7,2,2,8,3,4,1,0.06941341215493416,67.75460444493662,6.768519103278169
