Joints,0,1,2,3,4,5,6,7,8,9,Min,Max,Step
left_shoulder,1,4,5,6,42,10,1,6,1,1,-77.73264386877392,87.86644557018076,16.559908943895465
right_shoulder,3,2,6,14,30,10,7,3,1,1,-86.73463054963119,111.0922849902632,19.782691553989437
left_elbow,2,3,5,7,29,14,7,5,2,3,-151.69596017574688,158.26225191041655,30.99582120861635
right_elbow,2,1,6,11,30,14,8,3,0,2,-155.38516762776163,167.25442094527833,32.263958857304004
left_hip,2,3,4,10,37,9,5,2,2,3,-123.29777102314723,135.11541109287782,25.841318211602513
right_hip,5,7,8,31,9,11,2,2,1,1,-90.58629398106623,148.7858236823938,23.937211766345996
left_knee,2,4,3,13,40,5,5,3,0,2,-121.22985856072347,156.3590253088716,27.758888386959512
right_knee,1,0,2,9,5,38,7,9,3,3,-163.18555870997398,127.74809339645122,29.09336521064253
