Joints,0,1,2,3,4,5,6,7,8,9,Min,Max,Step
left_shoulder,21,24,9,7,10,2,1,0,1,2,0.0,164.1941916824398,16.41941916824398
right_shoulder,28,18,11,4,5,2,4,0,3,2,0.0,178.5426265774435,17.85426265774435
left_elbow,4,2,4,8,0,3,5,8,20,23,3.327930949526692,179.38738723511696,17.605945628559027
right_elbow,11,7,1,8,8,5,7,6,13,11,0.0,179.999983117719,17.9999983117719
left_hip,16,5,4,8,13,11,11,5,1,3,0.0,180.0,18.0
right_hip,17,2,6,8,8,13,8,6,2,7,0.0,180.0,18.0
left_knee,8,4,2,5,1,6,3,22,6,20,0.0,180.0,18.0
right_knee,10,3,1,6,9,9,6,5,7,21,0.0,179.69489498073293,17.969489498073294
