Joints,0,1,2,3,4,5,6,7,8,9,Min,Max,Step
left_shoulder,14,20,11,10,3,5,10,3,0,1,0.0,122.75998782627079,12.275998782627079
right_shoulder,24,17,10,13,8,2,1,1,0,1,0.0,171.73793340153796,17.173793340153797
left_elbow,9,1,1,3,4,7,4,4,16,28,0.0,180.0,18.0
right_elbow,10,0,5,3,2,11,4,9,14,19,0.0,180.0,18.0
left_hip,18,2,6,9,3,18,7,6,6,2,0.0,180.0,18.0
right_hip,9,5,6,10,12,18,9,3,2,3,0.0,175.5718309281411,17.55718309281411
left_knee,6,1,1,2,5,10,5,10,14,23,0.0,179.99999301156154,17.999999301156155
right_knee,2,0,2,5,4,8,9,4,11,32,0.0,180.0,18.0
