Joints,0,1,2,3,4,5,6,7,8,9,Min,Max,Step
left_shoulder,25,23,12,9,3,0,1,0,0,4,1.4112886539346874,155.143391085042,15.37321024311073
right_shoulder,33,14,10,5,5,4,1,2,1,2,0.0,170.6578148151144,17.06578148151144
left_elbow,1,4,11,4,7,4,3,9,15,19,0.0,180.0,18.0
right_elbow,5,2,2,14,5,8,6,7,9,19,3.479074841612125,177.51148781168553,17.40324129700734
left_hip,19,5,1,11,3,16,7,9,2,4,0.0,180.0,18.0
right_hip,6,13,2,2,11,8,15,6,8,6,0.0,180.0,18.0
left_knee,5,1,4,15,6,1,2,4,11,28,2.4313818602933875e-05,180.0,17.999997568618138
right_knee,17,3,2,4,2,4,10,1,15,19,0.0,179.46444123915714,17.946444123915715
