Joints,0,1,2,3,4,5,6,7,8,9,Min,Max,Step
left_shoulder,38,15,11,0,4,5,1,1,1,1,0.0,162.36932759890786,16.236932759890784
right_shoulder,24,25,10,6,7,2,1,0,0,2,0.0,177.51079601789402,17.751079601789403
left_elbow,9,3,8,7,2,7,2,5,9,25,0.0,180.0,18.0
right_elbow,12,0,2,7,5,13,2,8,9,19,0.0,174.81637216733014,17.481637216733013
left_hip,13,1,9,6,4,24,8,0,7,5,0.0,161.11012964332048,16.111012964332048
right_hip,21,6,4,5,11,13,10,1,5,1,0.0,176.61274098834355,17.661274098834355
left_knee,9,1,2,3,3,7,4,13,8,27,0.0,180.0,18.0
right_knee,5,1,1,1,2,10,16,8,19,14,0.0,180.0,18.0
