Joints,0,1,2,3,4,5,6,7,8,9,Min,Max,Step
left_shoulder,22,36,11,4,1,0,0,0,1,2,0.0,173.50820188891262,17.350820188891262
right_shoulder,10,22,23,4,6,5,3,3,0,1,0.0,153.44220680147737,15.344220680147737
left_elbow,6,1,2,0,3,6,6,12,20,21,0.0,179.2186986562698,17.92186986562698
right_elbow,13,1,3,8,4,4,5,12,11,16,0.0,180.0,18.0
left_hip,15,1,5,5,9,11,7,11,5,8,0.0,180.0,18.0
right_hip,8,8,2,9,6,14,6,6,1,17,0.0,176.6338109298309,17.66338109298309
left_knee,9,1,3,1,3,5,7,10,14,24,0.4186569762988959,180.0,17.95813430237011
right_knee,8,6,1,4,1,3,2,7,16,29,0.32994132203260385,180.0,17.96700586779674
