Joints,0,1,2,3,4,5,6,7,8,9,Min,Max,Step
left_shoulder,16,9,40,0,9,2,0,0,0,1,8.545551278493258,159.96582443709187,15.142027315859862
right_shoulder,24,24,10,6,2,1,0,0,0,10,0.16582349922113612,168.796729478164,16.863090597894285
left_elbow,2,0,2,0,2,0,4,30,28,9,22.85767189423421,178.76247272248108,15.59048008282469
right_elbow,4,0,0,1,0,22,4,17,20,9,0.0,176.2665897702566,17.62665897702566
left_hip,4,4,0,19,10,3,8,14,4,11,0.0,169.9905103223151,16.99905103223151
right_hip,4,2,11,5,2,31,3,12,2,5,0.0,180.0,18.0
left_knee,17,1,0,2,9,2,14,0,10,22,0.0,176.98439185113162,17.698439185113163
right_knee,2,0,0,3,18,3,7,1,17,26,20.676646457734805,171.79125415273919,15.11146076950044
