Joints,0,1,2,3,4,5,6,7,8,9,Min,Max,Step
left_shoulder,25,23,13,3,5,5,1,1,0,1,0.0,177.27224222770835,17.727224222770836
right_shoulder,25,25,12,7,2,0,0,3,0,3,0.0,170.47991601370032,17.047991601370033
left_elbow,4,6,2,16,2,2,4,5,12,24,3.004021713509729e-05,179.99998957836453,17.99999595381474
right_elbow,4,2,3,17,4,6,8,8,15,10,1.0876577362132394,180.0,17.89123422637868
left_hip,4,0,8,8,9,14,4,9,10,11,0.0,174.0934651773994,17.40934651773994
right_hip,16,5,5,6,11,11,7,8,1,7,0.0,172.96540884288657,17.296540884288657
left_knee,5,1,3,6,3,14,4,13,7,21,6.423715404020907,180.0,17.357628459597912
right_knee,4,1,6,3,1,16,6,13,8,19,0.0,179.63607273800042,17.963607273800044
