Joints,0,1,2,3,4,5,6,7,8,9,Min,Max,Step
left_shoulder,0,0,0,0,0,77,0,0,0,0,0.0,0.0,0.09999999999999998
right_shoulder,65,0,0,0,0,0,0,0,0,12,0.0,0.9924007402094019,0.09924007402094019
left_elbow,0,0,0,0,0,77,0,0,0,0,0.0,0.0,0.09999999999999998
right_elbow,65,0,0,0,0,0,0,0,0,12,0.0,163.57376087508078,16.35737608750808
left_hip,65,0,0,0,0,0,0,0,0,12,0.0,1.2168842651451546,0.12168842651451546
right_hip,65,0,0,0,0,0,0,0,0,12,0.0,45.8645835133266,4.58645835133266
left_knee,65,0,0,0,0,0,0,0,0,12,0.0,123.82411071745591,12.38241107174559
right_knee,65,0,0,0,0,0,0,0,0,12,0.0,15.266644408729784,1.5266644408729784
