Joints,0,1,2,3,4,5,6,7,8,9,Min,Max,Step
left_shoulder,62,2,1,1,0,5,4,0,0,1,0.0,313.6180381150721,31.36180381150721
right_shoulder,63,1,0,2,1,3,4,1,0,1,0.0,305.2800058720148,30.52800058720148
left_elbow,60,4,1,0,2,5,3,0,0,1,0.0,316.78830330004513,31.678830330004512
right_elbow,59,5,0,2,2,1,5,1,0,1,0.0,305.001547821217,30.5001547821217
left_hip,62,2,1,1,1,4,4,0,0,1,0.0,314.574205176183,31.4574205176183
right_hip,63,1,1,1,1,3,5,0,0,1,0.0,309.3445950798205,30.93445950798205
left_knee,61,4,0,1,1,7,1,0,0,1,0.0,320.1223955413282,32.01223955413282
right_knee,63,1,1,1,2,3,4,0,0,1,0.0,314.96731311932257,31.49673131193226
