Joints,0,1,2,3,4,5,6,7,8,9,Min,Max,Step
left_shoulder,56,1,4,3,2,4,0,2,1,3,0.0,188.3852082068787,18.83852082068787
right_shoulder,54,6,2,2,3,2,3,1,1,2,0.0,203.11551371052815,20.311551371052815
left_elbow,54,6,3,4,1,2,1,1,1,3,0.0,189.65338172802845,18.965338172802845
right_elbow,54,5,4,3,2,1,3,0,1,3,0.0,196.06175062258683,19.606175062258682
left_hip,55,6,3,4,1,2,0,1,1,3,0.0,187.23980134556618,18.72398013455662
right_hip,54,7,2,4,2,2,1,0,1,3,0.0,192.46453333582832,19.24645333358283
left_knee,54,8,0,0,5,1,3,1,1,3,0.0,186.496189108089,18.6496189108089
right_knee,61,1,0,3,4,0,2,1,3,1,0.0,208.27062724518586,20.827062724518587
