Joints,0,1,2,3,4,5,6,7,8,9,Min,Max,Step
left_shoulder,1,2,2,16,40,86,10,6,1,4,-131.08675831304393,124.05993931176405,25.514669762480793
right_shoulder,1,3,7,22,43,63,15,10,3,1,-177.41104784923436,172.99119273267644,35.040224058191086
left_elbow,10,5,7,19,70,30,8,10,4,5,-138.30282240082505,154.7637648188413,29.30665872196664
right_elbow,6,12,13,18,31,25,21,18,14,10,-168.50077011220168,153.88839061453518,32.2389160726737
left_hip,5,2,4,4,33,102,5,3,4,6,-90.43093618780969,84.41531632039735,17.4846252508207
right_hip,5,3,5,5,58,77,3,3,3,6,-92.67510077484906,91.28376016422716,18.39588609390762
left_knee,2,10,1,6,80,52,4,4,7,2,-108.96086437659277,110.47053633606606,21.943140071265887
right_knee,3,8,7,4,49,74,6,8,7,2,-100.82399427821885,98.15696145954395,19.898095573776274
