Joints,0,1,2,3,4,5,6,7,8,9,Min,Max,Step
left_shoulder,1,0,2,9,16,106,22,7,2,3,-156.57587906183025,122.77483405683417,27.935071311866437
right_shoulder,2,13,10,17,39,49,19,7,7,5,-119.21082769924786,122.11666700626586,24.132749470551374
left_elbow,2,1,12,16,52,56,14,5,6,4,-161.45862729656344,158.2629741189321,31.97216014154955
right_elbow,8,7,20,19,36,29,18,13,10,8,-159.5271423721224,164.82003759863488,32.43471799707572
left_hip,3,2,4,7,91,48,6,4,1,2,-95.1450376779544,100.10385238031492,19.524889005826935
right_hip,3,6,6,4,128,6,4,9,1,1,-117.32561615399338,138.88881735504876,25.621443350904215
left_knee,4,1,5,9,43,87,7,3,6,3,-136.62193163294012,133.29458319370025,26.99165148266404
right_knee,6,1,12,13,112,9,5,3,4,3,-104.07726891516934,132.27510077584316,23.635236969101257
