Joints,0,1,2,3,4,5,6,7,8,9,Min,Max,Step
left_shoulder,1,2,2,1,14,33,82,18,9,6,-119.97671743520964,71.88919395553448,19.18659113907441
right_shoulder,6,9,22,25,57,20,15,10,3,1,-99.98666992493162,128.9227709399789,22.89094408649106
left_elbow,6,10,4,11,40,52,25,8,9,3,-144.84588823947578,141.369515346772,28.621540358624785
right_elbow,1,12,16,15,32,39,21,12,13,7,-169.17690603121468,156.34009519505216,32.5517001226267
left_hip,4,2,4,8,130,8,5,1,5,1,-93.60913143950475,108.33140870899211,20.194054014849684
right_hip,4,7,2,5,127,10,4,5,2,2,-95.2231166139697,113.46146022790201,20.868457684187177
left_knee,2,6,4,2,41,95,7,2,7,2,-130.63607159975732,125.82717049085606,25.646324209061333
right_knee,3,1,11,9,41,76,13,6,5,3,-117.4183070988565,112.77999605779377,23.01983031566502
