Joints,0,1,2,3,4,5,6,7,8,9,Min,Max,Step
left_shoulder,9,29,18,16,15,11,41,23,2,4,0.2448976431806843,121.20408253186241,12.095918488868174
right_shoulder,23,33,27,14,13,10,16,21,7,4,0.16974733144330525,141.50296438133375,14.133321704989044
left_elbow,9,8,12,10,16,13,56,23,6,15,2.6123919487373235,178.79418154622726,17.618178959748995
right_elbow,21,13,12,21,12,16,24,18,20,11,0.0,179.99993524252116,17.999993524252115
left_hip,1,1,4,1,23,50,74,7,1,6,0.0,170.0266450984357,17.00266450984357
right_hip,2,5,6,1,7,103,39,0,3,2,0.0,178.14999985962052,17.814999985962054
left_knee,2,3,1,4,3,2,2,7,13,131,9.73064037121551,179.99999208242897,17.026935171121345
right_knee,1,0,1,1,1,9,6,7,41,101,4.940502496996396,180.0,17.50594975030036
