Joints,0,1,2,3,4,5,6,7,8,9,Min,Max,Step
left_shoulder,17,33,26,19,55,12,3,2,0,1,0.6256654130257471,173.47623877546206,17.285057336243632
right_shoulder,29,35,24,16,17,32,10,2,2,1,1.0415974978550402,180.0,17.895840250214498
left_elbow,8,8,9,10,17,11,50,28,14,13,0.2899140656308864,178.3695675924599,17.807965352682903
right_elbow,14,21,12,7,20,22,24,13,14,21,0.0,180.0,18.0
left_hip,1,3,2,21,50,40,41,2,3,5,22.990297866026665,172.0810432711209,14.909074540509422
right_hip,6,5,1,0,37,100,16,1,1,1,8.953453342066258,180.0,17.104654665793372
left_knee,2,1,4,8,0,3,4,2,26,118,56.65157334282682,179.99998049356086,12.334840715073398
right_knee,2,2,5,9,1,0,8,13,71,57,69.06689000388837,180.0,11.093310999611163
