Joints,0,1,2,3,4,5,6,7,8,9,Min,Max,Step
left_shoulder,117,5,12,7,2,3,10,7,2,2,0.0,65.26320609505149,6.526320609505149
right_shoulder,113,21,11,0,2,2,3,3,8,4,0.0,104.37480151173288,10.437480151173288
left_elbow,108,17,12,12,5,8,2,2,0,1,0.0,85.6369523470849,8.56369523470849
right_elbow,78,36,14,10,12,5,4,4,3,1,0.0,110.50197239668384,11.050197239668384
left_hip,125,16,6,11,4,3,0,0,1,1,0.0,116.2195902755755,11.62195902755755
right_hip,127,15,0,4,6,3,5,3,1,3,0.0,115.9547066632412,11.59547066632412
left_knee,116,4,5,8,8,6,15,3,0,2,0.0,57.76456618701194,5.776456618701194
right_knee,124,13,13,5,2,0,2,0,7,1,0.0,114.82447511029451,11.482447511029452
