Joints,0,1,2,3,4,5,6,7,8,9,Min,Max,Step
left_shoulder,119,17,8,0,9,6,6,0,0,2,0.0,96.38357666973481,9.63835766697348
right_shoulder,118,15,9,1,1,5,0,6,5,7,0.0,107.63398933486977,10.763398933486977
left_elbow,109,20,11,10,11,4,0,0,0,2,0.0,84.66837603192684,8.466837603192683
right_elbow,87,28,16,11,5,7,5,7,0,1,0.0,119.0044440646622,11.90044440646622
left_hip,123,16,5,10,6,5,0,0,0,2,0.0,97.9645168653027,9.79645168653027
right_hip,124,15,1,1,3,6,6,5,4,2,0.0,91.33307183645852,9.13330718364585
left_knee,120,19,11,15,0,0,0,0,0,2,0.0,106.95931422809544,10.695931422809544
right_knee,121,9,14,7,0,1,4,2,8,1,0.0,114.5925170112612,11.459251701126119
