Joints,0,1,2,3,4,5,6,7,8,9,Min,Max,Step
left_shoulder,2,2,3,4,69,112,5,3,1,3,-163.33134976993782,159.0837275305562,32.24150773004939
right_shoulder,2,6,2,10,120,51,3,2,5,3,-107.76691083604423,115.32156087077229,22.30884717068166
left_elbow,2,3,11,20,114,34,13,3,1,3,-125.49272755094299,141.11249235722332,26.660521990816633
right_elbow,2,2,3,15,38,115,18,5,1,5,-165.5994181085441,152.6954899100447,31.829490801858867
left_hip,4,7,9,17,75,64,13,8,6,1,-100.46595467148964,104.95241917505658,20.541837384654627
right_hip,4,6,10,23,44,69,23,12,11,2,-81.83564531360665,78.28773155825111,16.012337687185777
left_knee,5,3,9,22,112,34,6,4,5,4,-151.26001452101573,171.50957216404933,32.27695866850651
right_knee,2,6,10,29,84,44,15,9,2,3,-131.2655973744446,146.23435143868466,27.74999488131293
