Joints,0,1,2,3,4,5,6,7,8,9,Min,Max,Step
left_shoulder,2,5,4,11,40,120,14,2,4,2,-162.8936347567282,161.85578388883897,32.47494186455671
right_shoulder,3,4,3,18,136,24,6,5,4,1,-138.54698131320066,157.09372057303256,29.56407018862332
left_elbow,7,9,13,3,32,108,8,7,10,7,-154.9415125499855,154.9396176439945,30.988113019398
right_elbow,7,9,8,23,100,27,10,10,4,6,-153.02579751933143,167.67599215263678,32.070178967196824
left_hip,4,3,8,13,26,96,26,11,9,8,-113.6385543680615,92.8739481823818,20.65125025504433
right_hip,5,10,22,103,33,15,11,4,0,1,-98.53625490897,152.20914786948111,25.074540277845102
left_knee,9,3,5,7,33,120,8,8,5,6,-167.92587706852248,165.67777149762287,33.360364856614524
right_knee,6,3,9,12,113,36,10,6,5,4,-169.6184673370033,173.32552160939727,34.29439889464007
