Joints,0,1,2,3,4,5,6,7,8,9,Min,Max,Step
left_shoulder,153,33,6,5,1,1,2,1,0,2,0.0,171.9449554168282,17.19449554168282
right_shoulder,95,83,11,5,0,2,1,3,2,2,0.3138044485630754,131.17485127857094,13.086104683000787
left_elbow,2,2,0,1,3,11,12,105,52,16,2.619808964098248,180.0,17.738019103590176
right_elbow,3,2,3,0,2,6,4,21,42,121,0.0,179.99999060848992,17.999999060848992
left_hip,3,4,7,7,44,75,49,9,4,2,0.0,176.5982812009371,17.65982812009371
right_hip,3,2,7,8,28,78,37,29,9,3,0.0,159.4665839869167,15.946658398691671
left_knee,3,5,2,1,4,6,4,12,31,136,8.537736462515939e-07,179.99999466818528,17.999999381441164
right_knee,2,1,2,2,7,5,17,14,45,109,0.0,180.0,18.0
