Joints,0,1,2,3,4,5,6,7,8,9,Min,Max,Step
left_shoulder,158,30,7,4,0,2,0,1,0,2,0.2686131515271917,175.6040371162386,17.53354239647114
right_shoulder,106,62,16,8,2,1,3,1,3,2,0.3116145204908106,160.04037408423375,15.972875956374292
left_elbow,6,7,1,2,2,4,14,105,50,13,5.568739249805539,179.48981776509538,17.392107851528984
right_elbow,7,5,2,4,5,8,9,23,32,109,18.830175693759788,179.99999427271229,16.11698185789525
left_hip,5,5,16,6,25,76,49,12,5,5,0.0,176.1913465898566,17.61913465898566
right_hip,2,5,6,20,75,49,20,16,8,3,0.0,178.59478990328145,17.859478990328146
left_knee,4,1,2,2,7,4,3,21,47,113,0.0,180.0,18.0
right_knee,3,5,2,1,3,5,16,21,30,118,1.933333717728923,179.99998576474854,17.806665204701964
