Joints,0,1,2,3,4,5,6,7,8,9,Min,Max,Step
left_shoulder,121,45,17,8,6,2,1,2,1,1,0.0,145.32791016591997,14.532791016591997
right_shoulder,71,75,27,11,8,3,4,3,1,1,0.0,134.04395612306615,13.404395612306615
left_elbow,6,4,8,1,9,8,14,73,62,19,10.92138172348921,177.85734822746258,16.693596650397332
right_elbow,7,8,6,6,10,5,16,23,34,89,0.0,180.0,18.0
left_hip,6,4,5,19,37,80,36,14,1,2,0.0,179.99999494900695,17.999999494900695
right_hip,1,4,2,23,72,44,37,12,4,5,4.760351350593382,180.0,17.52396486494066
left_knee,5,6,3,3,3,3,11,15,35,120,0.0,179.99999322338178,17.999999322338176
right_knee,3,2,3,1,7,10,19,18,40,101,5.486175051132226,180.0,17.45138249488678
