Joints,0,1,2,3,4,5,6,7,8,9,Min,Max,Step
left_shoulder,5,5,9,29,45,71,45,23,8,6,-175.80644844482666,150.5447263619348,32.63511748067614
right_shoulder,3,5,14,51,86,55,18,8,4,2,-150.09582635587984,172.79013154333,32.28859578992099
left_elbow,9,15,39,40,55,35,32,10,3,8,-133.73150747185838,164.0472843063531,29.77787917782115
right_elbow,9,27,29,22,39,43,20,28,20,9,-154.39979572874088,160.53967526785922,31.493947099660005
left_hip,8,14,18,34,72,42,25,16,9,8,-175.64372545454984,180.0,35.564372545455
right_hip,8,9,24,29,31,81,25,17,12,10,-180.0,180.0,36.0
left_knee,9,14,16,36,70,49,21,10,7,14,-161.57686808430134,168.72108102308883,33.029794910739014
right_knee,7,14,17,17,45,88,21,16,14,7,-180.0,180.0,36.0
