Joints,0,1,2,3,4,5,6,7,8,9,Min,Max,Step
left_shoulder,56,76,43,28,9,10,5,10,4,5,0.0,174.69903607702557,17.469903607702555
right_shoulder,47,43,99,25,3,3,4,1,14,7,0.0,178.51825747915717,17.85182574791572
left_elbow,15,14,18,46,56,33,29,26,6,3,0.0,172.82599090934826,17.282599090934827
right_elbow,18,27,40,30,36,25,12,18,28,12,0.0,179.45726220557185,17.945726220557184
left_hip,23,21,22,26,11,31,54,26,17,15,0.0,180.0,18.0
right_hip,20,25,17,15,23,29,18,14,30,55,0.0,180.0,18.0
left_knee,69,55,35,21,17,10,12,14,4,9,0.0,180.0,18.0
right_knee,79,35,33,23,18,9,23,7,14,5,0.0,180.0,18.0
