Joints,0,1,2,3,4,5,6,7,8,9,Min,Max,Step
left_shoulder,54,72,54,29,14,7,8,3,3,2,0.0,172.26855137525231,17.22685513752523
right_shoulder,40,43,120,28,1,1,1,1,4,7,0.0,179.6037621019872,17.96037621019872
left_elbow,20,10,19,63,49,30,34,14,3,4,0.0,177.7558345220239,17.77558345220239
right_elbow,13,25,29,32,40,28,18,31,14,16,0.0,179.40368753440802,17.9403687534408
left_hip,9,15,31,14,11,32,68,32,19,15,0.0,180.0,18.0
right_hip,19,14,20,29,30,29,14,15,19,57,0.0,180.0,18.0
left_knee,41,85,61,23,14,9,4,5,0,4,0.0,180.0,18.0
right_knee,65,35,35,30,25,16,10,12,3,15,0.0,180.0,18.0
