Joints,0,1,2,3,4,5,6,7,8,9,Min,Max,Step
left_shoulder,1,0,0,8,16,77,9,0,0,1,-72.4379346897981,70.09234056756571,14.253027525736385
right_shoulder,2,4,8,17,36,22,15,2,3,3,-8.426838355699601,8.4706434206837,1.6897481776383305
left_elbow,8,38,52,12,1,0,0,0,0,1,-3.0350585570671527,11.661096663119311,1.4696155220186464
right_elbow,2,2,10,18,20,28,17,11,2,2,-5.2638090089572245,4.8497527422401845,1.011356175119741
left_hip,9,0,0,1,2,90,1,0,0,9,-180.0,180.0,36.0
right_hip,12,0,0,1,0,86,1,0,0,12,-180.0,180.0,36.0
left_knee,7,0,1,0,1,95,0,1,0,7,-180.0,180.0,36.0
right_knee,11,0,1,0,59,29,0,1,0,11,-95.9002210010027,96.0920579700277,19.199227897103043
