Joints,0,1,2,3,4,5,6,7,8,9,Min,Max,Step
left_shoulder,5,8,1,2,68,13,0,8,5,2,-28.113508626897488,31.93621804483769,6.004972667173519
right_shoulder,2,4,8,11,27,34,15,5,2,4,-9.313956455818683,8.504535727225884,1.7818492183044565
left_elbow,30,63,17,1,0,0,0,0,0,1,-2.147342706534282,13.690060063494347,1.5837402770028628
right_elbow,4,5,10,27,29,22,9,3,2,1,-4.768675075275894,5.925236515930778,1.0693911591206673
left_hip,10,0,0,0,2,87,0,0,0,13,-180.0,180.0,36.0
right_hip,11,0,1,1,0,87,0,1,0,11,-180.0,180.0,36.0
left_knee,13,0,0,0,2,86,0,1,0,10,-180.0,180.0,36.0
right_knee,9,3,2,0,32,52,0,2,2,10,-115.63303447447164,115.18734034356129,23.082037481803283
