Joints,0,1,2,3,4,5,6,7,8,9,Min,Max,Step
left_shoulder,1,0,0,1,80,27,2,0,0,1,-123.951182746217,125.96050721518259,24.99116899613996
right_shoulder,1,3,5,10,22,40,18,5,5,3,-10.214140932363435,8.290724407195043,1.8504865339558485
left_elbow,14,51,40,6,0,0,0,0,0,1,-3.4547055429545988,15.130938574528196,1.8585644117482794
right_elbow,2,4,9,20,21,27,17,5,4,3,-5.275754215623606,5.149105075401735,1.0424859291025337
left_hip,10,0,0,0,1,90,0,0,0,11,-180.0,180.0,36.0
right_hip,13,0,0,0,0,87,0,0,0,12,-180.0,180.0,36.0
left_knee,10,0,1,0,1,90,0,2,0,8,-180.0,180.0,36.0
right_knee,13,0,0,0,32,53,1,0,1,12,-95.7872340185233,95.54080652490885,19.132804054343225
