Joints,0,1,2,3,4,5,6,7,8,9,Min,Max,Step
left_shoulder,1,0,0,0,0,0,2,13,82,14,-147.56016350802597,29.49262811168664,17.705279161971248
right_shoulder,3,2,7,3,12,30,35,12,5,3,-10.292584281350416,7.047951596885596,1.7340535878236008
left_elbow,15,51,38,6,1,0,0,0,0,1,-2.6860610460541423,12.130918118668028,1.481697916472217
right_elbow,2,3,12,18,24,28,13,4,4,4,-4.443905936254026,4.426789832272122,0.8870695768526149
left_hip,11,0,0,0,1,88,0,0,0,12,-180.0,180.0,36.0
right_hip,13,0,0,0,0,87,0,0,0,12,-180.0,180.0,36.0
left_knee,11,0,0,0,2,87,0,0,1,11,-180.0,180.0,36.0
right_knee,13,0,0,0,39,48,0,0,0,12,-95.77772621550255,95.68378954160356,19.146151575710604
