Joints,0,1,2,3,4,5,6,7,8,9,Min,Max,Step
left_shoulder,1,0,0,0,60,50,0,0,0,1,-147.5435092997938,147.58168568669575,29.512519498648956
right_shoulder,1,1,6,16,29,25,23,5,2,4,-10.168220853232157,8.878583127323623,1.9046803980555786
left_elbow,5,27,62,16,1,0,0,0,0,1,-3.3797502399845527,11.636277836628635,1.5016028076613188
right_elbow,1,5,8,11,25,24,22,9,2,5,-4.70302873882153,4.180826236533022,0.888385497535455
left_hip,11,0,0,0,2,88,0,0,0,11,-180.0,180.0,36.0
right_hip,13,0,0,1,0,85,1,0,0,12,-180.0,180.0,36.0
left_knee,8,0,2,0,1,90,0,3,0,8,-180.0,180.0,36.0
right_knee,13,0,0,0,56,29,1,0,1,12,-95.5594358211396,96.04759643264299,19.160703225378256
