Joints,0,1,2,3,4,5,6,7,8,9,Min,Max,Step
left_shoulder,1,5,10,0,14,64,2,5,8,3,-35.349847248002405,33.04772320396549,6.839757045196791
right_shoulder,2,1,3,8,13,39,25,13,4,4,-11.085535179917414,7.782964065265317,1.8868499245182733
left_elbow,9,57,39,5,1,0,0,0,0,1,-2.8122583364359173,12.575637266130025,1.5387895602565942
right_elbow,3,2,15,24,20,28,11,4,3,2,-4.699707361450691,5.174633995913922,0.9874341357364615
left_hip,12,0,1,2,2,78,2,0,0,15,-180.0,180.0,36.0
right_hip,13,0,0,2,0,82,2,0,0,13,-180.0,180.0,36.0
left_knee,13,0,2,0,1,83,0,2,1,10,-180.0,180.0,36.0
right_knee,13,0,0,1,44,40,1,0,0,13,-95.68600629236195,95.67849193476098,19.136449822712294
