Joints,0,1,2,3,4,5,6,7,8,9,Min,Max,Step
left_shoulder,6,3,1,2,79,12,0,3,4,2,-25.639815042485964,29.49133347107218,5.513114851355816
right_shoulder,1,1,4,6,20,38,22,12,6,2,-11.085040838482456,7.983143665170601,1.9068184503653054
left_elbow,22,74,15,0,0,0,0,0,0,1,-2.54998541665794,16.472302293047044,1.9022287709704984
right_elbow,1,1,12,15,26,30,16,9,0,2,-5.684543741488112,5.456789934754681,1.1141333676242793
left_hip,9,0,0,0,3,91,0,0,0,9,-180.0,180.0,36.0
right_hip,11,1,0,2,0,86,0,0,0,12,-180.0,180.0,36.0
left_knee,8,0,0,0,1,95,0,1,0,7,-180.0,180.0,36.0
right_knee,12,0,0,0,50,38,0,0,0,12,-95.57298015483255,95.79439133820203,19.136737149303457
