Joints,0,1,2,3,4,5,6,7,8,9,Min,Max,Step
left_shoulder,7,6,37,38,0,0,1,4,12,7,2.699869328381916e-06,32.69051480612783,3.2690512106258502
right_shoulder,3,1,1,2,2,2,26,27,36,12,86.85593878798363,123.00568472260551,3.6149745934621933
left_elbow,53,53,1,0,0,0,0,1,0,4,40.000349068137226,64.03961020071796,2.4039261132580734
right_elbow,5,14,15,16,21,14,10,3,3,11,121.15821556781158,144.0963077044305,2.2938092136618877
left_hip,94,0,0,0,0,0,0,0,0,18,0.0,180.0,18.0
right_hip,84,0,0,1,0,1,0,0,0,26,0.0,180.0,18.0
left_knee,37,0,0,0,0,2,0,0,0,73,0.0,180.0,18.0
right_knee,82,1,0,0,0,2,0,0,26,1,28.383754853258573,148.07749059077082,11.96937357375122
