Joints,0,1,2,3,4,5,6,7,8,9,Min,Max,Step
left_shoulder,8,7,29,47,2,0,1,5,6,7,0.0,31.908153387999658,3.1908153387999656
right_shoulder,2,2,2,1,0,2,16,31,35,21,86.04216815084891,122.13476933915277,3.6092601188303917
left_elbow,38,65,4,0,0,0,0,0,2,3,39.81972158811469,63.832103030931044,2.401238144281635
right_elbow,9,13,10,20,16,15,13,2,1,13,121.66140667031321,143.49368941612195,2.1832282745808698
left_hip,97,0,0,0,0,0,0,0,0,15,0.0,180.0,18.0
right_hip,85,0,0,2,0,0,0,0,0,25,0.0,180.0,18.0
left_knee,33,0,0,0,0,2,0,0,0,77,0.0,180.0,18.0
right_knee,85,0,2,0,0,0,0,0,0,25,28.29085487808165,127.74681446959544,9.94559595915138
