Joints,0,1,2,3,4,5,6,7,8,9,Min,Max,Step
left_shoulder,19,73,4,15,0,0,0,0,0,1,0.0,81.59064969908546,8.159064969908545
right_shoulder,2,2,2,1,0,4,24,29,31,17,86.0083988313618,122.984515443199,3.697611661183714
left_elbow,46,58,2,0,0,0,0,1,2,3,39.8758693259341,64.23458548733693,2.4358716161402825
right_elbow,14,11,13,18,20,12,8,2,5,9,122.29826237529743,144.28754156050587,2.1989279185208517
left_hip,96,0,0,1,0,0,0,0,0,15,0.0,180.0,18.0
right_hip,84,0,1,0,0,0,0,0,0,27,0.0,180.0,18.0
left_knee,34,0,0,0,1,1,1,0,0,75,0.0,180.0,18.0
right_knee,84,0,0,0,0,1,0,0,0,27,28.38944686983816,128.1909993461629,9.980155247632474
