Joints,0,1,2,3,4,5,6,7,8,9,Min,Max,Step
left_shoulder,90,21,0,0,0,0,0,0,0,1,0.0,156.63217682423812,15.663217682423811
right_shoulder,2,3,1,1,1,2,24,32,33,13,86.8535125890974,123.20448543836343,3.6350972849266014
left_elbow,42,60,4,0,0,0,0,2,0,4,39.900080290988974,64.03752336900804,2.413744307801906
right_elbow,9,13,11,19,22,9,13,2,2,12,121.77111906916159,143.6793536061367,2.1908234536975044
left_hip,96,0,0,0,0,0,0,0,0,16,0.0,180.0,18.0
right_hip,85,0,0,1,0,0,0,0,0,26,0.0,180.0,18.0
left_knee,31,0,0,0,1,2,1,0,0,77,0.0,180.0,18.0
right_knee,1,0,84,0,1,0,0,0,0,26,0.0,128.25127882118625,12.825127882118625
