Joints,0,1,2,3,4,5,6,7,8,9,Min,Max,Step
left_shoulder,90,16,5,0,0,0,0,0,0,1,0.0,148.32032672578575,14.832032672578574
right_shoulder,2,3,1,1,2,12,40,33,17,1,86.00677309091971,127.60406571678105,4.15972926258614
left_elbow,29,69,8,0,0,0,0,2,2,2,39.3864838419732,64.92607448150207,2.553959063952888
right_elbow,10,13,9,23,17,15,8,3,1,13,121.8706931349323,143.70181053421712,2.183111739928478
left_hip,94,0,0,0,0,0,0,0,0,18,0.0,180.0,18.0
right_hip,83,0,0,0,0,0,0,0,0,29,0.0,180.0,18.0
left_knee,36,0,0,0,0,0,2,0,0,74,0.0,180.0,18.0
right_knee,1,0,82,0,0,0,0,0,0,29,0.0,128.40504611028436,12.840504611028436
