Joints,0,1,2,3,4,5,6,7,8,9,Min,Max,Step
left_shoulder,6,19,62,1,0,7,14,2,0,1,6.445849674396955e-06,43.630293865404994,4.3630287419555325
right_shoulder,2,2,2,1,1,3,21,27,38,15,85.98503423789099,122.98469999854919,3.699966576065819
left_elbow,43,55,8,0,0,0,0,2,0,4,39.86036653798354,62.96934873883677,2.3108982200853205
right_elbow,10,15,11,23,16,12,9,2,8,6,121.96473527016774,144.64489780857772,2.2680162538409974
left_hip,91,0,0,2,0,1,0,0,0,18,0.0,180.0,18.0
right_hip,83,0,2,0,0,0,0,0,0,27,0.0,180.0,18.0
left_knee,35,0,0,0,2,0,2,0,0,73,0.0,180.0,18.0
right_knee,1,0,84,0,0,0,0,0,0,27,0.0,127.76577527214998,12.776577527214998
