Joints,0,1,2,3,4,5,6,7,8,9,Min,Max,Step
left_shoulder,33,32,24,11,3,3,1,1,2,1,0.0,5.707704229263617,0.5707704229263617
right_shoulder,21,46,21,9,6,0,1,1,2,4,0.0,5.334245931343208,0.5334245931343208
left_elbow,45,26,14,10,1,3,6,5,0,1,0.0,8.197442679104148,0.8197442679104148
right_elbow,24,36,20,13,8,3,2,3,1,1,0.0,7.343428794847468,0.7343428794847469
left_hip,75,13,2,0,0,2,2,1,11,5,0.0,52.06674858878011,5.206674858878011
right_hip,38,31,14,8,4,10,4,0,1,1,0.0,10.269314026033808,1.0269314026033807
left_knee,110,0,0,0,0,0,0,0,0,1,0.0,107.44071139907079,10.74407113990708
right_knee,95,0,0,0,0,0,0,0,1,15,0.0,109.68904842738635,10.968904842738635
