Joints,0,1,2,3,4,5,6,7,8,9,Min,Max,Step
left_shoulder,48,35,12,10,2,2,0,0,1,1,0.10258618503852192,7.369126630912478,0.7266540445873957
right_shoulder,32,44,19,6,3,0,3,2,1,1,0.07942163795294725,6.155576849631728,0.607615521167878
left_elbow,30,30,11,9,3,5,3,6,7,7,0.09868266980692952,6.7202973005253845,0.6621614630718455
right_elbow,24,33,16,18,4,5,3,2,3,3,0.1573598974559377,6.286433836583183,0.6129073939127245
left_hip,83,4,22,1,0,0,0,0,0,1,0.08749367328371838,170.9252462947634,17.08377526214797
right_hip,110,0,0,0,0,0,0,0,0,1,0.06681397383721845,197.2678237396552,19.720100976581797
left_knee,110,0,0,0,0,0,0,0,0,1,0.05498762509759431,107.74033024637909,10.76853426212815
right_knee,85,0,0,0,16,9,0,0,0,1,0.17002824558863994,205.76787212195453,20.55978438763659
