Joints,0,1,2,3,4,5,6,7,8,9,Min,Max,Step
left_shoulder,40,35,14,11,5,2,2,1,0,1,0.10093967725115116,6.67020230200436,0.6569262624753208
right_shoulder,36,42,20,4,3,2,1,1,1,1,0.08046930414768258,6.641642287312225,0.6561172983164542
left_elbow,37,32,10,8,8,3,4,6,1,2,0.15936440171533184,8.076615172675707,0.7917250770960375
right_elbow,26,32,19,14,5,5,2,1,5,2,0.2007250371774884,6.25882061612801,0.6058095578950522
left_hip,73,8,1,0,0,1,1,2,7,18,0.14899413013908264,49.88618142934001,4.973718729920093
right_hip,37,26,16,13,2,4,4,5,3,1,0.07733901242957165,9.629273571862894,0.9551934559433322
left_knee,110,0,0,0,0,0,0,0,0,1,0.15936440171533184,106.85423941334999,10.669487501163465
right_knee,86,0,0,0,0,13,11,0,0,1,0.1569510010573335,170.88781487160773,17.07308638705504
