Joints,0,1,2,3,4,5,6,7,8,9,Min,Max,Step
left_shoulder,42,30,20,7,6,3,0,1,1,1,0.10186088641096533,6.669456669274767,0.6567595782863802
right_shoulder,36,46,13,4,3,3,3,1,1,1,0.09312773862114533,6.455081807339638,0.6361954068718492
left_elbow,34,29,14,8,4,4,6,4,4,4,0.020831293016103744,6.925785397786982,0.6904954104770878
right_elbow,28,35,20,8,4,9,1,1,3,2,0.18196180107557414,6.721031815185751,0.6539070014110177
left_hip,72,4,0,1,2,6,19,3,0,4,0.10441707201800944,72.02690540678759,7.192248833476958
right_hip,109,0,0,0,0,0,0,0,0,2,0.06623871088560697,201.06287323469243,20.099663452380682
left_knee,110,0,0,0,0,0,0,0,0,1,0.02241243952256589,107.59417798497827,10.75717655454557
right_knee,84,1,0,0,0,0,0,0,6,20,0.024017920480859628,112.18929738693508,11.216527946645423
