Joints,0,1,2,3,4,5,6,7,8,9,Min,Max,Step
left_shoulder,18,40,26,13,6,3,0,2,2,1,0.041165090885084035,5.752137988801391,0.5710972897916308
right_shoulder,32,44,18,4,5,2,2,3,0,1,0.14871919718240484,6.3087796846736275,0.6160060487491223
left_elbow,27,35,15,9,3,6,3,3,7,3,0.0661523172128172,6.795410527321774,0.6729258210108957
right_elbow,18,33,23,14,5,8,3,2,1,4,0.056018346044724006,6.2745366589929725,0.6218518312948248
left_hip,86,4,19,0,0,0,0,0,0,2,0.1157216874818451,181.86339799307785,18.1747676305596
right_hip,109,0,0,0,0,0,0,0,0,2,0.10695913523637304,203.99661063218159,20.38896514969452
left_knee,110,0,0,0,0,0,0,0,0,1,0.05109843189347632,108.01589596105178,10.79647975291583
right_knee,85,0,0,0,0,0,0,0,5,21,0.06160756255787048,109.36801559470969,10.930640803215182
