Joints,0,1,2,3,4,5,6,7,8,9,Min,Max,Step
left_shoulder,28,41,23,9,4,3,0,1,1,1,0.04607904755865168,6.605271545481153,0.6559192497922501
right_shoulder,35,42,17,7,2,2,2,3,0,1,0.0736380575851697,6.294328099501718,0.6220690041916549
left_elbow,33,33,14,7,6,1,5,8,3,1,0.10410180767273794,7.053950078392463,0.6949848270719725
right_elbow,21,32,27,12,10,3,0,1,4,1,0.01697025006559095,6.934765019313643,0.6917794769248051
left_hip,86,2,21,0,0,0,0,0,0,2,0.16111388239781332,171.88026252646299,17.171914864406517
right_hip,109,0,0,0,0,0,0,0,0,2,0.08467630551003398,194.944669816493,19.485999351098293
left_knee,110,0,0,0,0,0,0,0,0,1,0.14777477921258214,107.87980199325865,10.773202721404607
right_knee,83,0,0,0,0,17,9,0,0,2,0.14627873689221,173.42053196722026,17.327425323032806
