Joints,0,1,2,3,4,5,6,7,8,9,Min,Max,Step
left_shoulder,29,41,20,11,2,4,2,1,0,1,0.030230988459464245,6.291104203421216,0.6260873214961752
right_shoulder,27,48,15,9,3,2,2,0,2,3,0.10183920671039096,5.478850228436656,0.5377011021726265
left_elbow,34,26,16,8,6,5,7,2,5,2,0.04013687563607956,6.907884134270312,0.6867747258634233
right_elbow,26,33,25,9,9,3,2,0,2,2,0.0498504638671875,7.352303150624612,0.7302452686757425
left_hip,76,14,0,1,0,1,2,3,7,7,0.05053458057747825,50.42577173288002,5.037523715230255
right_hip,42,28,14,7,6,6,2,3,1,2,0.16598997549053673,9.776137338189688,0.9610147362699151
left_knee,110,0,0,0,0,0,0,0,0,1,0.04013687563607956,108.23384399310915,10.819370711747307
right_knee,85,0,0,0,16,7,0,0,2,1,0.14076555036461735,207.7909654339765,20.76501998836119
