Joints,0,1,2,3,4,5,6,7,8,9,Min,Max,Step
left_shoulder,4,0,2,8,64,7,4,2,1,2,-77.4566490197963,89.75092193346735,16.720757095326363
right_shoulder,1,0,1,5,8,70,3,3,2,1,-159.91346725731486,140.30498938571068,30.02184566430256
left_elbow,3,0,2,3,66,12,3,1,2,2,-155.34740489626998,157.3562707817172,31.270367567798715
right_elbow,3,0,3,7,5,64,5,2,3,2,-155.42721951255945,152.778100011619,30.820531952417838
left_hip,2,2,2,3,14,58,5,3,2,3,-100.46800825203177,99.04303439451859,19.95110426465503
right_hip,2,0,7,4,63,9,4,2,1,2,-102.3449680778555,112.49116129810028,21.48361293759558
left_knee,3,4,4,3,68,1,1,6,3,1,-133.63945088368448,164.39954795767954,29.8038998841364
right_knee,1,2,2,5,7,65,5,2,2,3,-97.31898227922336,92.22993601714884,18.95489182963722
