Joints,0,1,2,3,4,5,6,7,8,9,Min,Max,Step
left_shoulder,38,34,66,66,26,6,3,2,4,1,1.566040431290012,176.5549909849914,17.498895055370138
right_shoulder,24,28,34,60,56,27,10,2,1,4,0.0,133.77925247327008,13.377925247327008
left_elbow,22,22,30,35,47,23,19,8,18,22,0.0,177.9984356107417,17.79984356107417
right_elbow,25,22,17,52,41,19,13,17,18,22,1.1000103948581643e-05,178.0570152434945,17.805700424339058
left_hip,4,1,2,19,77,109,15,11,6,2,0.0,180.0,18.0
right_hip,4,10,16,21,68,88,25,6,4,4,0.0,177.18161714021522,17.718161714021523
left_knee,7,5,1,4,6,8,11,17,45,142,0.0,180.0,18.0
right_knee,5,5,6,5,7,11,10,23,52,122,0.0,180.0,18.0
