Joints,0,1,2,3,4,5,6,7,8,9,Min,Max,Step
left_shoulder,1,1,5,7,22,241,13,4,3,3,-169.76383440460864,145.9180012196236,31.56818356242323
right_shoulder,2,1,7,16,227,34,6,4,1,2,-150.36992968310483,167.07269487342649,31.74426245565313
left_elbow,3,6,13,10,212,33,7,9,5,2,-133.60431485055474,148.65782897599217,28.22621438265469
right_elbow,4,4,4,12,40,204,16,9,5,2,-134.12560913442468,124.61085288173719,25.873646201616182
left_hip,1,0,3,7,7,93,166,11,10,2,-161.36427786714947,105.26795849604359,26.663223636319316
right_hip,5,8,14,178,73,11,7,3,0,1,-90.71069646756264,144.13974913230174,23.485044559986434
left_knee,3,0,1,13,169,101,8,2,1,2,-61.316124563014256,62.72764722393706,12.404377178695128
right_knee,1,0,0,4,191,100,3,0,0,1,-142.37856501640115,145.0796917237058,28.74582567401069
