Joints,0,1,2,3,4,5,6,7,8,9,Min,Max,Step
left_shoulder,1,1,4,5,54,218,10,4,2,1,-169.76404848064985,158.2776867468743,32.80417352275242
right_shoulder,4,4,10,44,216,12,4,3,1,2,-106.67781924732256,148.83223045670024,25.55100497040229
left_elbow,2,5,13,10,129,108,16,9,6,2,-171.45703565602525,172.32003038894456,34.37770660449698
right_elbow,2,5,7,13,27,209,19,8,7,3,-127.04217791352768,112.57036179335209,23.961253970687977
left_hip,4,2,2,6,110,156,11,3,3,3,-116.24903886901451,114.8547884614394,23.110382733045398
right_hip,6,1,9,40,213,20,3,4,3,1,-90.70412640058164,118.16417157215656,20.88682979727382
left_knee,2,1,2,12,88,175,16,1,1,2,-55.2523580728176,52.803628571252794,10.805598664407043
right_knee,1,0,2,8,36,236,11,3,2,1,-81.6960927505834,73.10829880088335,15.48043915514667
