Joints,0,1,2,3,4,5,6,7,8,9,Min,Max,Step
left_shoulder,1,2,4,5,29,238,8,7,5,1,-169.76430105523463,145.91656279852728,31.568086385376205
right_shoulder,1,2,5,14,224,39,10,3,1,1,-154.46589510214687,166.22983481090805,32.06957299130549
left_elbow,1,8,8,7,47,198,12,8,6,5,-150.34535108423663,137.53902731767042,28.78843784019071
right_elbow,1,4,7,14,140,110,14,6,2,2,-165.20768393844355,166.33275969670098,33.15404436351446
left_hip,5,1,7,7,88,169,9,5,6,3,-114.71976546009772,111.2993944680845,22.60191599281822
right_hip,5,4,8,37,210,22,5,6,2,1,-90.70102401762676,115.1799228831064,20.58809469007332
left_knee,2,1,1,11,68,201,12,1,1,2,-58.47543271021723,55.16948203412815,11.364491474434537
right_knee,2,2,5,12,146,116,9,5,1,2,-46.033709599170635,46.584977877576286,9.26186874767469
