Joints,0,1,2,3,4,5,6,7,8,9,Min,Max,Step
left_shoulder,1,1,4,2,27,245,12,3,3,2,-169.76389908863987,145.91694348294658,31.56808425715866
right_shoulder,1,5,6,32,229,15,6,4,0,2,-114.26321466417228,148.59474796342462,26.28579626275969
left_elbow,3,5,15,8,207,38,7,10,5,2,-153.77991085848984,166.67528333668918,32.0455194195179
right_elbow,4,4,12,9,44,190,16,7,12,2,-136.67587527319358,126.02883128709036,26.270470656028394
left_hip,2,2,6,5,91,173,8,5,7,1,-115.47263790018428,110.14756853592243,22.56202064361068
right_hip,3,6,5,6,174,87,9,5,3,2,-110.05310348860714,115.18090223128223,22.523400571988944
left_knee,2,0,1,9,161,119,5,1,1,1,-69.89722286802818,70.89506244219766,14.079228531022586
right_knee,1,0,1,1,5,100,179,10,0,3,-84.75578125677433,55.073519313380025,13.982930057015437
