Joints,0,1,2,3,4,5,6,7,8,9,Min,Max,Step
left_shoulder,1,1,4,5,28,243,9,3,3,3,-169.76422104373614,145.91870101040536,31.56829220541414
right_shoulder,2,5,12,186,79,7,6,2,0,1,-94.92803739110704,147.13964455102908,24.20676819421361
left_elbow,2,3,12,3,63,189,10,9,6,3,-146.79354041074052,137.60070709842904,28.439424750916956
right_elbow,5,6,4,14,143,95,19,5,6,3,-125.11342241304456,126.98086463226679,25.209428704531135
left_hip,1,1,3,8,16,217,36,11,6,1,-143.53125438744758,111.21500048789015,25.47462548753377
right_hip,4,8,7,21,196,44,7,8,3,2,-91.33446480390973,106.27535928253664,19.760982408644637
left_knee,4,0,3,8,172,101,6,2,2,2,-71.83693715089484,74.29346592114268,14.613040307203754
right_knee,1,0,1,2,8,75,202,6,3,2,-100.65728716403706,64.69296516855293,16.535025233259006
