Joints,0,1,2,3,4,5,6,7,8,9,Min,Max,Step
left_shoulder,33,79,136,31,4,7,4,2,1,3,0.0,173.001677236023,17.3001677236023
right_shoulder,87,98,47,32,16,10,5,2,0,3,0.0,167.87835290175792,16.787835290175792
left_elbow,5,5,10,10,10,19,10,8,35,188,0.0,180.0,18.0
right_elbow,7,15,9,9,8,18,6,24,27,177,0.3552378436820981,180.0,17.96447621563179
left_hip,6,3,15,46,32,59,80,50,8,1,3.65240187229144,166.30425638495285,16.26518545126614
right_hip,2,4,14,76,86,65,31,12,5,5,9.504887383393877,174.80543441205657,16.530054702866266
left_knee,1,0,0,1,0,5,67,96,81,49,74.73809957390446,179.97338188097766,10.523528230707313
right_knee,1,0,0,0,1,3,2,72,119,102,73.63353052565361,179.4556131293431,10.582208260368944
