Joints,0,1,2,3,4,5,6,7,8,9,Min,Max,Step
left_shoulder,249,34,4,3,4,1,0,0,0,4,0.07163389787164752,162.44476904345527,16.237313514558362
right_shoulder,269,20,2,0,1,5,0,0,0,2,0.03343371391726057,253.74838129776498,25.371494758384774
left_elbow,250,17,23,7,0,0,0,0,0,2,0.06619167415131884,172.22490406845898,17.215871239430765
right_elbow,237,20,3,13,18,5,1,0,0,2,0.05234127198944029,109.94179469450368,10.988945342251425
left_hip,290,5,0,0,0,1,1,0,0,2,0.07607634411941412,173.18887490642587,17.311279856230648
right_hip,273,21,1,0,0,0,0,1,1,2,0.051150123872833034,164.56682419639327,16.451567407252043
left_knee,283,12,0,0,0,2,0,0,0,2,0.059467318977337764,195.45068536032682,19.539121804134947
right_knee,277,16,2,0,0,0,0,0,0,4,0.018890085048547188,149.1256450147171,14.910675492966854
