Joints,0,1,2,3,4,5,6,7,8,9,Min,Max,Step
left_shoulder,256,29,2,3,1,2,0,0,2,4,0.04224846574545611,161.5450879558603,16.150283949011488
right_shoulder,244,33,10,1,1,0,0,2,6,2,0.0308757138155264,150.76379814315902,15.073292242934349
left_elbow,186,37,22,11,9,6,11,8,4,5,0.04217283090590041,66.39132884319702,6.634915601229112
right_elbow,260,8,12,15,2,0,0,0,1,1,0.04343444861635085,156.04048319730057,15.599704874868422
left_hip,199,63,17,16,1,1,0,0,0,2,0.034710563262325383,50.59731916402654,5.056260860076422
right_hip,254,27,15,1,0,0,0,0,1,1,0.024057648933394345,103.21980059267614,10.319574294374274
left_knee,151,64,34,24,7,5,3,3,5,3,0.022016181487058348,31.99891872660202,3.1976902545114965
right_knee,257,27,13,0,0,0,0,0,1,1,0.013629515626338164,114.93086233652063,11.49172328208943
