Joints,0,1,2,3,4,5,6,7,8,9,Min,Max,Step
left_shoulder,252,29,9,2,1,0,0,0,2,4,0.027951271890490376,162.0879456844084,16.20599944125179
right_shoulder,250,29,7,2,3,0,0,1,2,5,0.03646411629918165,148.06022615862562,14.802376204232644
left_elbow,244,22,25,6,0,0,0,0,0,2,0.0318384350926164,177.9159888254959,17.788415039040327
right_elbow,238,20,5,11,17,4,1,0,0,3,0.03785619634800808,109.22539735424624,10.918754115789824
left_hip,291,6,0,0,0,0,0,0,0,2,0.007627826529545095,169.22435395235286,16.92167261258233
right_hip,266,28,3,0,0,0,0,0,0,2,0.02305514790268516,153.5538516049319,15.353079645702923
left_knee,280,17,0,0,0,0,0,0,0,2,0.026877681259164773,200.0338246863769,20.000694700511776
right_knee,274,19,4,0,0,0,0,0,0,2,0.020106151479539574,144.21367329929882,14.419356714781927
