Joints,0,1,2,3,4,5,6,7,8,9,Min,Max,Step
left_shoulder,250,29,4,6,4,0,0,0,3,3,0.047582270018101655,163.08685458050073,16.303927231048263
right_shoulder,269,20,1,1,4,2,0,0,0,2,0.03157073325471739,275.0300306155708,27.499845988231606
left_elbow,188,43,19,7,6,13,11,5,5,2,0.03367976340795737,69.24062675500406,6.920694699159609
right_elbow,258,9,22,8,0,0,0,0,0,2,0.03367976340795737,162.28140289790164,16.22477231344937
left_hip,267,29,1,0,0,0,0,0,0,2,0.002550592286966455,111.1319563425572,11.112940575027023
right_hip,276,20,1,0,0,0,0,0,0,2,0.02164663467210488,167.74207615763856,16.772042952296648
left_knee,263,28,6,0,0,0,0,0,0,2,0.01438285557275774,115.47245909682314,11.545807624125038
right_knee,285,12,0,0,0,0,0,0,0,2,0.007030130005751192,189.31811471055957,18.931108458055384
