Joints,0,1,2,3,4,5,6,7,8,9,Min,Max,Step
left_shoulder,266,22,2,1,0,0,0,0,5,3,0.024582591127281332,172.48276644127174,17.245818385014445
right_shoulder,263,21,4,1,0,0,0,2,6,2,0.023790502551610627,152.60832720848023,15.258453670592862
left_elbow,200,54,18,8,5,3,1,2,5,3,0.02455935636482789,53.672477250587605,5.364791789422278
right_elbow,219,46,7,2,3,9,7,5,0,1,0.0245497094260286,73.96438680163939,7.393983709221336
left_hip,150,60,36,27,11,8,4,0,2,1,0.005535098127720863,26.584398386882434,2.6578863288754713
right_hip,142,54,43,21,16,4,6,4,6,3,0.00849877909721459,25.94428975952149,2.5935790980424276
left_knee,160,60,32,19,14,4,3,2,4,1,0.02764143221192941,31.441407277526594,3.1413765845314665
right_knee,147,52,48,16,18,10,2,0,3,3,0.01185860723496853,26.83454729322187,2.68226886859869
