Joints,0,1,2,3,4,5,6,7,8,9,Min,Max,Step
left_shoulder,265,25,2,2,1,0,0,0,3,1,0.01901679234364189,161.59413033045203,16.15751135381084
right_shoulder,245,28,14,6,1,1,0,0,1,3,0.016436952858329284,140.23389641698466,14.021745946412633
left_elbow,182,46,20,9,7,5,7,14,6,3,0.005723408854603192,63.59364273964938,6.358791933079479
right_elbow,200,48,11,1,3,6,15,10,3,2,0.051355482896469316,71.33856808303739,7.128721260014092
left_hip,131,63,42,29,12,10,8,2,0,2,0.07892621733118542,25.97960430825293,2.5900678090921745
right_hip,188,62,20,8,16,3,0,1,0,1,0.06031442829987747,49.97007242767052,4.990975799937065
left_knee,155,55,36,16,18,4,5,1,5,4,0.020487697420720444,31.107126197342623,3.1086638499921904
right_knee,168,66,25,21,7,1,3,5,2,1,0.02129530618260121,37.29991750135189,3.727862219516929
