Joints,0,1,2,3,4,5,6,7,8,9,Min,Max,Step
left_shoulder,1,0,5,14,28,219,13,12,6,2,-82.21898874969375,69.19837493210056,15.141736368179437
right_shoulder,2,3,4,15,128,124,11,8,3,2,-69.6641429290662,69.65739009732921,13.932153302639541
left_elbow,3,13,16,17,81,122,16,18,9,5,-129.9747791760305,129.6877340228949,25.966251319892535
right_elbow,1,4,4,22,34,197,20,13,3,2,-166.89543304949845,153.75789879628755,32.065333184578606
left_hip,2,2,1,15,63,174,30,10,0,3,-64.76968504796787,57.57555303718755,12.23452380851554
right_hip,2,6,7,20,74,153,20,8,5,5,-46.86924055584107,45.07719877926586,9.194643933510697
left_knee,1,4,14,36,180,43,14,6,1,1,-49.476536754955866,58.0299661979584,10.750650295291429
right_knee,5,5,8,16,126,105,19,9,2,5,-50.7527300819003,51.14124950473402,10.189397958663427
