Joints,0,1,2,3,4,5,6,7,8,9,Min,Max,Step
left_shoulder,1,0,5,13,25,222,14,15,4,1,-82.21894655081283,69.19769239227733,15.14166389430902
right_shoulder,2,3,6,8,125,130,15,7,2,2,-69.66328334262354,69.65760413284616,13.93208874754697
left_elbow,5,11,11,14,76,137,18,11,12,5,-129.9711057031581,127.94564113377315,25.791674683693117
right_elbow,1,2,4,15,26,206,23,13,5,5,-166.20226151109767,134.60909601666555,30.081135752776333
left_hip,3,3,1,11,52,185,31,9,1,4,-64.76943204352023,57.581781137121,12.235121318064124
right_hip,4,4,12,21,134,92,14,11,5,3,-44.564244887802985,45.08839997275739,8.965264486056036
left_knee,1,5,14,31,186,39,17,5,1,1,-49.474717032969046,58.02746886595294,10.7502185898922
right_knee,3,5,9,14,56,170,25,12,1,5,-54.6588395836456,51.14225473148096,10.580109431512653
