Joints,0,1,2,3,4,5,6,7,8,9,Min,Max,Step
left_shoulder,1,0,7,9,24,229,14,11,4,1,-82.21868278934843,69.1982088160801,15.141689160542853
right_shoulder,2,3,5,10,121,136,11,8,2,2,-69.66489545313706,69.65569031338833,13.932058576652537
left_elbow,3,11,16,12,75,133,22,13,10,5,-120.92152664390505,119.22473079813973,24.01462574420448
right_elbow,1,1,4,14,19,219,21,13,5,3,-167.6087987789578,134.60860975409759,30.221740853305533
left_hip,2,2,1,14,60,184,24,10,0,3,-64.76813859145028,57.58159225449032,12.23497308459406
right_hip,4,5,7,18,145,95,10,6,5,5,-44.56498825619154,45.11032862401796,8.967531688020948
left_knee,1,5,12,28,196,33,21,2,1,1,-49.45741636156463,58.00969602404024,10.746711238560486
right_knee,2,4,8,13,57,178,25,7,3,3,-54.783727593237785,51.14086246607394,10.592459005931175
