Joints,0,1,2,3,4,5,6,7,8,9,Min,Max,Step
left_shoulder,1,1,4,8,24,233,12,11,5,1,-82.2183698494845,69.19806296242032,15.141643281190483
right_shoulder,2,4,3,8,140,122,10,6,2,3,-69.66011393390076,69.65432555520582,13.931443948910655
left_elbow,2,3,14,15,14,196,22,11,16,7,-148.74882014753763,119.22646525557195,26.797528540310964
right_elbow,1,1,5,14,20,216,24,11,4,4,-166.26030917962572,134.60894477293323,30.08692539525589
left_hip,2,2,2,11,56,190,23,11,0,3,-64.77058239100978,57.57717343570754,12.23477558267173
right_hip,2,5,7,16,73,164,18,4,6,5,-47.86423276640786,45.1150988488084,9.297933161521627
left_knee,1,4,11,28,203,38,11,2,0,2,-49.4454212327186,58.0001134528746,10.744553468559317
right_knee,1,4,8,11,47,192,25,8,0,4,-56.61516506178898,51.1451165648395,10.776028162662847
