Joints,0,1,2,3,4,5,6,7,8,9,Min,Max,Step
left_shoulder,42,142,34,34,23,16,6,0,0,3,3.6538534759771775,119.61363792985813,11.595978445388095
right_shoulder,43,122,55,41,19,12,5,0,0,3,3.077508624631091,105.86409372105251,10.278658509642142
left_elbow,4,14,25,9,48,25,22,23,86,44,0.0,176.8249522271584,17.68249522271584
right_elbow,7,9,19,20,11,30,137,32,16,19,10.285623805259716,180.0,16.971437619474024
left_hip,1,0,1,29,137,104,22,3,1,2,0.0,153.73076754353406,15.373076754353406
right_hip,1,0,3,0,11,26,99,109,47,4,0.0,135.318603691085,13.5318603691085
left_knee,3,5,8,17,41,54,58,39,28,47,121.61131146295207,180.0,5.8388688537047955
right_knee,3,6,20,17,21,19,44,73,42,55,115.59779913815348,180.0,6.440220086184652
