Joints,0,1,2,3,4,5,6,7,8,9,Min,Max,Step
left_shoulder,41,141,35,36,22,16,6,0,0,3,3.6540065533431063,119.61337035724287,11.595936380389976
right_shoulder,40,127,52,39,21,13,5,0,0,3,3.021515868875145,105.86344350416643,10.284192763529129
left_elbow,3,11,26,13,48,27,22,29,81,40,0.0,177.91343678499825,17.791343678499825
right_elbow,7,11,17,22,10,28,136,35,15,19,9.087125212010069,180.0,17.091287478798993
left_hip,1,0,0,29,144,98,23,2,1,2,0.0,153.7302908068535,15.37302908068535
right_hip,1,0,3,0,9,27,101,107,48,4,0.0,135.4191487972525,13.54191487972525
left_knee,1,4,8,19,35,60,56,42,28,47,121.6211226330847,180.0,5.837887736691528
right_knee,3,5,24,14,19,23,36,76,42,58,115.90220281109288,180.0,6.409779718890718
