Joints,0,1,2,3,4,5,6,7,8,9,Min,Max,Step
left_shoulder,40,143,33,36,22,18,5,0,0,3,3.6537486102520935,119.6128339593408,11.595908534908869
right_shoulder,47,131,45,41,18,10,5,0,0,3,3.756066284503508,105.86434499546976,10.210827871096626
left_elbow,4,13,23,10,49,24,26,27,75,49,0.0,176.8249526589039,17.68249526589039
right_elbow,8,9,16,23,12,27,139,32,16,18,9.748708873819297,180.0,17.02512911261807
left_hip,16,58,115,71,34,3,0,0,1,2,46.5807501224476,153.7304864501921,10.714973632774452
right_hip,3,0,4,11,27,76,94,56,24,5,36.866307363184134,131.33502005234752,9.44687126891634
left_knee,2,5,8,17,40,50,60,40,31,47,121.60618204534276,180.0,5.8393817954657266
right_knee,4,0,13,25,12,28,31,73,53,61,110.71952130016015,180.0,6.928047869983985
