Joints,0,1,2,3,4,5,6,7,8,9,Min,Max,Step
left_shoulder,43,142,34,38,21,13,6,0,0,3,3.6539138441728736,119.61333553178076,11.59594216876079
right_shoulder,44,122,56,36,21,13,5,0,0,3,2.99019181906109,105.86402817255514,10.287383635349403
left_elbow,4,10,23,10,50,27,23,29,83,41,0.0,177.19841062940438,17.71984106294044
right_elbow,7,9,17,23,10,31,134,38,13,18,9.064088559744901,180.0,17.09359114402551
left_hip,1,0,0,27,144,100,23,2,1,2,0.0,153.73050269650508,15.37305026965051
right_hip,1,0,1,2,5,29,82,105,68,7,0.0,131.44281448158708,13.144281448158708
left_knee,2,3,8,19,43,49,64,39,28,45,121.60584508590587,180.0,5.839415491409412
right_knee,4,5,23,16,20,21,46,68,42,55,116.17223781772373,180.0,6.382776218227633
