Joints,0,1,2,3,4,5,6,7,8,9,Min,Max,Step
left_shoulder,41,140,34,40,21,15,6,0,0,3,3.6524716736564615,119.6127479784678,11.596027630481135
right_shoulder,43,135,42,42,19,11,5,0,0,3,3.7560210530699263,105.86345114567534,10.210743009260542
left_elbow,4,12,25,11,47,25,26,25,84,41,0.0,177.18988944994518,17.718988944994518
right_elbow,8,8,18,22,13,24,132,42,16,17,9.814052570355011,180.0,17.018594742964503
left_hip,1,0,1,25,139,104,24,3,1,2,0.0,153.73011246307942,15.373011246307943
right_hip,1,0,1,2,5,30,77,112,62,10,0.0,131.33572758025196,13.133572758025196
left_knee,3,2,11,12,44,56,49,44,31,48,121.60864269206438,180.0,5.839135730793558
right_knee,5,3,28,14,17,20,44,73,36,60,115.85402800441842,180.0,6.414597199558159
