Joints,0,1,2,3,4,5,6,7,8,9,Min,Max,Step
left_shoulder,267,0,0,0,0,0,0,4,14,14,0.0015045390407908445,261.7805822704609,26.17790777314201
right_shoulder,267,0,0,0,0,0,0,9,10,13,0.00131988525390625,250.50328250655315,25.050196262129923
left_elbow,267,0,0,0,0,0,0,4,3,25,0.001502816437041642,251.94819329307086,25.194669047663382
right_elbow,267,0,0,0,0,0,0,9,9,14,0.0010923630571957666,243.8354227133013,24.383433035024414
left_hip,267,0,0,0,0,0,0,7,11,14,0.0007793940911329428,262.29352918051643,26.22927497864253
right_hip,267,0,0,0,0,0,0,9,8,15,0.000401396070494565,249.1434132139344,24.914301181786392
left_knee,267,0,0,0,0,0,0,6,14,12,0.0018393012945927933,256.4462387307669,25.64443994294723
right_knee,267,0,0,0,0,0,0,7,11,14,0.0017706113680871233,243.1315432848931,24.3129772673525
