Joints,0,1,2,3,4,5,6,7,8,9,Min,Max,Step
left_shoulder,283,0,0,0,0,0,0,3,4,9,0.001653045263016935,268.01420901230614,26.801255596704312
right_shoulder,283,0,0,0,0,0,1,3,4,8,0.00056028021141776,266.5558993163427,26.655533903613126
left_elbow,283,0,0,0,0,0,0,3,10,3,0.002391544430144945,273.4956155090627,27.349322396463254
right_elbow,283,0,0,0,0,0,3,3,4,6,0.000928155903670993,270.17947829069686,27.017855013479316
left_hip,283,0,0,0,0,0,0,3,5,8,0.0016184389828183307,266.27538159273473,26.627376315375194
right_hip,283,0,0,0,0,0,2,3,3,8,0.0008666669812721513,267.3412832271801,26.734041656019883
left_knee,283,0,0,0,0,0,2,2,4,8,0.0017226219995601381,267.58676523618084,26.758504261418132
right_knee,283,0,0,0,0,0,3,3,3,7,0.0011058148762203026,267.6126020013438,26.761149618646762
