Joints,0,1,2,3,4,5,6,7,8,9,Min,Max,Step
left_shoulder,271,0,0,0,0,0,0,5,9,14,0.003820095058018005,268.5419577502276,26.853813765516957
right_shoulder,271,0,0,0,0,0,0,7,13,8,0.0034409161412459004,263.93082506690564,26.39273841507644
left_elbow,271,0,0,0,0,0,0,5,10,13,0.0056728434734185035,265.12095907314153,26.511528622966814
right_elbow,271,0,0,0,0,0,4,8,11,5,0.00605549037901434,267.7963086769672,26.779025318658817
left_hip,271,0,0,0,0,0,0,5,6,17,0.007996318872671597,263.3553828038903,26.33473864850176
right_hip,271,0,0,0,0,0,2,9,9,8,0.0035382319639249405,265.15018337334425,26.51466451413803
left_knee,271,0,0,0,0,0,2,5,13,8,0.005631072058549495,267.6426419678122,26.763701089575363
right_knee,271,0,0,0,0,0,4,9,10,5,0.004688224140500212,267.4719578811234,26.746726965698286
