Joints,0,1,2,3,4,5,6,7,8,9,Min,Max,Step
left_shoulder,263,0,0,0,0,0,0,9,13,14,0.0037556774652777454,269.47921088331003,26.947545520584477
right_shoulder,263,0,0,0,0,0,0,14,13,9,0.0033399673349816163,263.9224124270156,26.391907245968063
left_elbow,263,0,0,0,0,0,0,9,13,14,0.005751005007154792,266.1225934352351,26.611684243022797
right_elbow,263,0,0,0,0,0,5,14,11,6,0.0061677273035053,267.85876092125943,26.785259319395596
left_hip,263,0,0,0,0,0,0,7,10,19,0.007705250340460206,263.3942784037603,26.338657315341987
right_hip,263,0,0,0,0,0,2,15,10,9,0.006497754260378101,265.1643197235921,26.515782196933174
left_knee,263,0,0,0,0,0,2,10,12,12,0.005087404758735814,267.6399134509488,26.763482604619007
right_knee,263,0,0,0,0,0,5,14,10,7,0.003652241445322337,267.460563352446,26.74569111110007
