Joints,0,1,2,3,4,5,6,7,8,9,Min,Max,Step
left_shoulder,275,0,0,0,0,0,0,5,8,11,0.00174352949249671,269.7310277987048,26.972928426921232
right_shoulder,275,0,0,0,0,0,0,6,9,9,0.0012520577956793785,255.0504673068832,25.504921524908752
left_elbow,275,0,0,0,0,0,0,5,8,11,0.0017915923792571364,265.2148799571315,26.52130883647522
right_elbow,275,0,0,0,0,0,4,6,10,4,0.0026367258142447323,270.1132773978645,27.01106406720503
left_hip,275,0,0,0,0,0,0,5,6,13,0.0013649581717101315,263.5530645107244,26.35516995525527
right_hip,275,0,0,0,0,0,0,6,9,9,0.0017242431640625,258.54789943474395,25.85461751915799
left_knee,275,0,0,0,0,0,2,4,10,8,0.0022796957685178136,267.7669030290255,26.776462333325703
right_knee,275,0,0,0,0,0,4,3,12,5,0.002586848570994419,262.0008048889865,26.19982180404155
