Joints,0,1,2,3,4,5,6,7,8,9,Min,Max,Step
left_shoulder,271,0,0,0,0,0,0,6,10,12,0.003313722803133026,260.8259828567517,26.082266913394857
right_shoulder,271,0,0,0,0,0,0,10,5,13,0.0019036371359819968,245.0797537809031,24.50778501437671
left_elbow,271,0,0,0,0,0,0,9,9,10,0.0022637070561753385,267.7457166258308,26.774345291877466
right_elbow,271,0,0,0,0,0,0,10,9,9,0.002128860840619361,244.98141749890183,24.49792886380612
left_hip,271,0,0,0,0,0,0,6,8,14,0.0008589763150047343,256.63538531542025,25.663452633910527
right_hip,271,0,0,0,0,0,0,10,6,12,0.0005037711797857415,245.57918927865924,24.557868550747948
left_knee,271,0,0,0,0,0,0,6,9,13,0.0025816229729749497,251.16268185667386,25.116010023370087
right_knee,271,0,0,0,0,0,0,10,7,11,0.002684549666707291,242.63666353900157,24.263397898933487
