Joints,0,1,2,3,4,5,6,7,8,9,Min,Max,Step
left_shoulder,2,1,13,102,100,34,3,1,0,2,-9.846031879037305,13.779229857090966,2.362526173612827
right_shoulder,1,0,1,1,43,192,18,1,0,1,-19.868415809126816,17.133041499749485,3.7001457308876304
left_elbow,1,0,0,1,241,13,1,0,0,1,-90.42308282337541,105.20209310640031,19.56251759297757
right_elbow,1,0,1,1,9,232,9,2,1,2,-144.29214779364224,115.34009341931886,25.963224121296108
left_hip,4,7,11,22,64,109,20,9,8,4,-180.0,180.0,36.0
right_hip,1,11,1,1,151,79,1,1,11,1,-118.80204691076165,120.60060487468648,23.94026517854482
left_knee,8,7,11,12,63,120,12,9,11,5,-180.0,180.0,36.0
right_knee,2,3,2,15,52,145,31,5,0,3,-130.68646971394656,124.5016443585437,25.518811407249018
