Joints,0,1,2,3,4,5,6,7,8,9,Min,Max,Step
left_shoulder,2,13,26,54,67,58,28,8,1,1,-5.3947014682083285,6.654791877654733,1.2049493345863063
right_shoulder,1,0,2,1,74,176,1,1,1,1,-101.54136456309764,99.95626205331318,20.149762661641077
left_elbow,1,6,21,57,69,66,31,6,0,1,-16.639941529268185,19.54191989122052,3.61818614204887
right_elbow,1,1,1,0,11,230,11,0,1,2,-155.63332363415353,128.34395598631508,28.397727962046858
left_hip,1,6,9,25,124,59,16,11,5,2,-175.9896100403823,180.0,35.598961004038216
right_hip,12,3,0,1,55,171,1,0,2,13,-85.4977135989843,81.42467067683626,16.692238427582055
left_knee,4,8,8,14,54,131,14,13,4,8,-180.0,180.0,36.0
right_knee,2,0,3,6,43,156,32,13,2,1,-129.04922995398442,106.80438134969476,23.585361130367914
