Joints,0,1,2,3,4,5,6,7,8,9,Min,Max,Step
left_shoulder,2,0,3,2,60,173,12,3,1,2,-21.6703219762183,19.600521495496412,4.127084347171472
right_shoulder,2,1,1,5,119,122,3,2,1,2,-46.94856916996223,46.721630815557916,9.36701999855201
left_elbow,1,2,1,0,84,165,1,1,2,1,-162.51181372931993,157.9825847420349,32.04943984713549
right_elbow,3,0,1,3,32,208,6,2,1,2,-133.81953691620086,124.46803133816671,25.828756825436756
left_hip,2,11,14,25,117,42,25,10,7,5,-172.56012619415645,180.0,35.25601261941563
right_hip,3,0,8,6,1,28,189,3,4,16,-147.65185034049938,90.82193522807744,23.847378556857677
left_knee,8,10,8,16,122,51,17,9,11,6,-177.78744513034866,180.0,35.778744513034866
right_knee,1,4,1,9,58,153,24,4,2,2,-165.17204460019911,154.21906441702342,31.939110901722245
