Joints,0,1,2,3,4,5,6,7,8,9,Min,Max,Step
left_shoulder,3,6,35,45,57,46,38,21,5,2,-4.784239171572679,5.293575065252572,1.007781423682525
right_shoulder,1,1,0,1,146,107,0,0,1,1,-58.229298531520655,58.74966028968397,11.697895882120463
left_elbow,3,9,20,44,51,50,38,31,10,2,-13.178923553594869,12.914136231799205,2.6093059785394086
right_elbow,1,0,1,6,57,183,6,3,0,1,-118.19912532303913,111.95572119693655,23.015484651997568
left_hip,10,11,19,36,138,14,12,11,3,4,-130.93152039291678,180.0,31.09315203929168
right_hip,1,9,3,0,4,197,30,0,2,12,-115.11779589242916,85.24907825000473,20.03668741424339
left_knee,2,7,14,17,52,123,14,12,9,8,-180.0,180.0,36.0
right_knee,3,2,5,15,46,149,25,7,2,4,-122.00252767838673,113.94296459012578,23.594549226851242
