Joints,0,1,2,3,4,5,6,7,8,9,Min,Max,Step
left_shoulder,1,0,0,1,175,80,0,0,0,1,-138.37401602277606,139.97927104898,27.835328707175606
right_shoulder,2,0,0,2,4,246,2,0,0,2,-115.2285253240959,107.71210452965698,22.29406298537529
left_elbow,2,0,0,0,230,23,0,0,1,2,-151.2844754320634,164.15532823953995,31.543980367160344
right_elbow,1,1,1,13,227,12,0,0,0,3,-103.4084186637655,126.09820952923906,22.950662819300447
left_hip,3,6,11,24,61,113,19,6,10,5,-180.0,180.0,36.0
right_hip,15,1,7,214,4,3,13,0,0,1,-86.40457913467732,164.35756935132585,25.076214848600316
left_knee,5,11,9,20,138,39,12,12,4,8,-168.25758761543412,180.0,34.825758761543426
right_knee,3,3,1,19,172,47,8,3,1,1,-153.6339722811504,170.30442961158047,32.39384018927309
