Joints,0,1,2,3,4,5,6,7,8,9,Min,Max,Step
left_shoulder,2,0,1,1,122,128,1,1,0,2,-29.083303782829823,28.90155567907967,5.798485946190951
right_shoulder,1,0,0,3,32,216,5,0,0,1,-54.65051940392704,51.316488669685896,10.596700807361294
left_elbow,1,0,1,0,142,112,0,1,0,1,-146.0837361082279,147.1961871755137,29.327992328374165
right_elbow,2,1,2,11,227,10,2,1,0,2,-130.07146230444457,154.10201858015944,28.4173480884604
left_hip,4,7,10,21,68,108,20,8,6,6,-180.0,180.0,36.0
right_hip,1,3,11,5,219,2,4,12,0,1,-146.7777604075493,171.9805479021947,31.875830830974394
left_knee,5,7,14,16,57,117,17,12,6,7,-180.0,180.0,36.0
right_knee,2,3,5,14,55,142,30,5,1,1,-150.4054149516626,141.36769024039447,29.177310519205705
