Joints,0,1,2,3,4,5,6,7,8,9,Min,Max,Step
left_shoulder,1,1,18,137,92,7,0,0,0,2,11.651754760772267,54.60917894663192,4.295742418585965
right_shoulder,3,15,225,13,1,0,0,0,0,1,4.321589829703907,76.67106109648333,7.234947126677941
left_elbow,1,0,0,0,1,0,0,0,25,231,26.24280385630181,179.95870507959077,15.371590122328893
right_elbow,2,0,0,0,1,1,1,7,37,209,12.744945293558054,179.8968370449304,16.715189175137233
left_hip,18,2,4,6,15,25,83,28,1,76,0.0,180.0,18.0
right_hip,1,1,0,0,2,22,4,2,4,222,0.0,180.0,18.0
left_knee,49,17,19,7,7,24,55,29,3,48,0.0,180.0,18.0
right_knee,103,49,65,24,5,2,2,0,3,5,0.0,179.15458428391875,17.915458428391876
