Joints,0,1,2,3,4,5,6,7,8,9,Min,Max,Step
left_shoulder,9,19,30,40,48,49,24,17,13,9,22.823947328909437,34.33194202727373,1.1507994698364286
right_shoulder,4,98,146,8,0,0,0,0,1,1,10.938298047911001,63.66282305260534,5.272452500469434
left_elbow,4,6,16,14,25,35,43,59,35,21,157.05443215436512,179.67946489126584,2.262503273690072
right_elbow,1,0,1,0,4,15,14,19,56,148,113.61815743288223,179.89110963252213,6.627295219963983
left_hip,22,0,2,3,15,21,88,30,1,76,0.0,180.0,18.0
right_hip,4,4,19,0,2,0,1,3,38,187,75.89744310321967,180.0,10.410255689678038
left_knee,58,20,16,5,8,16,64,24,1,46,0.0,180.0,18.0
right_knee,104,51,60,29,2,2,1,1,4,4,0.0,178.17941380782923,17.817941380782923
