Joints,0,1,2,3,4,5,6,7,8,9,Min,Max,Step
left_shoulder,1,0,1,1,42,145,64,1,1,2,5.375899569514406,45.99450367012773,4.061860410061332
right_shoulder,1,1,119,126,6,1,1,0,2,1,2.695869800504601,66.71188486757015,6.401601506706555
left_elbow,1,0,1,1,0,1,0,1,15,238,3.752303884135221,179.6795717040556,17.592726781992038
right_elbow,1,2,0,0,1,2,1,18,38,195,35.06412854022675,179.99998538574926,14.49358568455225
left_hip,23,0,3,7,17,18,100,24,2,64,0.0,180.0,18.0
right_hip,2,2,0,1,8,19,1,1,8,216,13.745168082839893,180.0,16.62548319171601
left_knee,53,19,16,8,7,19,67,22,2,45,0.0,180.0,18.0
right_knee,103,52,57,30,2,3,2,0,2,7,0.0,178.18758044666473,17.818758044666474
