Joints,0,1,2,3,4,5,6,7,8,9,Min,Max,Step
left_shoulder,8,22,31,57,39,34,29,17,15,6,23.08180045019409,34.55016874153467,1.146836829134056
right_shoulder,101,152,0,0,2,1,1,0,0,1,10.67020817567914,121.19635000591364,11.05261418302345
left_elbow,1,1,7,7,26,29,50,50,61,26,151.9173980520557,179.68948275578526,2.7772084703729547
right_elbow,1,0,1,1,0,0,0,9,41,205,8.877404987064349,179.9999991462264,17.112259415916206
left_hip,19,0,1,6,14,30,76,28,1,83,0.0,180.0,18.0
right_hip,21,8,3,0,0,0,0,8,53,165,92.51413232766241,180.0,8.74858676723376
left_knee,64,21,16,4,4,24,53,22,2,48,0.0,180.0,18.0
right_knee,110,50,58,27,2,2,0,1,3,5,0.0,177.4701451648168,17.74701451648168
