Joints,0,1,2,3,4,5,6,7,8,9,Min,Max,Step
left_shoulder,251,0,0,0,0,0,4,0,0,2,0.0319047304537911,184.7750589665661,18.47431542361123
right_shoulder,246,0,0,5,0,0,1,0,2,3,0.05188657829612005,152.1336122290141,15.208172565071797
left_elbow,251,0,0,0,0,0,0,0,4,2,0.052556780837371454,154.71316429127262,15.466060751043525
right_elbow,248,1,0,0,0,4,0,0,0,4,0.13665988199714335,137.50811678207822,13.73714569000811
left_hip,251,0,0,0,0,0,0,0,4,2,0.1680067873180467,187.8269589950461,18.76589522077281
right_hip,249,0,0,0,0,2,2,0,2,2,0.096512887820871,180.74924165752205,18.06527287697012
left_knee,229,4,2,7,5,4,0,2,2,2,0.2151558759932983,180.22295775219865,18.000780187620535
right_knee,212,11,0,1,21,6,1,0,1,4,0.06655206169185883,154.0706523846751,15.400410032298325
