Joints,0,1,2,3,4,5,6,7,8,9,Min,Max,Step
left_shoulder,252,0,0,0,0,2,0,0,1,2,0.024234478403961614,188.16798320681136,18.814374872840737
right_shoulder,247,0,1,4,1,0,1,2,0,1,0.07318145936419533,175.17156478639873,17.509838332703453
left_elbow,252,0,0,1,1,2,0,0,0,1,0.047182290966197485,185.85947604203415,18.581229375106794
right_elbow,244,0,0,0,2,0,4,3,0,4,0.1065554871643635,119.56845780539341,11.946190231822905
left_hip,252,0,0,0,0,0,0,0,3,2,0.19286633497717198,174.6966637115554,17.450379737657823
right_hip,250,0,2,0,0,0,1,0,0,4,0.1979903416304373,149.35187559149884,14.915388524986842
left_knee,226,6,1,10,4,6,1,0,0,3,0.10274471935257523,222.90457169215333,22.280182697280075
right_knee,209,9,1,4,5,25,0,1,0,3,0.17640456132237864,144.88813645342532,14.471173189210294
