Joints,0,1,2,3,4,5,6,7,8,9,Min,Max,Step
left_shoulder,255,0,0,0,0,0,0,0,0,2,0.0,173.52956471736977,17.352956471736977
right_shoulder,249,0,0,0,6,0,0,0,0,2,0.0,119.47262618053423,11.947262618053424
left_elbow,255,0,0,0,0,0,0,0,0,2,0.0,105.41528835886943,10.541528835886943
right_elbow,246,3,0,2,2,0,0,2,0,2,0.0,117.82343937685499,11.7823439376855
left_hip,255,0,0,0,0,0,0,0,0,2,0.0,152.70186290624116,15.270186290624116
right_hip,255,0,0,0,0,0,0,0,0,2,0.0,146.32186455612757,14.632186455612757
left_knee,231,4,2,8,7,2,1,0,0,2,0.0,201.73412710304316,20.173412710304316
right_knee,217,7,1,2,8,18,2,0,0,2,0.0,148.64127424994092,14.864127424994091
