Joints,0,1,2,3,4,5,6,7,8,9,Min,Max,Step
left_shoulder,251,0,0,0,0,0,2,2,0,2,0.11236936220390524,159.47851143133371,15.93661420691298
right_shoulder,249,0,1,1,2,0,2,0,0,2,0.17022360346501678,182.8218730676618,18.26516494641968
left_elbow,251,0,0,0,0,0,2,2,0,2,0.0356089695461318,170.97474062032654,17.093913165078042
right_elbow,251,0,0,0,0,0,2,0,0,4,0.13054783677643453,122.85462954206949,12.272408170529307
left_hip,251,0,0,0,0,0,2,2,0,2,0.03587964327122173,178.30716814827926,17.827128850500806
right_hip,251,0,0,0,0,0,0,3,1,2,0.13607038835326662,145.45539900027887,14.531932861192562
left_knee,223,2,0,2,11,10,4,2,1,2,0.12416792135543465,162.16254565759672,16.20383777362413
right_knee,217,6,2,2,0,11,13,0,2,4,0.3878431581787632,126.02425206076838,12.563640890258961
