Joints,0,1,2,3,4,5,6,7,8,9,Min,Max,Step
left_shoulder,26,51,58,48,35,22,12,2,1,2,0.032559910468997984,3.982429440339392,0.3949869529870394
right_shoulder,249,0,0,0,0,0,0,0,0,8,0.07492684457226376,57.152225078966296,5.707729823439403
left_elbow,22,71,62,45,26,10,13,2,4,2,0.016016112660333898,5.670342436674912,0.5654326324014578
right_elbow,62,82,36,27,19,8,11,2,4,6,0.04601077778808875,10.776599825482423,1.0730589047694334
left_hip,122,89,30,7,3,2,1,1,0,2,0.20085404575567686,16.381010196686756,1.618015615093108
right_hip,68,101,54,23,7,3,0,0,0,1,0.0684241209631756,15.271721436156547,1.5203297315193371
left_knee,230,3,4,4,0,0,4,1,6,5,0.3426440044165144,114.52834493707785,11.418570093266133
right_knee,230,8,1,2,0,2,12,0,0,2,0.2280523024353329,124.23072994721672,12.400267764478139
