Joints,0,1,2,3,4,5,6,7,8,9,Min,Max,Step
left_shoulder,249,0,0,0,0,2,2,0,0,4,0.047768096726667264,137.4300134833724,13.738224538664573
right_shoulder,241,1,1,2,5,1,0,0,2,4,0.01737763221841977,132.22677738779544,13.220939975557702
left_elbow,249,0,0,0,0,2,0,2,2,2,0.12415414965773562,152.8475884465896,15.272343429693189
right_elbow,243,2,0,2,0,4,0,0,2,4,0.15103113976415994,147.23638160362316,14.708535046385897
left_hip,247,0,2,0,0,0,0,2,4,2,0.06086206879793559,159.93043944953808,15.986957738074013
right_hip,247,0,2,0,0,2,0,0,0,6,0.16345285069355375,154.61550104538352,15.445204819468998
left_knee,223,3,1,1,8,9,5,5,0,2,0.15557777820600993,162.52873580696541,16.23731580287594
right_knee,218,6,1,2,1,21,3,1,1,3,0.2988423211841132,142.75792179187326,14.245907947068915
