Joints,0,1,2,3,4,5,6,7,8,9,Min,Max,Step
left_shoulder,1,2,4,6,35,42,8,4,0,1,-165.87841782411363,163.99989118511047,32.987830900922404
right_shoulder,3,0,3,12,53,21,5,4,1,1,-122.83011155488228,135.06934618621642,25.789945774109867
left_elbow,2,3,10,12,35,18,11,7,4,1,-152.50185647582666,163.73097696081746,31.62328334366441
right_elbow,1,0,4,6,17,42,17,11,3,2,-162.86162593749415,125.19976599484995,28.8061391932344
left_hip,4,4,3,15,53,11,3,6,2,2,-107.1900774631548,125.82926948423876,23.30193469473936
right_hip,3,3,2,2,7,17,35,16,9,9,-128.600627289828,75.21599158435271,20.381661887418062
left_knee,2,2,6,9,21,48,6,3,3,3,-167.09727299205446,159.82948284233518,32.692675583438955
right_knee,2,2,8,6,12,53,5,8,4,3,-174.97369446541862,159.5316736875388,33.45053681529575
