Joints,0,1,2,3,4,5,6,7,8,9,Min,Max,Step
left_shoulder,5,1,5,9,25,37,11,5,1,4,-103.82368734468551,102.32078097371617,20.61444683184017
right_shoulder,2,1,3,13,45,27,5,5,0,2,-120.68569323284285,127.55745302652045,24.824314625936324
left_elbow,2,6,11,7,19,29,10,9,7,3,-174.69822369837314,165.57864181691602,34.027686551528916
right_elbow,1,5,6,15,29,25,10,4,5,3,-121.60281372662834,124.81934049693572,24.6422154223564
left_hip,2,6,1,12,55,13,3,8,1,2,-120.0085392619875,137.48272706789206,25.749126632987952
right_hip,5,3,3,9,17,36,11,6,12,1,-124.61457093881313,109.09381348513188,23.3708384423945
left_knee,4,8,7,9,55,5,3,5,3,4,-134.37158718529327,162.54450880991277,29.691609599520604
right_knee,5,3,10,4,31,27,7,7,5,4,-162.48359771416392,162.97691876509376,32.546051647925765
