Joints,0,1,2,3,4,5,6,7,8,9,Min,Max,Step
left_shoulder,3,1,5,13,26,34,11,7,1,2,-97.32685220883316,96.16124318437716,19.34880953932104
right_shoulder,1,0,3,1,13,41,30,7,4,3,-122.4566771924037,83.54068196110012,20.59973591535038
left_elbow,3,4,7,7,28,28,15,5,4,2,-174.31950898879666,172.8737201612936,34.71932291500903
right_elbow,2,3,3,16,32,25,12,6,2,2,-156.33288297400543,158.09708571124747,31.442996868525285
left_hip,4,1,2,5,45,33,4,4,3,2,-120.43798033392116,121.71759096779265,24.215557130171376
right_hip,2,4,8,10,44,17,8,8,1,1,-122.82201862760199,134.9328797961306,25.77548984237326
left_knee,4,6,3,6,58,12,3,3,4,4,-137.6454134489291,149.64643469129697,28.729184814022602
right_knee,7,3,8,8,37,15,11,5,6,3,-163.06688720129347,170.8076136649413,33.38745008662346
