Joints,0,1,2,3,4,5,6,7,8,9,Min,Max,Step
left_shoulder,29,15,25,19,3,7,4,0,0,1,1.2882427719411549,174.25434003137696,17.296609725943576
right_shoulder,14,15,27,13,12,7,9,2,2,2,0.0,162.42256563886147,16.242256563886148
left_elbow,4,6,7,6,10,18,8,7,12,25,1.5477951257109634,180.0,17.845220487428904
right_elbow,5,5,7,4,15,15,5,18,10,19,0.0,179.99996812324298,17.999996812324298
left_hip,3,4,10,14,29,15,13,4,2,9,4.4810213212094245,175.2924887161129,17.081146739490347
right_hip,3,5,7,6,16,18,18,10,9,11,9.331963182607128,178.36926825510966,16.903730507250252
left_knee,7,1,3,5,8,10,19,17,17,16,0.0,179.7549930109742,17.975499301097422
right_knee,5,5,6,1,6,6,11,29,14,20,1.7439746975500785,179.89612819932012,17.815215350177006
