Joints,0,1,2,3,4,5,6,7,8,9,Min,Max,Step
left_shoulder,20,19,19,27,4,5,5,2,1,1,2.583352161042348,154.94040509404934,15.2357052933007
right_shoulder,16,13,25,16,10,8,8,4,1,2,0.0,162.41119851698912,16.24111985169891
left_elbow,7,1,8,6,8,15,8,11,16,23,0.6027422167478349,180.0,17.93972577832522
right_elbow,3,6,8,3,16,14,9,11,14,19,3.2779173121200484,180.0,17.672208268787994
left_hip,5,5,5,12,28,20,12,3,5,8,3.697522439154205,177.47428282853917,17.377676038938496
right_hip,3,5,9,7,21,17,15,9,6,11,9.20510817840631,178.26414894825828,16.9059040769852
left_knee,5,3,3,6,7,6,18,15,22,18,6.070996588203812,179.2941776875177,17.322318109931388
right_knee,7,5,3,2,8,6,10,29,17,16,0.8564308469217222,179.89612708860275,17.903969624168106
