Joints,0,1,2,3,4,5,6,7,8,9,Min,Max,Step
left_shoulder,14,16,8,19,26,7,2,4,4,3,0.17852895904172816,122.48535728107693,12.23068283220352
right_shoulder,13,14,20,20,12,10,7,4,2,1,0.0,154.66657363812058,15.466657363812057
left_elbow,5,2,7,9,11,16,9,12,11,21,3.8068011060958167,180.0,17.619319889390418
right_elbow,3,4,9,6,15,11,8,18,11,18,0.0,179.99997833365376,17.999997833365377
left_hip,5,4,10,19,22,17,11,4,3,8,6.685473176703434,179.6010820218631,17.291560884515967
right_hip,3,5,5,7,15,22,18,13,5,10,8.71930498311805,179.01825936646458,17.029895438334655
left_knee,7,2,2,6,7,8,21,16,16,18,0.0,178.78704369998647,17.878704369998648
right_knee,7,7,2,3,8,4,12,30,14,16,1.3257490834403285,179.8961357855677,17.857038670212738
