Joints,0,1,2,3,4,5,6,7,8,9,Min,Max,Step
left_shoulder,16,16,9,18,19,11,2,6,4,2,3.657068980072945,121.67737944268173,11.802031046260877
right_shoulder,16,12,22,18,7,13,8,3,2,2,0.0,159.77454480472096,15.977454480472096
left_elbow,7,3,8,5,6,19,10,11,10,24,1.4467643815294808,178.77831479424356,17.73315504127141
right_elbow,7,7,3,6,15,14,7,16,7,21,0.0,178.75360887793903,17.875360887793903
left_hip,6,6,6,14,26,18,12,5,1,9,1.0654870070275035,172.91933110753948,17.185384410051196
right_hip,3,5,4,10,18,18,17,8,6,14,10.032480372545082,179.56966592016255,16.95371855476175
left_knee,8,4,2,2,9,11,17,10,19,21,0.0,176.9897687017459,17.69897687017459
right_knee,7,5,6,2,6,9,9,31,16,12,1.7407044888581884,179.05417519669032,17.73134707078321
