Joints,0,1,2,3,4,5,6,7,8,9,Min,Max,Step
left_shoulder,11,22,11,14,26,5,4,1,6,3,0.2916713731462641,125.63516200993595,12.53434906367897
right_shoulder,13,16,29,12,17,9,4,2,0,1,1.974740966462688,175.60391823406133,17.362917726759864
left_elbow,3,2,5,10,10,21,6,10,15,21,0.0,180.0,18.0
right_elbow,2,6,3,7,18,9,16,11,12,19,10.617552205628023,179.99999790869018,16.938244570306217
left_hip,5,2,9,14,22,20,16,5,2,8,0.0,173.27051489549441,17.32705148954944
right_hip,3,1,8,5,15,24,16,12,7,12,0.0,178.72741325256985,17.872741325256985
left_knee,6,0,4,3,9,8,21,16,17,19,0.0,179.30939267946445,17.930939267946446
right_knee,4,8,2,2,5,6,12,31,19,14,0.475062963390052,179.03707205793808,17.856200909454802
