Joints,0,1,2,3,4,5,6,7,8,9,Min,Max,Step
left_shoulder,62,7,13,6,7,3,1,0,1,2,0.1422265305191005,187.62686288791517,18.748463635739604
right_shoulder,68,9,8,5,3,5,1,2,0,1,0.4043443117554257,215.18746257925912,21.478311826750367
left_elbow,59,9,11,7,5,7,1,0,1,2,0.15666166257021144,188.81673123691345,18.866006957434326
right_elbow,59,14,10,6,3,7,2,0,0,1,0.1086810445730616,233.40453346649312,23.329585242192003
left_hip,63,7,12,3,6,2,4,2,1,2,0.1502781213400296,211.63523644366543,21.14849583223254
right_hip,68,8,8,5,5,1,5,1,0,1,0.3396603813924396,228.72587731057664,22.83862169291842
left_knee,62,10,6,8,3,4,2,5,0,2,0.2300060307618148,193.4774767006936,19.324747066993176
right_knee,58,7,7,10,8,4,7,0,0,1,0.08342617995064215,204.3267912559244,20.424336507597378
