Joints,0,1,2,3,4,5,6,7,8,9,Min,Max,Step
left_shoulder,60,4,7,12,8,4,1,2,3,1,0.2867735748761717,130.21150264726907,12.99247290723929
right_shoulder,73,2,3,8,4,6,1,0,3,2,0.2384878474815825,131.16901635032656,13.093052850284497
left_elbow,58,6,7,4,10,5,2,2,2,6,0.2399738381111983,117.70368838810111,11.746371454998991
right_elbow,57,7,9,9,7,3,4,1,0,5,0.23941063573958216,129.13891590418322,12.889950526844364
left_hip,70,5,4,10,2,3,4,2,1,1,0.2818906564557887,163.07849428159201,16.27966036251362
right_hip,64,9,8,6,5,2,1,4,1,2,0.4777144249527024,150.8383304659701,15.036061604101741
left_knee,65,4,6,6,6,3,1,4,5,2,0.2686573807567609,139.89206451590778,13.9623407135151
right_knee,60,5,4,3,5,11,6,4,2,2,0.2724382954464724,139.8175433738573,13.954510507841082
