Joints,0,1,2,3,4,5,6,7,8,9,Min,Max,Step
left_shoulder,59,7,14,5,6,5,2,2,0,2,0.12792207698898098,186.7463861124543,18.66184640354653
right_shoulder,60,3,13,6,6,4,4,1,3,2,0.28231204901295137,151.46212003280797,15.117980798379502
left_elbow,53,10,13,6,4,12,1,1,1,1,0.1343207869911566,195.41592555773488,19.528160477074373
right_elbow,47,15,15,4,8,5,3,2,0,3,0.3084707502593397,179.58985208306837,17.928138133280903
left_hip,61,8,10,6,5,4,1,5,0,2,0.24026824743389336,229.69535417282017,22.945508592538626
right_hip,63,8,12,3,6,2,2,1,3,2,0.37058483821506416,219.05520589343024,21.86846210552152
left_knee,59,9,5,8,5,5,2,3,4,2,0.247918844620942,203.49861801536545,20.32506991707445
right_knee,55,2,7,7,12,10,3,0,4,2,0.2820471061894788,188.9911689522117,18.870912184602222
