Joints,0,1,2,3,4,5,6,7,8,9,Min,Max,Step
left_shoulder,60,5,10,6,11,3,2,1,1,3,0.0,172.13311484093038,17.213311484093037
right_shoulder,60,6,12,7,7,2,4,3,0,1,0.0,197.44371735437232,19.744371735437234
left_elbow,54,11,14,7,5,5,1,1,3,1,0.0,200.4479511655484,20.04479511655484
right_elbow,52,16,11,4,11,0,5,2,0,1,0.0,208.21465620403413,20.821465620403412
left_hip,63,7,8,8,5,3,1,4,1,2,0.0,207.34245148619,20.734245148619
right_hip,64,8,10,8,6,1,2,2,0,1,0.0,220.60776275854568,22.06077627585457
left_knee,61,9,7,6,5,7,3,2,0,2,0.0,196.81829317013745,19.681829317013744
right_knee,56,4,9,16,6,7,1,2,0,1,0.0,220.7579289477453,22.07579289477453
