Joints,0,1,2,3,4,5,6,7,8,9,Min,Max,Step
left_shoulder,63,2,5,10,9,5,3,1,3,1,0.0,131.65291306219052,13.165291306219052
right_shoulder,69,3,11,7,6,2,3,0,0,1,0.0,164.55758528311253,16.455758528311254
left_elbow,52,9,7,8,11,5,4,2,3,1,0.0,131.56343283032604,13.156343283032603
right_elbow,53,15,14,7,5,3,3,1,0,1,0.0,175.88846519198015,17.588846519198015
left_hip,67,6,5,11,4,3,2,1,0,3,0.0,178.30227840505998,17.830227840505998
right_hip,65,6,7,10,3,3,4,1,2,1,0.0,176.5721203237161,17.65721203237161
left_knee,61,4,8,5,8,4,3,5,2,2,0.0,146.38273411972241,14.638273411972241
right_knee,52,7,2,7,7,9,7,6,2,3,0.0,137.37334643170144,13.737334643170144
