Joints,0,1,2,3,4,5,6,7,8,9,Min,Max,Step
left_shoulder,61,8,12,6,5,3,2,3,1,1,0.11777660994908662,196.85881715662228,19.674104054667318
right_shoulder,66,7,5,9,6,4,0,1,2,2,0.06677920126151547,198.50229317216665,19.843551397090515
left_elbow,57,11,11,5,4,7,2,2,1,2,0.02429048854640669,197.5283179201015,19.75040274315551
right_elbow,55,12,12,6,5,2,3,5,0,2,0.38428502949138266,189.64213208331023,18.925784705381883
left_hip,63,6,10,7,4,0,6,1,2,3,0.4136980484598342,211.68277362064939,21.126907557218956
right_hip,68,7,8,5,4,1,2,4,2,1,0.2365135050018212,227.20558541957828,22.696907191457647
left_knee,60,8,12,7,1,2,2,5,3,2,0.22597224528970294,196.67701994751454,19.64510477022248
right_knee,54,5,12,13,10,2,3,0,0,3,0.2963138491529285,212.884343932734,21.258803008358107
