Joints,0,1,2,3,4,5,6,7,8,9,Min,Max,Step
left_shoulder,64,12,11,9,2,0,2,1,0,1,0.11176448583803984,242.56517155641683,24.245340707057878
right_shoulder,63,13,8,7,4,5,1,0,0,1,0.2119728355166188,221.5592953658547,22.13473225303381
left_elbow,52,17,12,7,6,7,0,0,0,1,0.09567677368632413,221.00117673400476,22.090549996031843
right_elbow,50,19,11,8,5,3,5,0,0,1,0.3369496965913842,206.50467827918249,20.61677285825911
left_hip,64,9,9,5,3,7,3,0,1,1,0.2980420836073537,231.74801426066588,23.144997217705853
right_hip,67,7,12,2,4,4,4,0,1,1,0.09226922025033016,236.7524006776632,23.666013145741285
left_knee,63,9,7,8,4,4,4,1,1,1,0.18539088006676208,223.32501835113064,22.313962747106387
right_knee,58,6,9,14,5,6,3,0,0,1,0.19212064755442645,230.79655929561832,23.06044386480639
