Joints,0,1,2,3,4,5,6,7,8,9,Min,Max,Step
left_shoulder,1,1,3,9,57,124,41,8,0,2,-62.480223297783326,53.277990708346,11.57582140061293
right_shoulder,4,11,27,44,56,50,27,23,3,1,-13.281612208198071,14.956070917088127,2.8237683125286193
left_elbow,6,9,5,15,93,88,10,6,9,5,-106.01443273617029,106.83898523833248,21.285341797450272
right_elbow,1,2,11,25,95,86,17,2,5,2,-71.29202664087741,73.79891919342181,14.50909458342992
left_hip,1,0,1,16,218,9,0,0,0,1,-82.87943766638237,104.11405297327478,18.699349063965713
right_hip,1,0,0,10,78,136,16,3,1,1,-42.66459171676276,39.7976418176673,8.246223353443007
left_knee,1,0,0,3,2,225,11,3,0,1,-162.5110805456065,129.12189189383184,29.163297243943845
right_knee,1,6,11,61,151,6,5,4,0,1,-106.6282347564016,152.83644140201184,25.946467615841343
