Joints,0,1,2,3,4,5,6,7,8,9,Min,Max,Step
left_shoulder,5,3,11,30,59,71,50,11,4,2,14.847759237605429,101.19004316517615,8.634228392757072
right_shoulder,2,15,19,59,42,61,22,14,8,4,39.90874545205044,70.58199096265436,3.067324551060395
left_elbow,15,7,2,30,106,68,12,3,0,3,0.0,167.4234637565274,16.74234637565274
right_elbow,9,7,6,18,63,73,46,18,5,1,8.848228758292867,113.56694199515269,10.471871323685983
left_hip,28,66,83,38,9,9,6,3,3,1,81.4354905837219,140.05618242863628,5.862069184491432
right_hip,8,18,40,27,42,31,19,20,31,10,54.78798436592297,120.73645961431477,6.594847524839182
left_knee,3,0,0,5,10,13,18,33,56,108,107.01896325542695,180.0,7.298103674457309
right_knee,5,2,3,2,16,5,6,7,47,153,2.7254136235614514,180.0,17.727458637643856
