Joints,0,1,2,3,4,5,6,7,8,9,Min,Max,Step
left_shoulder,237,4,0,0,0,0,0,2,0,2,0.1772607274819008,126.18248558530537,12.600522485782347
right_shoulder,239,2,0,0,0,0,0,0,2,2,0.20768062061227474,136.76271921055238,13.65550385899401
left_elbow,210,0,31,1,0,0,1,0,0,2,0.14333705884320508,129.12291625042116,12.897957919157795
right_elbow,241,0,0,0,0,0,0,0,2,2,0.18255542600660035,132.12852585942215,13.194597043341556
left_hip,241,0,0,0,0,0,0,0,0,4,0.05314718591367865,141.7438659519101,14.169071876599642
right_hip,241,0,0,0,0,0,0,0,2,2,0.0957232096577642,154.3834989382548,15.428777572859705
left_knee,241,0,0,0,0,0,0,2,0,2,0.08063536640408657,157.66871153938249,15.758807617297839
right_knee,241,0,0,0,0,0,0,2,0,2,0.14693329765683474,159.46596816360397,15.931903486594715
