Joints,0,1,2,3,4,5,6,7,8,9,Min,Max,Step
left_shoulder,234,6,3,0,0,0,0,0,1,1,0.3172576049357489,75.23007864455825,7.49128210396225
right_shoulder,241,2,0,0,0,0,0,0,0,2,0.2556453786571519,144.4428469528314,14.418720157417422
left_elbow,214,2,6,21,0,0,1,0,0,1,0.09507503025688643,104.24004585805426,10.414497082779736
right_elbow,243,0,0,0,0,0,0,0,0,2,0.06803814523304501,148.86133234835228,14.879329420311924
left_hip,240,3,0,0,0,0,0,0,0,2,0.1849577128354316,87.7508568866227,8.756589917378728
right_hip,243,0,0,0,0,0,0,0,0,2,0.14271777826229856,175.12457721299592,17.498185943473363
left_knee,241,2,0,0,0,0,0,0,0,2,0.1387776463382068,113.05090806003423,11.291213041369602
right_knee,237,6,0,0,0,0,0,0,0,2,0.07808640540012855,111.73329957462492,11.16552131692248
