Joints,0,1,2,3,4,5,6,7,8,9,Min,Max,Step
left_shoulder,18,27,69,65,13,2,0,0,0,6,0.0,176.14959789947537,17.614959789947537
right_shoulder,12,4,26,33,47,43,13,13,5,4,0.0,90.0,9.0
left_elbow,18,14,18,18,6,7,7,26,30,56,0.0,180.0,18.0
right_elbow,16,6,12,29,7,2,18,11,42,57,0.0,179.9999991462264,17.99999991462264
left_hip,20,13,4,14,44,73,18,5,5,4,0.0,176.86614512519586,17.686614512519586
right_hip,14,6,16,37,59,45,10,3,4,6,0.0,180.0,18.0
left_knee,13,2,0,1,1,7,8,27,59,82,0.0,180.0,18.0
right_knee,8,3,2,2,1,2,8,9,60,105,0.0,180.0,18.0
