Joints,0,1,2,3,4,5,6,7,8,9,Min,Max,Step
left_shoulder,13,10,28,7,39,52,27,13,10,1,0.0,85.22854102401628,8.522854102401627
right_shoulder,9,11,47,72,31,18,3,0,0,9,0.0,134.8111790272648,13.481117902726481
left_elbow,13,9,8,22,4,1,7,22,48,66,0.0,180.0,18.0
right_elbow,6,14,0,19,7,24,1,29,37,63,0.0,179.99996728809975,17.999996728809975
left_hip,6,1,6,23,38,88,26,2,1,9,0.0,161.6107115039451,16.161071150394513
right_hip,6,9,7,25,86,48,9,4,4,2,0.0,179.9998233369228,17.99998233369228
left_knee,6,1,0,0,0,2,1,33,48,109,0.0,179.48728536304864,17.948728536304863
right_knee,8,0,0,4,1,7,16,14,43,107,0.0,180.0,18.0
