Joints,0,1,2,3,4,5,6,7,8,9,Min,Max,Step
left_shoulder,17,3,15,34,44,53,23,3,4,4,0.0,110.65615370349049,11.065615370349049
right_shoulder,12,9,32,54,54,24,8,4,2,1,0.0,113.80506571170372,11.380506571170372
left_elbow,19,20,14,15,2,1,9,21,38,61,0.0,180.0,18.0
right_elbow,16,8,12,19,5,3,10,22,31,74,0.0,179.99998137285817,17.999998137285818
left_hip,12,6,5,14,46,84,23,6,3,1,0.0,175.3196135266146,17.53196135266146
right_hip,12,2,8,14,46,70,31,10,4,3,0.0,151.1047266146348,15.110472661463481
left_knee,13,0,4,4,2,0,2,15,58,102,0.0,180.0,18.0
right_knee,11,3,1,0,2,1,4,20,63,95,0.0,180.0,18.0
