Joints,0,1,2,3,4,5,6,7,8,9,Min,Max,Step
left_shoulder,22,30,59,72,10,0,1,1,4,1,0.0,178.14434807778602,17.814434807778603
right_shoulder,7,39,74,60,5,6,5,2,1,1,0.0,168.13585556828548,16.81358555682855
left_elbow,16,13,13,12,10,3,12,18,49,54,0.0,179.99994507905666,17.999994507905665
right_elbow,8,5,14,11,3,9,10,10,65,65,0.0,179.99998262827617,17.999998262827617
left_hip,14,10,4,13,37,71,34,7,3,7,0.0,174.8616235926876,17.48616235926876
right_hip,23,4,17,35,46,52,12,5,2,4,0.0,180.0,18.0
left_knee,10,1,3,1,6,1,5,26,45,102,0.0,180.0,18.0
right_knee,6,2,4,2,3,1,9,8,59,106,0.0,180.0,18.0
