Joints,0,1,2,3,4,5,6,7,8,9,Min,Max,Step
left_shoulder,190,5,1,0,0,0,0,0,0,3,0.0,145.78740364336932,14.578740364336932
right_shoulder,190,6,0,0,0,2,0,0,0,1,0.0,147.92665653078794,14.792665653078794
left_elbow,164,28,4,0,2,0,0,0,0,1,0.0,157.71912294955575,15.771912294955575
right_elbow,168,24,4,0,0,2,0,0,0,1,0.0,157.01314424911374,15.701314424911374
left_hip,184,9,3,0,0,0,0,0,2,1,0.0,160.39667447415113,16.039667447415113
right_hip,181,15,0,0,0,0,2,0,0,1,0.0,159.76068801887786,15.976068801887786
left_knee,186,9,1,0,0,0,0,0,2,1,0.0,173.49704983911843,17.349704983911842
right_knee,181,14,1,0,0,2,0,0,0,1,0.0,171.48991766386717,17.148991766386718
