Joints,0,1,2,3,4,5,6,7,8,9,Min,Max,Step
left_shoulder,183,7,0,2,0,1,1,2,0,3,0.0,152.268942527832,15.2268942527832
right_shoulder,183,7,0,0,2,0,0,6,0,1,0.0,144.7353636377575,14.47353636377575
left_elbow,164,28,2,0,2,2,0,0,0,1,0.0,154.9469916107818,15.494699161078179
right_elbow,169,22,1,0,0,0,4,0,0,3,0.0,147.4027322790107,14.74027322790107
left_hip,180,10,0,2,2,0,0,1,1,3,0.0,156.02150116033948,15.602150116033949
right_hip,184,8,0,0,0,0,0,0,1,6,0.0,172.1144512814134,17.211445128141342
left_knee,184,6,3,1,0,2,0,0,0,3,0.0,171.80526875724308,17.180526875724308
right_knee,182,8,2,0,0,2,0,4,0,1,0.0,166.02424001539384,16.602424001539383
