Joints,0,1,2,3,4,5,6,7,8,9,Min,Max,Step
left_shoulder,1,1,5,6,46,31,3,5,1,1,-163.96730155348342,170.02097100682693,33.39882725603104
right_shoulder,4,1,3,8,56,20,1,1,2,4,-153.48984029355162,168.2110255715883,32.17008658651399
left_elbow,9,3,5,10,34,16,6,7,8,2,-151.16252020297782,162.11655437160982,31.327907457458764
right_elbow,3,4,5,11,16,40,8,7,5,1,-171.98103879639058,171.98103879639058,34.39620775927813
left_hip,1,2,8,9,13,39,11,10,5,2,-150.3543433873816,137.7882781912829,28.81426215786645
right_hip,4,2,14,16,38,12,5,5,2,2,-103.0206921162888,137.29983324614744,24.032052536243626
left_knee,5,3,7,10,31,22,8,4,6,4,-170.04441159937116,173.8301371237845,34.38745487231557
right_knee,4,1,11,9,19,31,9,7,6,3,-176.77502827078246,176.77502827078246,35.355005654156486
