Joints,0,1,2,3,4,5,6,7,8,9,Min,Max,Step
left_shoulder,2,2,1,6,35,40,6,5,0,3,-167.25225752332574,161.94173792028238,32.91939954436083
right_shoulder,2,5,2,6,15,51,4,9,3,3,-152.5212898862058,136.79070337888606,28.931199326509187
left_elbow,6,3,10,15,38,12,5,7,3,1,-138.14668355622948,171.01903124634208,30.916571480257147
right_elbow,4,2,2,8,16,47,11,4,1,5,-150.95590288684932,136.4711553921365,28.742705827898575
left_hip,3,2,7,13,40,14,8,7,3,3,-165.54940624159389,173.71233789477458,33.92617441363683
right_hip,3,5,7,10,40,16,8,6,1,4,-164.32763859692747,175.266445313675,33.95940839106024
left_knee,3,5,4,8,17,40,7,5,9,2,-165.99128440604358,152.1753485716531,31.81666329776968
right_knee,5,7,8,10,34,13,4,9,3,7,-145.99882937216205,159.87023361219352,30.58690629843555
