Joints,0,1,2,3,4,5,6,7,8,9,Min,Max,Step
left_shoulder,1,3,3,11,59,16,2,3,1,1,-128.85873875106137,150.88132255690397,27.97400613079654
right_shoulder,2,2,7,7,25,41,6,4,4,2,-150.80702859616673,147.42838117858744,29.823540977475417
left_elbow,6,3,6,7,35,21,6,8,6,2,-168.74664458578312,172.19046087524814,34.093710546103125
right_elbow,7,5,2,16,31,16,8,5,6,4,-164.10909898957468,176.28154688484642,34.03906458744211
left_hip,3,12,8,22,27,9,6,6,4,3,-113.0553549308528,150.8462187643254,26.390157369517823
right_hip,5,2,7,9,26,22,16,10,2,1,-136.2809305510059,136.4543826566589,27.27353132076648
left_knee,4,7,4,9,30,22,8,6,7,3,-178.87756115388507,179.41912388241715,35.82966850363022
right_knee,6,4,8,5,32,20,13,3,6,3,-172.32922610813287,176.7695864488459,34.90988125569788
