Joints,0,1,2,3,4,5,6,7,8,9,Min,Max,Step
left_shoulder,3,3,1,8,45,29,5,2,0,4,-168.32493365204041,174.07514664828744,34.24000803003278
right_shoulder,4,2,1,11,52,20,4,2,2,2,-155.9079784694985,171.90598940554162,32.78139678750401
left_elbow,5,7,7,8,35,15,5,7,8,3,-167.88963828286742,172.21908252126315,34.010872080413066
right_elbow,2,1,7,6,15,36,15,10,5,3,-174.00947489120898,144.087618052023,31.8097092943232
left_hip,3,4,4,6,16,41,10,7,6,3,-156.43529041623066,137.82415957555173,29.425944999178242
right_hip,3,6,6,11,40,12,10,7,2,3,-137.08508351537864,146.40977456585952,28.349485808123816
left_knee,1,5,10,10,33,19,6,5,6,5,-165.322497746396,169.44496440327904,33.476746214967505
right_knee,6,7,10,4,12,36,5,6,7,7,-170.4116654108115,166.5942883357515,33.7005953746563
