Joints,0,1,2,3,4,5,6,7,8,9,Min,Max,Step
left_shoulder,46,23,14,4,7,1,1,1,1,2,0.0,177.78366896803718,17.778366896803718
right_shoulder,43,22,15,3,6,5,1,1,2,2,0.0,180.0,18.0
left_elbow,15,7,9,4,7,6,10,4,15,23,0.0,179.9999991462264,17.99999991462264
right_elbow,10,4,4,6,10,7,9,21,13,16,0.0,179.9999883560799,17.99999883560799
left_hip,20,13,7,7,9,21,8,4,8,3,0.0,180.0,18.0
right_hip,20,6,2,14,8,15,11,6,7,11,0.0,180.0,18.0
left_knee,19,3,7,7,3,8,2,8,15,28,0.0,179.9999618562828,17.99999618562828
right_knee,13,6,4,2,4,8,13,6,10,34,0.0,180.0,18.0
