Joints,0,1,2,3,4,5,6,7,8,9,Min,Max,Step
left_shoulder,42,29,17,4,3,1,1,1,0,2,0.0,161.3185483607972,16.131854836079718
right_shoulder,45,26,9,2,7,4,2,1,0,4,0.0,180.0,18.0
left_elbow,13,11,12,2,1,9,5,7,16,24,0.0,179.9999886412804,17.999998864128038
right_elbow,10,8,7,10,3,10,6,14,19,13,0.0,180.0,18.0
left_hip,26,9,12,10,7,15,6,6,1,8,0.0,180.0,18.0
right_hip,16,8,7,9,11,12,11,14,4,8,0.0,177.3647642186325,17.73647642186325
left_knee,19,12,4,5,5,10,5,7,8,25,0.0,180.0,18.0
right_knee,14,8,2,5,6,10,4,12,15,24,0.0,180.0,18.0
