Joints,0,1,2,3,4,5,6,7,8,9,Min,Max,Step
left_shoulder,52,26,11,4,0,0,1,3,0,3,0.0,180.0,18.0
right_shoulder,41,24,17,1,1,8,0,3,3,2,0.0,157.51168637009354,15.751168637009354
left_elbow,13,11,11,2,4,10,3,7,13,26,0.0,179.99997500615018,17.999997500615017
right_elbow,10,13,1,3,5,7,10,15,15,21,0.0,180.0,18.0
left_hip,17,8,12,8,15,16,8,4,8,4,0.0,180.0,18.0
right_hip,19,7,4,11,6,15,14,12,4,8,0.0,180.0,18.0
left_knee,18,9,9,2,1,10,8,9,7,27,0.0,180.0,18.0
right_knee,16,7,5,3,10,9,4,10,12,24,0.0,180.0,18.0
