Joints,0,1,2,3,4,5,6,7,8,9,Min,Max,Step
left_shoulder,60,11,11,5,2,0,0,0,5,5,0.0,273.2301687341303,27.32301687341303
right_shoulder,60,11,11,7,0,0,0,0,5,5,0.0,268.42101263839766,26.842101263839766
left_elbow,59,13,13,3,1,0,0,1,4,5,0.0,275.8540158043486,27.58540158043486
right_elbow,61,13,12,2,1,0,0,3,2,5,0.0,270.085627098333,27.008562709833303
left_hip,61,15,9,3,1,0,0,3,2,5,0.0,289.60199115486284,28.960199115486283
right_hip,63,12,11,3,0,0,0,0,5,5,0.0,272.31346986034083,27.231346986034083
left_knee,62,10,10,6,1,0,0,0,5,5,0.0,269.3696522449369,26.93696522449369
right_knee,63,9,13,4,0,0,0,0,5,5,0.0,269.1096674941731,26.91096674941731
