Joints,0,1,2,3,4,5,6,7,8,9,Min,Max,Step
left_shoulder,67,12,7,4,3,0,0,0,1,5,0.0,279.04778392712524,27.904778392712522
right_shoulder,68,9,8,7,1,0,0,1,0,5,0.0,270.2832940081464,27.02832940081464
left_elbow,67,12,9,4,1,0,1,1,0,4,0.0,279.1526228566013,27.915262285660127
right_elbow,68,10,10,5,0,1,0,0,1,4,0.0,268.64346172920847,26.864346172920847
left_hip,68,14,5,4,2,0,0,1,0,5,0.0,271.67575922281003,27.167575922281003
right_hip,69,13,7,4,0,0,0,0,1,5,0.0,268.7809009663974,26.87809009663974
left_knee,68,15,6,3,1,0,1,1,0,4,0.0,279.4150780852716,27.94150780852716
right_knee,69,11,12,1,0,0,0,1,0,5,0.0,271.9590226738256,27.195902267382557
