Joints,0,1,2,3,4,5,6,7,8,9,Min,Max,Step
left_shoulder,69,9,4,4,4,2,0,0,1,6,0.0,267.49967160250515,26.749967160250513
right_shoulder,71,4,7,6,2,2,0,0,0,7,0.0,259.0653722700655,25.90653722700655
left_elbow,69,9,5,6,3,0,0,0,3,4,0.0,268.95070328963857,26.895070328963858
right_elbow,70,8,7,7,0,0,0,0,2,5,0.0,258.6044108875777,25.860441088757774
left_hip,69,9,4,8,1,1,0,0,1,6,0.0,269.2630847099633,26.926308470996332
right_hip,69,9,9,5,0,0,0,0,1,6,0.0,269.000606660491,26.900060666049097
left_knee,69,10,4,9,0,0,0,0,3,4,0.0,271.50620578327386,27.150620578327384
right_knee,70,7,11,4,0,0,0,0,2,5,0.0,264.609271058699,26.4609271058699
