Joints,0,1,2,3,4,5,6,7,8,9,Min,Max,Step
left_shoulder,94,1,0,0,0,0,0,0,0,4,0.0,263.76695499153004,26.376695499153005
right_shoulder,93,2,0,0,0,0,0,0,0,4,0.0,256.46535252787663,25.646535252787665
left_elbow,91,4,0,0,0,0,0,0,0,4,0.0,273.16772463381983,27.316772463381984
right_elbow,92,3,0,0,0,0,0,0,0,4,0.0,268.2704362856924,26.827043628569243
left_hip,91,4,0,0,0,0,0,0,0,4,0.0,274.3329306588201,27.433293065882008
right_hip,92,3,0,0,0,0,0,0,0,4,0.0,270.3634511649933,27.03634511649933
left_knee,94,1,0,0,0,0,0,0,0,4,0.0,270.3419093805489,27.034190938054888
right_knee,93,2,0,0,0,0,0,0,0,4,0.0,264.48623225553456,26.448623225553455
