Joints,0,1,2,3,4,5,6,7,8,9,Min,Max,Step
left_shoulder,58,3,14,6,6,3,0,0,5,4,0.0,273.58261084766576,27.358261084766575
right_shoulder,59,2,14,10,5,0,0,0,4,5,0.0,268.6366239127269,26.86366239127269
left_elbow,57,7,9,12,5,0,0,1,4,4,0.0,275.3488032920871,27.53488032920871
right_elbow,58,8,17,5,2,0,0,2,2,5,0.0,266.66074780603293,26.666074780603292
left_hip,58,8,12,10,0,2,0,0,5,4,0.0,270.3353183291397,27.03353183291397
right_hip,57,13,12,6,1,1,0,0,4,5,0.0,264.5061742415593,26.45061742415593
left_knee,58,5,9,9,9,0,0,1,4,4,0.0,270.74978797579803,27.074978797579803
right_knee,58,6,13,9,2,2,0,0,4,5,0.0,266.6679793673309,26.666797936733087
