Joints,0,1,2,3,4,5,6,7,8,9,Min,Max,Step
left_shoulder,69,7,4,12,2,0,0,0,2,3,0.0,267.1667018448847,26.71667018448847
right_shoulder,69,6,6,13,0,0,0,0,0,5,0.0,259.22693866914875,25.922693866914877
left_elbow,68,6,12,8,0,0,0,0,3,2,0.0,272.12126195552855,27.212126195552855
right_elbow,69,7,16,2,0,0,0,0,1,4,0.0,259.8713455107204,25.98713455107204
left_hip,67,11,13,3,0,0,0,0,1,4,0.0,268.429159819886,26.842915981988604
right_hip,68,11,12,3,0,0,0,0,1,4,0.0,261.8766986174292,26.187669861742922
left_knee,68,9,7,7,3,0,0,0,2,3,0.0,269.84506109994305,26.984506109994307
right_knee,68,8,10,4,4,0,0,0,2,3,0.0,264.2922065761309,26.429220657613094
