Joints,0,1,2,3,4,5,6,7,8,9,Min,Max,Step
left_shoulder,62,12,10,7,0,5,0,0,0,3,0.0,259.5726775975219,25.957267759752188
right_shoulder,63,6,15,5,5,2,0,0,0,3,0.0,243.7843713485308,24.37843713485308
left_elbow,64,12,10,6,3,1,0,0,1,2,0.0,262.69735683940917,26.269735683940915
right_elbow,64,10,16,6,0,0,0,0,1,2,0.0,260.4298670593925,26.04298670593925
left_hip,64,18,3,8,2,1,0,0,0,3,0.0,258.0669549866289,25.80669549866289
right_hip,64,17,8,7,0,0,0,0,0,3,0.0,244.51846802222667,24.45184680222267
left_knee,64,11,12,6,3,0,0,0,1,2,0.0,258.8751975354197,25.887519753541973
right_knee,64,10,13,8,1,0,0,0,0,3,0.0,245.21654102974847,24.521654102974846
