Joints,0,1,2,3,4,5,6,7,8,9,Min,Max,Step
left_shoulder,66,5,8,2,8,0,1,1,3,5,0.0,280.7805413235763,28.07805413235763
right_shoulder,65,6,8,8,2,0,0,1,4,5,0.0,285.84390210576765,28.584390210576764
left_elbow,66,7,8,2,6,0,1,1,3,5,0.0,275.4246778636226,27.54246778636226
right_elbow,64,9,9,5,2,0,0,1,2,7,0.0,272.24064496767977,27.224064496767976
left_hip,65,10,7,7,0,0,0,2,2,6,0.0,273.2510599071195,27.32510599071195
right_hip,64,12,10,3,0,0,0,1,3,6,0.0,272.5029380005033,27.250293800050333
left_knee,67,7,6,8,1,0,1,1,2,6,0.0,270.8162250116288,27.081622501162876
right_knee,64,7,14,4,0,0,1,0,3,6,0.0,271.3177688340786,27.13177688340786
