Joints,0,1,2,3,4,5,6,7,8,9,Min,Max,Step
left_shoulder,51,131,75,20,9,6,4,2,1,1,0.0,156.20362508872205,15.620362508872205
right_shoulder,73,155,41,10,7,4,4,2,1,3,0.0,177.64734448567336,17.764734448567335
left_elbow,96,38,28,24,17,17,23,17,21,19,0.0,178.5531378557586,17.85531378557586
right_elbow,42,119,67,17,3,4,8,7,12,21,0.1455943645791734,178.24909180835763,17.810349744377845
left_hip,34,16,10,26,36,26,36,23,22,71,0.0,180.0,18.0
right_hip,36,35,45,20,11,12,11,16,23,91,0.0,180.0,18.0
left_knee,97,38,36,44,15,19,14,6,21,10,0.0,180.0,18.0
right_knee,114,41,20,27,26,23,11,10,10,18,0.0,180.0,18.0
