Joints,0,1,2,3,4,5,6,7,8,9,Min,Max,Step
left_shoulder,79,164,46,9,0,0,1,0,0,1,0.023624123752256736,171.48501330642398,17.146138918267173
right_shoulder,6,74,112,74,25,4,1,1,0,3,4.536678032151587,62.53859645008874,5.800191841793716
left_elbow,74,18,7,7,54,96,23,8,9,4,0.0,178.47698349120498,17.8476983491205
right_elbow,2,3,6,12,29,66,80,77,23,2,0.7961361985618168,55.987996159470796,5.519185996090898
left_hip,10,0,4,13,30,34,23,9,31,146,0.0,180.0,18.0
right_hip,38,11,57,74,11,5,1,4,2,97,0.0,180.0,18.0
left_knee,80,36,36,40,15,19,3,18,34,19,0.0,180.0,18.0
right_knee,92,34,16,22,24,45,17,6,2,42,0.0,180.0,18.0
