Joints,0,1,2,3,4,5,6,7,8,9,Min,Max,Step
left_shoulder,90,118,54,22,7,3,0,4,0,2,0.0,176.2966221547689,17.62966221547689
right_shoulder,102,147,28,10,1,6,1,1,0,4,0.0,180.0,18.0
left_elbow,84,46,25,18,24,22,21,15,22,23,0.0,178.33050201343414,17.833050201343415
right_elbow,25,125,107,14,2,4,5,3,4,11,0.3141060579627565,174.56910345128583,17.425499739332306
left_hip,23,12,9,31,43,36,28,39,24,55,0.0,180.0,18.0
right_hip,30,31,54,42,13,19,20,11,24,56,0.0,180.0,18.0
left_knee,83,56,55,29,29,17,8,4,6,13,0.0,180.0,18.0
right_knee,80,48,25,21,35,40,14,10,11,16,0.0,180.0,18.0
