Joints,0,1,2,3,4,5,6,7,8,9,Min,Max,Step
left_shoulder,75,139,59,14,3,4,0,2,1,3,0.0,179.7788425877319,17.97788425877319
right_shoulder,120,133,24,9,6,3,0,1,3,1,0.0,178.11002297456054,17.811002297456053
left_elbow,96,47,22,20,29,21,21,15,17,12,0.0,180.0,18.0
right_elbow,25,104,140,9,3,3,2,2,2,10,1.126402120921763,165.81880321031787,16.46924010893961
left_hip,23,7,8,15,38,41,27,27,23,91,0.0,180.0,18.0
right_hip,35,14,53,71,9,9,14,11,24,60,0.0,180.0,18.0
left_knee,84,56,48,35,12,13,13,8,16,15,0.0,180.0,18.0
right_knee,92,41,37,28,24,26,18,11,5,18,0.0,180.0,18.0
