Joints,0,1,2,3,4,5,6,7,8,9,Min,Max,Step
left_shoulder,92,137,50,10,2,2,0,2,2,3,0.0,180.0,18.0
right_shoulder,115,153,21,7,0,1,0,2,0,1,0.0,171.2430807124889,17.12430807124889
left_elbow,103,29,15,16,37,43,19,15,9,14,0.0,179.47287081998073,17.947287081998073
right_elbow,16,123,147,8,1,1,0,2,0,2,1.8408373445549453,169.15804570761443,16.731720836305946
left_hip,17,9,9,20,29,30,31,19,25,111,0.0,180.0,18.0
right_hip,40,14,60,61,13,9,8,10,11,74,0.0,180.0,18.0
left_knee,84,57,40,22,19,21,9,14,21,13,0.0,180.0,18.0
right_knee,79,42,33,32,31,29,12,7,8,27,0.0,180.0,18.0
