Joints,0,1,2,3,4,5,6,7,8,9,Min,Max,Step
left_shoulder,78,151,49,13,2,0,1,1,1,4,0.0,176.00207808155,17.600207808154998
right_shoulder,34,155,85,18,3,2,1,0,0,2,1.5637610015148595,112.32170747406288,11.075794647254801
left_elbow,91,26,11,7,37,73,28,10,5,12,0.0,176.82565300859778,17.68256530085978
right_elbow,13,80,192,10,2,1,0,1,0,1,0.2677124116958461,157.71603844275626,15.74483260310604
left_hip,19,8,4,9,30,36,29,15,29,121,0.0,180.0,18.0
right_hip,32,25,46,86,12,8,11,8,4,68,0.0,180.0,18.0
left_knee,77,47,34,36,19,19,9,16,22,21,0.0,180.0,18.0
right_knee,79,21,31,36,25,31,26,8,10,33,0.0,180.0,18.0
