Joints,0,1,2,3,4,5,6,7,8,9,Min,Max,Step
left_shoulder,84,160,30,13,7,2,0,1,2,1,0.0,177.6490021789806,17.76490021789806
right_shoulder,50,194,48,5,1,1,0,0,0,1,0.7255380018374307,130.09463162537395,12.936909362353651
left_elbow,85,27,11,9,44,68,31,8,8,9,0.0,177.97574870226012,17.79757487022601
right_elbow,11,87,190,9,0,1,0,1,0,1,1.117819796177539,157.30882609238378,15.619100629620622
left_hip,14,9,8,10,38,45,20,16,10,130,0.0,180.0,18.0
right_hip,37,16,60,65,7,10,8,13,3,81,0.0,180.0,18.0
left_knee,78,59,43,33,16,16,4,19,17,15,0.0,180.0,18.0
right_knee,83,32,29,29,28,23,22,9,9,36,0.0,180.0,18.0
