Joints,0,1,2,3,4,5,6,7,8,9,Min,Max,Step
left_shoulder,250,41,4,0,0,0,0,0,2,2,0.33249736248456796,148.48691172583574,14.815441436335117
right_shoulder,293,2,0,0,0,0,0,0,2,2,0.016154568690763274,108.3712229660873,10.835506839739654
left_elbow,173,67,26,4,5,4,11,7,0,2,0.4086885463564403,144.15691247948527,14.374822393312883
right_elbow,89,99,64,22,14,5,2,0,2,2,0.12186421567668547,20.99798688819218,2.08761226725155
left_hip,272,19,0,2,1,3,0,0,0,2,0.2599045894465869,177.6278903693885,17.73679857799419
right_hip,193,82,19,1,0,0,1,1,0,2,0.5265841508006093,83.26157315271068,8.273498900191006
left_knee,75,56,44,51,29,17,17,4,4,2,0.3364832712032024,170.85265128894733,17.05161680177441
right_knee,107,38,30,53,40,16,5,4,2,4,0.5721646380909464,221.0170887036719,22.044492406558096
