Joints,0,1,2,3,4,5,6,7,8,9,Min,Max,Step
left_shoulder,212,64,7,5,3,0,0,0,1,7,0.0,170.74989579288783,17.074989579288783
right_shoulder,284,1,1,5,2,1,3,0,0,2,0.0,201.06092292833856,20.106092292833857
left_elbow,112,78,41,18,5,7,15,18,2,3,0.0,147.08758080256044,14.708758080256043
right_elbow,276,7,6,1,5,0,0,0,3,1,0.0,123.6301902172188,12.363019021721879
left_hip,217,50,10,15,0,1,0,3,2,1,0.0,172.53505524538318,17.25350552453832
right_hip,246,34,6,8,3,0,0,0,1,1,0.0,197.1043373421889,19.71043373421889
left_knee,52,43,44,69,42,23,11,5,3,7,0.0,168.71946461216342,16.871946461216343
right_knee,77,67,68,57,9,13,4,1,1,2,0.0,274.9085136028749,27.49085136028749
