Joints,0,1,2,3,4,5,6,7,8,9,Min,Max,Step
left_shoulder,1,3,3,4,4,47,2,3,3,4,-119.12258525251093,100.56843814805544,21.969102340056637
right_shoulder,1,2,2,5,3,49,5,2,4,1,-140.27555875024507,120.74438867549827,26.101994742574334
left_elbow,1,1,5,8,52,4,1,0,0,2,-121.83620464330902,153.68564897036202,27.55218536136711
right_elbow,2,5,1,7,42,10,3,2,0,2,-145.27628921984262,169.90765552784106,31.51839447476837
left_hip,3,1,6,54,7,1,1,0,0,1,-52.53120539657111,117.61800223933413,17.014920763590524
right_hip,1,2,1,0,4,55,4,2,1,4,-155.86645744401375,119.37586156843493,27.52423190124486
left_knee,1,1,5,11,46,5,3,0,1,1,-23.29754620141239,32.22991874067591,5.552746494208829
right_knee,5,0,1,2,47,10,2,1,1,5,-151.18143846734748,160.2425729268866,31.142401139423413
