Joints,0,1,2,3,4,5,6,7,8,9,Min,Max,Step
left_shoulder,1,1,1,5,3,46,5,7,2,3,-116.90431954024963,81.15513057596688,19.80594501162166
right_shoulder,1,0,5,4,5,46,5,5,2,1,-155.9414111642436,142.6204421133897,29.856185327763328
left_elbow,1,2,0,2,11,51,3,2,0,2,-144.8867425442007,137.13950236007878,28.20262449042795
right_elbow,3,3,2,2,45,7,4,1,6,1,-158.5857359462286,164.78519765076123,32.33709335969898
left_hip,2,0,1,7,2,54,6,1,0,1,-73.80847174465299,71.25787906825389,14.506635081290689
right_hip,3,1,3,5,56,3,0,0,2,1,-111.70485039838807,141.18640635694442,25.289125675533242
left_knee,1,0,0,2,14,54,2,0,0,1,-52.76673619960907,51.73860352021636,10.450533971982544
right_knee,3,1,1,2,4,52,3,2,3,3,-156.0596515463964,145.54310431554475,30.160275586194118
