Joints,0,1,2,3,4,5,6,7,8,9,Min,Max,Step
left_shoulder,4,1,2,4,46,8,3,2,1,3,-106.23268493248877,114.11995446820984,22.035263940069868
right_shoulder,3,1,1,5,6,44,8,3,0,3,-113.0645603036198,105.22671376471872,21.829127406833848
left_elbow,2,2,3,5,53,5,1,1,0,2,-97.62813311255779,126.46388969372877,22.409202280628662
right_elbow,4,0,0,3,50,7,6,0,1,3,-117.19784193833122,117.57977568222614,23.477761762055735
left_hip,1,1,0,1,9,57,2,0,0,3,-160.71855700282268,148.66729675169398,30.93858537545168
right_hip,2,2,1,3,6,51,3,2,1,3,-119.05201708536295,108.91085840401186,22.796287548937485
left_knee,1,0,0,3,3,6,54,4,2,1,-51.188013098790954,32.5275260092954,8.371553910808636
right_knee,4,2,1,1,9,49,1,0,3,4,-152.0604500899789,147.9671002815728,30.00275503715517
