Joints,0,1,2,3,4,5,6,7,8,9,Min,Max,Step
left_shoulder,1,0,3,4,46,13,5,0,1,1,-109.09727112807155,110.58896723660528,21.968623836467685
right_shoulder,4,1,3,5,46,5,5,2,2,1,-95.77358546954015,109.41971112988601,20.519329659942613
left_elbow,2,1,3,10,46,7,3,1,0,1,-60.14815193478155,76.19208180716744,13.634023374194896
right_elbow,2,0,3,2,9,46,8,1,1,2,-150.36636372443087,133.4821182450778,28.38484819695087
left_hip,2,0,2,3,11,51,1,0,0,4,-132.87978884566178,131.71480080054366,26.459458964620552
right_hip,3,4,1,3,53,4,0,3,2,1,-140.37060199668022,162.5219573483787,30.28925593450589
left_knee,1,0,0,2,63,6,1,0,0,1,-145.42378385577533,152.85946931771352,29.828325317348884
right_knee,5,3,0,3,47,6,1,1,3,5,-155.02597955499076,160.3259554614031,31.535193501639384
