Joints,0,1,2,3,4,5,6,7,8,9,Min,Max,Step
left_shoulder,1,0,0,1,3,4,54,4,3,4,-150.3964048996521,75.68145097537506,22.60778558750272
right_shoulder,3,4,2,4,7,42,3,1,3,5,-104.2810760418485,97.16691471315062,20.144799075499904
left_elbow,1,1,3,4,56,5,2,1,0,1,-127.9614511708658,145.88258851760534,27.38440396884711
right_elbow,2,2,1,1,53,8,3,1,2,1,-125.31702387543451,129.32757734707693,25.46446012225114
left_hip,3,2,1,3,3,51,4,5,1,1,-45.025958736478586,41.76752473734851,8.679348347382714
right_hip,1,3,0,2,6,48,7,3,2,2,-134.25226320566648,111.88342434977423,24.613568755544065
left_knee,2,0,2,5,47,9,8,0,0,1,-17.0482346130658,17.152928541096998,3.42011631541628
right_knee,5,0,2,2,47,12,0,1,2,3,-143.78361882084144,154.29845606167564,29.80820748825171
