Joints,0,1,2,3,4,5,6,7,8,9,Min,Max,Step
left_shoulder,2,9,20,13,21,4,0,1,1,3,0.0,172.73345577162942,17.273345577162942
right_shoulder,9,1,18,5,12,18,6,2,0,3,0.0,173.9730587689614,17.39730587689614
left_elbow,5,12,0,0,0,6,6,10,11,24,0.0,165.98633290453742,16.59863329045374
right_elbow,3,1,2,6,5,2,1,20,20,14,0.0,178.26068113476865,17.826068113476865
left_hip,7,1,0,0,0,14,9,15,10,18,0.0,177.01816429987542,17.70181642998754
right_hip,19,29,3,1,12,0,5,4,0,1,0.0,162.08316302544054,16.208316302544056
left_knee,2,0,0,0,0,0,0,2,9,61,0.0,179.93736820248768,17.993736820248767
right_knee,6,8,0,2,0,0,0,15,1,42,0.0,173.62654079014192,17.36265407901419
