Joints,0,1,2,3,4,5,6,7,8,9,Min,Max,Step
left_shoulder,2,5,21,5,21,5,9,2,0,4,0.0,169.59230731800733,16.959230731800734
right_shoulder,13,0,16,3,7,11,13,0,4,7,0.0,168.1670179330599,16.816701793305988
left_elbow,15,0,0,1,0,10,2,14,10,22,0.0,167.11629798098554,16.711629798098553
right_elbow,4,2,1,1,6,13,4,5,21,17,0.0,177.27397374106906,17.727397374106907
left_hip,14,0,0,0,0,0,3,19,19,19,0.0,177.28359328739316,17.728359328739316
right_hip,24,22,18,0,0,1,3,1,2,3,0.0,170.13041733670985,17.013041733670985
left_knee,2,1,0,8,0,0,0,0,7,56,0.0,179.8104523452182,17.981045234521822
right_knee,7,13,0,0,1,0,0,5,13,35,0.0,178.4606705207733,17.84606705207733
