Joints,0,1,2,3,4,5,6,7,8,9,Min,Max,Step
left_shoulder,63,2,3,1,1,2,0,0,0,1,0.0,143.68994547585243,14.368994547585242
right_shoulder,56,5,2,3,1,0,0,4,1,1,0.0,140.95293601892755,14.095293601892754
left_elbow,60,6,4,2,0,0,0,0,0,1,0.0,191.8904439289416,19.18904439289416
right_elbow,46,7,8,8,1,2,0,0,0,1,0.0,167.27169382777802,16.727169382777802
left_hip,53,4,0,3,1,1,3,2,2,4,0.0,203.7186266742388,20.37186266742388
right_hip,49,4,1,1,2,1,1,1,9,4,0.0,199.47741011483174,19.947741011483174
left_knee,71,1,0,0,0,0,0,0,0,1,0.0,224.78649949735617,22.47864994973562
right_knee,55,2,1,0,8,5,1,0,0,1,0.0,233.61335570845932,23.36133557084593
