Joints,0,1,2,3,4,5,6,7,8,9,Min,Max,Step
left_shoulder,60,1,3,2,2,2,2,0,0,1,0.0,148.89451363969528,14.889451363969528
right_shoulder,44,11,7,1,2,1,2,3,1,1,0.0,128.55216289398984,12.855216289398985
left_elbow,60,8,0,1,3,0,0,0,0,1,0.0,185.6165465441956,18.56165465441956
right_elbow,46,5,4,4,2,7,2,0,1,2,0.0,160.80723958909945,16.080723958909946
left_hip,52,3,0,3,2,2,0,1,2,8,0.0,199.12901088363174,19.912901088363174
right_hip,53,2,3,0,2,2,1,0,1,9,0.0,181.1687094755944,18.11687094755944
left_knee,68,0,2,0,0,1,1,0,0,1,0.0,232.79976066804787,23.279976066804785
right_knee,49,2,2,0,11,6,0,0,0,3,0.0,232.9057697329092,23.290576973290918
