Joints,0,1,2,3,4,5,6,7,8,9,Min,Max,Step
left_shoulder,65,2,1,2,0,1,1,0,0,1,0.0,144.10829002443649,14.410829002443649
right_shoulder,54,10,5,0,1,0,0,0,1,2,0.0,123.11257689525209,12.31125768952521
left_elbow,62,7,3,0,0,0,0,0,0,1,0.0,191.9402309108623,19.19402309108623
right_elbow,49,10,4,6,0,3,0,0,0,1,0.0,150.009041267167,15.0009041267167
left_hip,55,4,0,1,4,3,0,0,3,3,0.0,216.6474118916783,21.66474118916783
right_hip,57,3,1,1,0,0,1,0,2,8,0.0,186.92522096559037,18.69252209655904
left_knee,69,1,2,0,0,0,0,0,0,1,0.0,226.9718070160913,22.69718070160913
right_knee,55,2,0,2,11,1,0,0,1,1,0.0,263.68570625751727,26.368570625751726
