Joints,0,1,2,3,4,5,6,7,8,9,Min,Max,Step
left_shoulder,63,4,1,1,1,2,0,0,0,1,0.0,144.0065013130296,14.400650131302958
right_shoulder,54,8,6,1,1,0,2,0,0,1,0.0,141.98485980459589,14.198485980459589
left_elbow,57,9,3,1,2,0,0,0,0,1,0.0,189.55117011241902,18.955117011241903
right_elbow,44,7,6,4,5,6,0,0,0,1,0.0,150.30425177841758,15.030425177841758
left_hip,57,2,1,2,1,1,0,0,3,6,0.0,209.50392224946253,20.950392224946253
right_hip,56,1,1,0,2,0,0,1,7,5,0.0,207.35368656190133,20.735368656190133
left_knee,65,3,4,0,0,0,0,0,0,1,0.0,226.79834467393158,22.679834467393157
right_knee,48,5,4,1,7,5,0,0,0,3,0.0,231.2737636824073,23.12737636824073
