Joints,0,1,2,3,4,5,6,7,8,9,Min,Max,Step
left_shoulder,1,0,0,1,4,5,74,93,10,2,-45.37917720950951,18.528048821867984,6.390722603137746
right_shoulder,1,0,0,1,1,6,175,4,0,2,-102.03229267614007,53.647824665517184,15.568011734165722
left_elbow,3,5,18,149,11,1,0,1,1,1,-43.12788025549585,82.43158382974472,12.555946408524058
right_elbow,2,5,147,34,1,0,0,0,0,1,-60.60701769840783,154.58549776782894,21.51925154662368
left_hip,1,0,1,1,2,4,56,102,18,5,-34.420528067626016,13.794076402061476,4.82146044696875
right_hip,1,2,4,8,62,90,14,4,3,2,-21.691665404802706,20.83517536803751,4.252684077284023
left_knee,1,0,11,27,135,7,4,3,0,2,-24.872922737019373,31.689266490635053,5.656218922765444
right_knee,2,4,3,10,37,111,14,2,2,5,-23.44582421528652,21.16584685252511,4.461167106781161
