Joints,0,1,2,3,4,5,6,7,8,9,Min,Max,Step
left_shoulder,1,1,0,0,3,52,128,4,0,1,-71.53261942315797,45.355742856106865,11.688836227926487
right_shoulder,1,2,1,0,3,149,30,2,0,2,-76.42654083637693,55.17206825440238,13.159860909077935
left_elbow,4,1,6,95,75,5,1,1,1,1,-49.07248168777475,74.20245701993362,12.327493870770837
right_elbow,3,3,65,115,2,1,0,0,0,1,-64.08110042673452,144.3363984899035,20.841749891663802
left_hip,1,0,0,0,2,3,26,138,18,2,-52.049497147010825,18.552599179230555,7.060209632624137
right_hip,1,0,0,1,4,128,49,6,0,1,-60.84036522240776,43.27354964195239,10.411391486436017
left_knee,1,0,1,16,167,4,0,0,0,1,-80.42365387477167,106.74524759868841,18.716890147346007
right_knee,1,0,8,106,69,5,0,0,0,1,-50.45278770976465,76.94619183548835,12.739897954525304
