Joints,0,1,2,3,4,5,6,7,8,9,Min,Max,Step
left_shoulder,1,0,1,0,0,14,164,8,1,1,-74.84196003970924,41.33789775139857,11.617985779110782
right_shoulder,1,0,1,1,0,2,179,3,0,3,-109.50132816457031,58.66761585800025,16.81689440225705
left_elbow,1,0,5,8,132,35,6,1,0,2,-52.648944505466545,59.14377812648257,11.17927226319491
right_elbow,2,0,13,165,8,0,1,0,0,1,-70.57729962988364,133.62191604769868,20.41992156775823
left_hip,1,0,0,0,1,2,53,125,6,2,-60.03341341233525,24.140019707105807,8.417343311944109
right_hip,1,2,1,0,2,38,107,29,4,6,-31.15386096081557,17.229780491570267,4.838364145238586
left_knee,1,0,3,15,111,50,5,3,0,2,-29.54684996341656,31.16108946544229,6.070793942885885
right_knee,4,3,5,14,85,62,8,3,1,5,-21.017185944447466,21.58761278680328,4.260479873125075
