Joints,0,1,2,3,4,5,6,7,8,9,Min,Max,Step
left_shoulder,1,1,1,0,6,109,67,3,0,2,-74.78272454735496,51.400702433281715,12.618342698063671
right_shoulder,1,1,1,1,3,172,7,2,1,1,-105.7648782905495,82.99922785279644,18.876410614334603
left_elbow,2,0,4,27,142,12,0,2,0,1,-53.5784510844897,70.4456278769113,12.402407896140105
right_elbow,1,1,2,5,167,10,1,1,0,2,-105.0928652866852,124.32950154983286,22.9422366836518
left_hip,1,0,1,4,182,1,0,0,0,1,-118.78737506690094,149.2236186882668,26.801099375516785
right_hip,1,0,0,0,0,3,146,38,1,1,-109.66471036334595,50.66036932866976,16.032507969201575
left_knee,1,0,10,15,132,22,4,3,1,2,-26.836238873073956,30.976485744361682,5.781272461743566
right_knee,4,4,3,24,126,17,5,2,1,4,-21.03736612599262,25.264443673504033,4.630180979949664
