Joints,0,1,2,3,4,5,6,7,8,9,Min,Max,Step
left_shoulder,1,0,1,0,4,54,125,4,0,1,-76.02872341144132,48.18478625407731,12.421350966551863
right_shoulder,1,1,0,1,0,5,171,8,0,3,-100.10110088028236,51.67533476638624,15.177643564666866
left_elbow,3,0,2,11,145,21,5,0,1,2,-53.96524149331058,62.417976055107324,11.63832175484179
right_elbow,3,4,73,106,1,2,0,0,0,1,-58.885060817225416,136.5299683948481,19.541502921207353
left_hip,2,3,2,3,10,46,81,26,11,6,-20.132718875605207,12.288334510021686,3.2421053385626877
right_hip,3,0,2,16,55,90,14,3,3,4,-19.619333866848905,19.170567318886413,3.8789901185735314
left_knee,1,0,11,18,131,19,6,2,1,1,-25.15303649119789,30.422309480264158,5.557534597146205
right_knee,5,3,1,21,98,48,6,3,2,3,-20.120866460099748,21.950777192061935,4.207164365216169
