Joints,0,1,2,3,4,5,6,7,8,9,Min,Max,Step
left_shoulder,1,0,1,1,3,167,14,0,2,1,-111.32464448759691,81.95081036367951,19.327545485127644
right_shoulder,1,0,1,1,3,17,162,3,1,1,-76.39608300888362,43.949157517222005,12.034524052610564
left_elbow,2,2,4,172,8,0,1,0,0,1,-77.75151623940812,142.52689527807178,22.027841151747992
right_elbow,1,1,1,65,119,1,0,1,0,1,-88.60482534013002,128.50768403905218,21.711250937918223
left_hip,1,0,0,0,0,176,12,0,0,1,-119.63415853346386,88.59066879606105,20.822482732952494
right_hip,1,0,0,2,119,67,0,0,0,1,-107.02586091403721,109.46159434317602,21.648745525721324
left_knee,1,0,1,23,162,2,0,0,0,1,-88.08937262277412,123.0727892531818,21.116216187595583
right_knee,1,0,0,23,162,3,0,0,0,1,-102.19344576376535,142.47864660742084,24.46720923711861
