Joints,0,1,2,3,4,5,6,7,8,9,Min,Max,Step
left_shoulder,73,63,8,0,0,1,2,0,3,40,37.48043556920752,166.82805861321563,12.934762304400813
right_shoulder,43,62,36,2,1,0,2,1,3,40,34.35697041293021,171.55016985404754,13.719319944111732
left_elbow,1,0,62,49,6,3,2,0,18,49,5.307422721709013,180.0,17.4692577278291
right_elbow,1,0,25,82,10,4,0,0,16,52,13.482409704611564,179.7604520119028,16.627804230729126
left_hip,89,46,16,8,5,6,4,3,6,7,94.61152537531136,173.66187238352452,7.905034700821318
right_hip,64,51,25,11,10,7,5,3,9,5,89.67510529179661,180.0,9.032489470820337
left_knee,6,1,2,6,4,5,9,26,26,105,62.633834745518506,179.7639448921173,11.713011014659877
right_knee,7,0,5,3,5,6,16,15,17,116,67.24745192931461,179.9597639164741,11.271231198715952
