Joints,0,1,2,3,4,5,6,7,8,9,Min,Max,Step
left_shoulder,58,75,11,1,0,1,1,0,3,40,36.184341931237604,166.10754784181296,12.992320591057535
right_shoulder,44,55,41,4,0,1,1,0,4,40,33.86128496554476,170.64144231465932,13.678015734911455
left_elbow,28,75,13,2,4,1,0,6,20,41,40.00186181768925,179.90225935146594,13.990039753377665
right_elbow,2,17,76,21,2,3,0,0,26,43,31.63525350920673,179.9052334575401,14.826997994833338
left_hip,74,56,23,6,6,3,5,3,3,11,93.32631623587216,173.67895850649586,8.03526422706237
right_hip,75,44,25,8,10,7,4,5,7,5,90.79232894383223,180.0,8.920767105616775
left_knee,6,1,2,5,5,5,10,25,24,107,62.64890070893517,179.9311888001403,11.728228809120509
right_knee,7,0,5,3,5,7,15,14,21,113,67.29794931149179,179.99999460026137,11.27020452887696
