Joints,0,1,2,3,4,5,6,7,8,9,Min,Max,Step
left_shoulder,1,11,93,37,2,0,1,2,3,40,9.392859156196725,166.11236818675363,15.671950903055691
right_shoulder,28,46,67,5,0,0,1,0,3,40,28.746244378859664,171.62132134842184,14.287507696956219
left_elbow,1,0,39,68,8,2,4,0,18,50,1.474079075310406,180.0,17.85259209246896
right_elbow,26,72,16,5,1,0,2,2,28,38,50.28884392546289,180.0,12.971115607453712
left_hip,2,0,0,0,6,133,20,10,4,15,21.678914951048718,170.98777939133538,14.930886444028665
right_hip,1,0,0,4,104,42,11,10,9,9,32.52875724859586,180.0,14.747124275140415
left_knee,1,0,6,2,5,4,9,14,29,120,29.044229990688173,179.93093601212448,15.08867060214363
right_knee,1,0,0,7,5,4,6,19,23,125,13.29368869234225,179.86929311991557,16.657560442757333
