Joints,0,1,2,3,4,5,6,7,8,9,Min,Max,Step
left_shoulder,45,81,18,1,0,1,1,0,3,40,34.38380811226597,166.25746011614387,13.187365200387788
right_shoulder,43,59,42,2,0,0,1,0,3,40,34.276632197804275,170.8191516079209,13.654251941011665
left_elbow,29,75,12,2,4,1,0,6,19,42,40.252653173485506,179.44904218655063,13.919638901306513
right_elbow,1,1,10,92,15,3,1,0,18,49,8.678780910348294,179.90516266309933,17.122638175275103
left_hip,56,71,21,11,4,5,6,2,3,11,93.14851625450217,171.00528858281402,7.7856772328311905
right_hip,1,0,0,17,105,29,14,7,10,7,39.27000796701043,180.0,14.072999203298956
left_knee,7,1,2,6,3,5,9,26,23,108,60.68451098558964,179.99995428522445,11.931544329963486
right_knee,1,0,0,6,4,5,5,20,22,127,3.188183411239809,179.8723812876508,17.6684197876411
