Joints,0,1,2,3,4,5,6,7,8,9,Min,Max,Step
left_shoulder,175,8,1,2,1,0,0,1,0,1,0.0,96.77832681061138,9.677832681061137
right_shoulder,174,6,0,7,1,0,0,0,0,1,0.0,107.08328020817551,10.70832802081755
left_elbow,178,7,0,0,0,1,0,2,0,1,0.0,96.6152367598078,9.66152367598078
right_elbow,180,4,3,0,0,0,1,0,0,1,0.0,107.86535565020166,10.786535565020166
left_hip,153,21,10,0,3,0,0,0,0,2,0.0,34.59619000544113,3.459619000544113
right_hip,141,21,13,6,3,1,1,1,1,1,0.0,22.466345435648552,2.246634543564855
left_knee,108,46,12,8,5,2,4,2,0,2,0.0,13.187728320430296,1.3187728320430296
right_knee,132,35,14,4,2,1,0,0,0,1,0.0,19.845880816656702,1.9845880816656702
