Joints,0,1,2,3,4,5,6,7,8,9,Min,Max,Step
left_shoulder,171,8,1,5,2,0,1,0,0,1,0.0,97.74422612149944,9.774422612149944
right_shoulder,175,5,4,3,0,1,0,0,0,1,0.0,125.22840525991968,12.522840525991969
left_elbow,179,8,0,0,0,1,0,0,0,1,0.0,96.49556691316583,9.649556691316583
right_elbow,179,7,1,0,0,0,0,1,0,1,0.0,94.94291397078449,9.494291397078449
left_hip,148,28,8,0,2,1,0,0,0,2,0.0,34.538819770782084,3.4538819770782085
right_hip,138,24,12,7,3,1,1,1,1,1,0.0,22.32539579708136,2.2325395797081358
left_knee,106,45,15,9,4,5,0,2,2,1,0.0,13.137237153659436,1.3137237153659436
right_knee,131,34,16,3,4,0,0,0,0,1,0.0,19.75622176788109,1.975622176788109
