Joints,0,1,2,3,4,5,6,7,8,9,Min,Max,Step
left_shoulder,178,7,2,0,0,0,0,1,0,1,0.0,121.75361418362844,12.175361418362844
right_shoulder,179,2,6,0,0,0,0,1,0,1,0.0,143.0073567569984,14.30073567569984
left_elbow,179,5,1,0,0,0,2,0,1,1,0.0,110.46778706211336,11.046778706211336
right_elbow,185,1,0,1,0,0,1,0,0,1,0.0,173.18313327408055,17.318313327408056
left_hip,181,5,1,0,0,0,0,0,0,2,0.0,94.28559362549454,9.428559362549453
right_hip,184,3,0,0,0,0,0,1,0,1,0.0,145.34089106601184,14.534089106601183
left_knee,187,0,0,0,0,0,0,0,0,2,0.0,151.17372825865417,15.117372825865417
right_knee,187,0,0,0,0,0,0,0,0,2,0.0,157.06469705077882,15.706469705077883
