Joints,0,1,2,3,4,5,6,7,8,9,Min,Max,Step
left_shoulder,173,9,1,4,0,0,1,0,0,1,0.0,105.89130188064593,10.589130188064592
right_shoulder,177,3,4,3,1,0,0,0,0,1,0.0,122.30743158846673,12.230743158846673
left_elbow,176,9,0,0,0,1,0,2,0,1,0.0,96.78239974919796,9.678239974919796
right_elbow,178,6,0,2,0,0,1,0,0,2,0.0,106.08098015818445,10.608098015818445
left_hip,152,21,10,0,3,1,0,1,0,1,0.0,34.47856079918735,3.447856079918735
right_hip,149,20,12,3,0,1,1,2,0,1,0.0,30.14768342952489,3.0147683429524887
left_knee,116,40,13,10,1,3,2,3,0,1,0.0,14.600074765911536,1.4600074765911537
right_knee,132,38,12,2,2,1,1,0,0,1,0.0,19.29349930242013,1.929349930242013
