Joints,0,1,2,3,4,5,6,7,8,9,Min,Max,Step
left_shoulder,164,14,4,1,0,2,3,0,0,1,0.0,62.20197827263876,6.220197827263876
right_shoulder,161,14,6,2,0,0,4,1,0,1,0.0,49.62704787814522,4.962704787814522
left_elbow,177,7,0,0,0,0,2,1,0,2,0.0,106.10820590107836,10.610820590107837
right_elbow,180,5,0,0,0,0,2,1,0,1,0.0,101.4442771828819,10.14442771828819
left_hip,152,21,9,2,1,2,0,1,0,1,0.0,33.490046661202356,3.3490046661202357
right_hip,147,25,9,3,1,1,2,0,0,1,0.0,32.70924657383918,3.270924657383918
left_knee,119,40,10,5,6,4,2,2,0,1,0.0,13.792168829272653,1.3792168829272653
right_knee,184,3,0,0,0,0,0,0,1,1,0.0,74.9607831601097,7.49607831601097
