Joints,0,1,2,3,4,5,6,7,8,9,Min,Max,Step
left_shoulder,180,2,3,2,0,1,0,0,0,1,0.0,129.048732912506,12.9048732912506
right_shoulder,175,6,1,5,0,0,0,0,0,2,0.0,104.50029581056368,10.450029581056368
left_elbow,184,1,0,0,2,0,0,0,0,2,0.0,177.4121985009986,17.74121985009986
right_elbow,179,5,1,0,0,0,1,1,0,2,0.0,98.56871893737907,9.856871893737907
left_hip,184,3,0,0,0,0,0,0,1,1,0.0,112.53847335319901,11.2538473353199
right_hip,180,6,1,0,0,0,1,0,0,1,0.0,89.75143200007686,8.975143200007686
left_knee,187,0,0,0,0,0,0,0,0,2,0.0,195.3954645843742,19.53954645843742
right_knee,187,0,0,0,0,0,0,0,1,1,0.0,115.59606561938291,11.559606561938292
