Joints,0,1,2,3,4,5,6,7,8,9,Min,Max,Step
left_shoulder,173,10,1,1,2,0,1,0,0,1,0.0,96.43454061703272,9.643454061703272
right_shoulder,178,4,2,3,0,1,0,0,0,1,0.0,123.94073338785351,12.39407333878535
left_elbow,176,8,1,0,0,1,0,2,0,1,0.0,95.38064358736906,9.538064358736907
right_elbow,180,6,1,0,0,0,0,1,0,1,0.0,100.61762472283648,10.061762472283649
left_hip,155,20,9,0,2,1,0,0,0,2,0.0,33.859014565147554,3.3859014565147554
right_hip,135,29,12,6,2,1,1,1,1,1,0.0,22.775940306085516,2.277594030608552
left_knee,112,36,15,11,5,4,2,0,3,1,0.0,13.038954715795038,1.3038954715795037
right_knee,132,37,12,3,2,2,0,0,0,1,0.0,18.99898523939378,1.899898523939378
